datetime,location,actual_aqi,predicted_aqi_rf,predicted_aqi_xgb,error_rf,error_xgb,aqi_category,predicted_category_rf,predicted_category_xgb,color
2025-04-01 00:30:00,"R K Puram, Delhi - DPCC",305.0,305.2986464646464,305.24777,0.2986464646464242,0.247772216796875,Severe,Severe,Severe,#8F3F97
2025-04-01 01:30:00,"R K Puram, Delhi - DPCC",332.0,332.33279761904765,331.96994,0.3327976190476533,0.030059814453125,Severe,Severe,Severe,#8F3F97
2025-04-01 02:30:00,"R K Puram, Delhi - DPCC",329.0,330.3912936507936,328.48944,1.3912936507936138,0.51055908203125,Severe,Severe,Severe,#8F3F97
2025-04-01 03:30:00,"R K Puram, Delhi - DPCC",303.0,305.36462698412697,303.03513,2.364626984126972,0.035125732421875,Severe,Severe,Severe,#8F3F97
2025-04-01 04:30:00,"R K Puram, Delhi - DPCC",273.0,276.38345959595966,273.9105,3.383459595959664,0.910491943359375,Very Poor,Very Poor,Very Poor,#FF0000
2025-04-01 05:30:00,"R K Puram, Delhi - DPCC",209.0,208.93250793650788,208.90828,0.067492063492125,0.0917205810546875,Very Poor,Very Poor,Very Poor,#FF0000
2025-04-01 06:30:00,"R K Puram, Delhi - DPCC",185.0,184.17805555555557,184.97432,0.8219444444444548,0.0256805419921875,Poor,Poor,Poor,#FF7E00
2025-04-01 07:30:00,"R K Puram, Delhi - DPCC",124.0,129.4729935064935,124.57382,5.472993506493509,0.573822021484375,Poor,Poor,Poor,#FF7E00
2025-04-01 08:30:00,"R K Puram, Delhi - DPCC",121.0,120.17203571428568,120.80619,0.8279642857143301,0.1938095092773437,Poor,Poor,Poor,#FF7E00
2025-04-01 09:30:00,"R K Puram, Delhi - DPCC",113.0,112.9421587301587,112.47414,0.0578412698413046,0.5258636474609375,Poor,Poor,Poor,#FF7E00
2025-04-01 10:30:00,"R K Puram, Delhi - DPCC",110.0,109.91835714285716,110.07104,0.0816428571428531,0.0710372924804687,Poor,Poor,Poor,#FF7E00
2025-04-01 11:30:00,"R K Puram, Delhi - DPCC",129.0,129.0677142857143,129.2506,0.0677142857142882,0.2505950927734375,Poor,Poor,Poor,#FF7E00
2025-04-01 12:30:00,"R K Puram, Delhi - DPCC",129.0,129.6342142857143,129.37387,0.6342142857143074,0.373870849609375,Poor,Poor,Poor,#FF7E00
2025-04-01 13:30:00,"R K Puram, Delhi - DPCC",150.0,159.32732936507938,149.50438,9.32732936507938,0.4956207275390625,Poor,Poor,Poor,#FF7E00
2025-04-01 14:30:00,"R K Puram, Delhi - DPCC",193.0,192.653130952381,192.98868,0.346869047619009,0.011322021484375,Poor,Poor,Poor,#FF7E00
2025-04-01 15:30:00,"R K Puram, Delhi - DPCC",302.0,299.73081565656577,301.4148,2.269184343434233,0.585205078125,Severe,Very Poor,Severe,#8F3F97
2025-04-01 16:30:00,"R K Puram, Delhi - DPCC",342.0,340.5325714285715,342.07907,1.4674285714285134,0.079071044921875,Severe,Severe,Severe,#8F3F97
2025-04-01 17:30:00,"R K Puram, Delhi - DPCC",327.0,328.19775216450216,327.4111,1.1977521645021625,0.411102294921875,Severe,Severe,Severe,#8F3F97
2025-04-01 18:30:00,"R K Puram, Delhi - DPCC",309.0,310.1860357142857,309.1068,1.1860357142857083,0.1068115234375,Severe,Severe,Severe,#8F3F97
2025-04-01 19:30:00,"R K Puram, Delhi - DPCC",310.0,310.7101309523809,310.10052,0.7101309523809505,0.10052490234375,Severe,Severe,Severe,#8F3F97
2025-04-01 20:30:00,"R K Puram, Delhi - DPCC",313.0,312.6152857142857,312.96216,0.384714285714324,0.037841796875,Severe,Severe,Severe,#8F3F97
2025-04-01 21:30:00,"R K Puram, Delhi - DPCC",306.0,305.9872222222222,306.0102,0.0127777777777851,0.01019287109375,Severe,Severe,Severe,#8F3F97
2025-04-01 22:30:00,"R K Puram, Delhi - DPCC",297.0,296.33301839826834,297.2058,0.6669816017316634,0.205810546875,Very Poor,Very Poor,Very Poor,#FF0000
2025-04-01 23:30:00,"R K Puram, Delhi - DPCC",316.0,316.22960317460314,315.40488,0.2296031746031417,0.595123291015625,Severe,Severe,Severe,#8F3F97
2025-04-02 00:30:00,"R K Puram, Delhi - DPCC",340.0,338.2619166666667,340.0509,1.738083333333293,0.0509033203125,Severe,Severe,Severe,#8F3F97
2025-04-02 01:30:00,"R K Puram, Delhi - DPCC",453.0,449.45121103896105,452.9376,3.548788961038952,0.062408447265625,Severe,Severe,Severe,#8F3F97
2025-04-02 02:30:00,"R K Puram, Delhi - DPCC",460.0,444.607369047619,459.96756,15.392630952381012,0.032440185546875,Severe,Severe,Severe,#8F3F97
2025-04-02 03:30:00,"R K Puram, Delhi - DPCC",349.0,349.5078134920635,348.87357,0.5078134920635193,0.126434326171875,Severe,Severe,Severe,#8F3F97
2025-04-02 04:30:00,"R K Puram, Delhi - DPCC",218.0,223.60749603174608,218.31284,5.607496031746081,0.312835693359375,Very Poor,Very Poor,Very Poor,#FF0000
2025-04-02 05:30:00,"R K Puram, Delhi - DPCC",221.0,221.5623849206349,221.51556,0.5623849206349405,0.51556396484375,Very Poor,Very Poor,Very Poor,#FF0000
2025-04-02 06:30:00,"R K Puram, Delhi - DPCC",187.0,186.1336388888889,186.97075,0.8663611111111038,0.0292510986328125,Poor,Poor,Poor,#FF7E00
2025-04-02 07:30:00,"R K Puram, Delhi - DPCC",157.0,156.10570238095238,156.68367,0.8942976190476202,0.3163299560546875,Poor,Poor,Poor,#FF7E00
2025-04-02 08:30:00,"R K Puram, Delhi - DPCC",110.0,110.08914105339105,109.78689,0.0891410533910459,0.2131118774414062,Poor,Poor,Poor,#FF7E00
2025-04-02 09:30:00,"R K Puram, Delhi - DPCC",110.0,109.95532142857142,110.62876,0.0446785714285766,0.6287612915039062,Poor,Poor,Poor,#FF7E00
2025-04-02 10:30:00,"R K Puram, Delhi - DPCC",102.0,102.13154365079365,101.73685,0.1315436507936453,0.263153076171875,Poor,Poor,Poor,#FF7E00
2025-04-02 11:30:00,"R K Puram, Delhi - DPCC",114.0,113.2969880952381,113.300545,0.7030119047618939,0.6994552612304688,Poor,Poor,Poor,#FF7E00
2025-04-02 12:30:00,"R K Puram, Delhi - DPCC",138.0,137.40359884559885,137.72661,0.5964011544011498,0.2733917236328125,Poor,Poor,Poor,#FF7E00
2025-04-02 13:30:00,"R K Puram, Delhi - DPCC",226.0,224.11391269841272,225.99875,1.8860873015872808,0.001251220703125,Very Poor,Very Poor,Very Poor,#FF0000
2025-04-02 14:30:00,"R K Puram, Delhi - DPCC",460.0,430.9968542568542,459.89606,29.003145743145808,0.10394287109375,Severe,Severe,Severe,#8F3F97
2025-04-02 15:30:00,"R K Puram, Delhi - DPCC",468.0,439.1128492063492,467.9087,28.88715079365079,0.09130859375,Severe,Severe,Severe,#8F3F97
2025-04-02 16:30:00,"R K Puram, Delhi - DPCC",310.0,329.7899325396826,310.09125,19.78993253968258,0.09124755859375,Severe,Severe,Severe,#8F3F97
2025-04-02 17:30:00,"R K Puram, Delhi - DPCC",308.0,329.1490476190476,307.9566,21.14904761904762,0.04339599609375,Severe,Severe,Severe,#8F3F97
2025-04-02 18:30:00,"R K Puram, Delhi - DPCC",303.0,302.5871507936508,303.0321,0.4128492063492217,0.0321044921875,Severe,Severe,Severe,#8F3F97
2025-04-02 19:30:00,"R K Puram, Delhi - DPCC",249.0,246.1666731601732,247.99507,2.8333268398268388,1.0049285888671875,Very Poor,Very Poor,Very Poor,#FF0000
2025-04-02 20:30:00,"R K Puram, Delhi - DPCC",181.0,182.5923329725829,182.15526,1.5923329725829092,1.1552581787109375,Poor,Poor,Poor,#FF7E00
2025-04-02 21:30:00,"R K Puram, Delhi - DPCC",200.0,199.11116991342,199.68779,0.8888300865800147,0.3122100830078125,Poor,Poor,Poor,#FF7E00
2025-04-02 22:30:00,"R K Puram, Delhi - DPCC",228.0,228.74427380952375,227.48805,0.7442738095237758,0.5119476318359375,Very Poor,Very Poor,Very Poor,#FF0000
2025-04-02 23:30:00,"R K Puram, Delhi - DPCC",235.0,233.514369047619,234.9191,1.4856309523810012,0.080902099609375,Very Poor,Very Poor,Very Poor,#FF0000
2025-04-03 00:30:00,"R K Puram, Delhi - DPCC",209.0,209.69836568986568,209.24332,0.6983656898656818,0.243316650390625,Very Poor,Very Poor,Very Poor,#FF0000
2025-04-03 01:30:00,"R K Puram, Delhi - DPCC",311.0,311.6838134920634,311.21143,0.6838134920633934,0.21142578125,Severe,Severe,Severe,#8F3F97
2025-04-03 02:30:00,"R K Puram, Delhi - DPCC",316.0,316.57832539682545,316.33337,0.5783253968254485,0.3333740234375,Severe,Severe,Severe,#8F3F97
2025-04-03 03:30:00,"R K Puram, Delhi - DPCC",304.0,304.904075036075,303.98996,0.904075036075028,0.010040283203125,Severe,Severe,Severe,#8F3F97
2025-04-03 04:30:00,"R K Puram, Delhi - DPCC",230.0,230.1041071428572,230.21825,0.104107142857174,0.2182464599609375,Very Poor,Very Poor,Very Poor,#FF0000
2025-04-03 05:30:00,"R K Puram, Delhi - DPCC",140.0,140.93895274170276,140.23332,0.9389527417027635,0.2333221435546875,Poor,Poor,Poor,#FF7E00
2025-04-03 06:30:00,"R K Puram, Delhi - DPCC",115.0,116.10494264069264,114.52293,1.1049426406926417,0.4770736694335937,Poor,Poor,Poor,#FF7E00
2025-04-03 07:30:00,"R K Puram, Delhi - DPCC",118.0,118.0405714285714,117.308655,0.0405714285713969,0.69134521484375,Poor,Poor,Poor,#FF7E00
2025-04-03 08:30:00,"R K Puram, Delhi - DPCC",87.0,86.93480591630592,86.983986,0.0651940836940809,0.0160140991210937,Moderate,Moderate,Moderate,#FFFF00
2025-04-03 09:30:00,"R K Puram, Delhi - DPCC",65.0,67.46178174603176,65.42238,2.461781746031761,0.4223785400390625,Moderate,Moderate,Moderate,#FFFF00
2025-04-03 10:30:00,"R K Puram, Delhi - DPCC",62.0,63.09022546897549,61.976585,1.0902254689754898,0.0234146118164062,Moderate,Moderate,Moderate,#FFFF00
2025-04-03 11:30:00,"R K Puram, Delhi - DPCC",91.0,88.5186893939394,90.8721,2.481310606060603,0.127899169921875,Moderate,Moderate,Moderate,#FFFF00
2025-04-03 12:30:00,"R K Puram, Delhi - DPCC",135.0,131.81231926406932,134.6805,3.187680735930684,0.3195037841796875,Poor,Poor,Poor,#FF7E00
2025-04-03 13:30:00,"R K Puram, Delhi - DPCC",234.0,241.81617338217336,233.96153,7.81617338217336,0.0384674072265625,Very Poor,Very Poor,Very Poor,#FF0000
2025-04-03 14:30:00,"R K Puram, Delhi - DPCC",349.0,358.49000396825403,348.8908,9.49000396825403,0.10919189453125,Severe,Severe,Severe,#8F3F97
2025-04-03 15:30:00,"R K Puram, Delhi - DPCC",315.0,322.3656904761905,314.38327,7.36569047619048,0.616729736328125,Severe,Severe,Severe,#8F3F97
2025-04-03 16:30:00,"R K Puram, Delhi - DPCC",238.0,241.74020634920632,238.20581,3.740206349206318,0.205810546875,Very Poor,Very Poor,Very Poor,#FF0000
2025-04-03 17:30:00,"R K Puram, Delhi - DPCC",227.0,228.0280476190477,226.94653,1.0280476190476977,0.053466796875,Very Poor,Very Poor,Very Poor,#FF0000
2025-04-03 18:30:00,"R K Puram, Delhi - DPCC",303.0,312.7501785714286,302.77573,9.750178571428592,0.224273681640625,Severe,Severe,Severe,#8F3F97
2025-04-03 19:30:00,"R K Puram, Delhi - DPCC",273.0,272.86834920634925,273.08545,0.1316507936507491,0.08544921875,Very Poor,Very Poor,Very Poor,#FF0000
2025-04-03 20:30:00,"R K Puram, Delhi - DPCC",500.0,500.0,500.02002,0.0,0.02001953125,Severe,Severe,Severe,#8F3F97
2025-04-03 21:30:00,"R K Puram, Delhi - DPCC",500.0,500.0,499.94885,0.0,0.0511474609375,Severe,Severe,Severe,#8F3F97
2025-04-03 22:30:00,"R K Puram, Delhi - DPCC",172.0,177.20334126984133,171.92038,5.203341269841332,0.079620361328125,Poor,Poor,Poor,#FF7E00
2025-04-03 23:30:00,"R K Puram, Delhi - DPCC",189.0,190.1943906926408,190.00217,1.1943906926407806,1.002166748046875,Poor,Poor,Poor,#FF7E00
2025-04-04 00:30:00,"R K Puram, Delhi - DPCC",256.0,262.3432817460318,256.73584,6.343281746031778,0.73583984375,Very Poor,Very Poor,Very Poor,#FF0000
2025-04-04 01:30:00,"R K Puram, Delhi - DPCC",500.0,482.1704967532469,499.7196,17.829503246753063,0.2803955078125,Severe,Severe,Severe,#8F3F97
2025-04-04 02:30:00,"R K Puram, Delhi - DPCC",333.0,399.95457539682536,333.0856,66.95457539682536,0.085601806640625,Severe,Severe,Severe,#8F3F97
2025-04-04 03:30:00,"R K Puram, Delhi - DPCC",490.0,456.5873300865801,489.92154,33.412669913419904,0.078460693359375,Severe,Severe,Severe,#8F3F97
2025-04-04 04:30:00,"R K Puram, Delhi - DPCC",382.0,384.7517619047619,382.10477,2.7517619047619064,0.104766845703125,Severe,Severe,Severe,#8F3F97
2025-04-04 05:30:00,"R K Puram, Delhi - DPCC",260.0,263.35376190476194,259.90668,3.3537619047619387,0.09332275390625,Very Poor,Very Poor,Very Poor,#FF0000
2025-04-04 06:30:00,"R K Puram, Delhi - DPCC",167.0,166.1097103174603,167.09541,0.8902896825397022,0.0954132080078125,Poor,Poor,Poor,#FF7E00
2025-04-04 07:30:00,"R K Puram, Delhi - DPCC",144.0,144.31549603174605,144.6134,0.3154960317460507,0.6134033203125,Poor,Poor,Poor,#FF7E00
2025-04-04 08:30:00,"R K Puram, Delhi - DPCC",170.0,170.0124246031746,169.88881,0.012424603174594,0.1111907958984375,Poor,Poor,Poor,#FF7E00
2025-04-04 09:30:00,"R K Puram, Delhi - DPCC",181.0,182.5977976190476,180.96594,1.5977976190475829,0.0340576171875,Poor,Poor,Poor,#FF7E00
2025-04-04 10:30:00,"R K Puram, Delhi - DPCC",144.0,145.77442243867247,143.99554,1.7744224386724738,0.00445556640625,Poor,Poor,Poor,#FF7E00
2025-04-04 11:30:00,"R K Puram, Delhi - DPCC",148.0,162.8505158730159,147.98666,14.850515873015894,0.013336181640625,Poor,Poor,Poor,#FF7E00
2025-04-04 12:30:00,"R K Puram, Delhi - DPCC",140.0,147.03039285714283,139.80553,7.030392857142829,0.1944732666015625,Poor,Poor,Poor,#FF7E00
2025-04-04 13:30:00,"R K Puram, Delhi - DPCC",134.0,135.8222597402598,134.45709,1.8222597402597955,0.45709228515625,Poor,Poor,Poor,#FF7E00
2025-04-04 14:30:00,"R K Puram, Delhi - DPCC",163.0,165.17095238095243,162.74171,2.1709523809524285,0.2582855224609375,Poor,Poor,Poor,#FF7E00
2025-04-04 15:30:00,"R K Puram, Delhi - DPCC",175.0,181.03063492063492,174.68205,6.030634920634952,0.3179473876953125,Poor,Poor,Poor,#FF7E00
2025-04-04 16:30:00,"R K Puram, Delhi - DPCC",169.0,169.13657539682544,168.97594,0.1365753968254353,0.0240631103515625,Poor,Poor,Poor,#FF7E00
2025-04-04 17:30:00,"R K Puram, Delhi - DPCC",166.0,165.76346031746033,165.5335,0.2365396825396715,0.4665069580078125,Poor,Poor,Poor,#FF7E00
2025-04-04 18:30:00,"R K Puram, Delhi - DPCC",150.0,150.15008333333333,150.14943,0.1500833333333275,0.1494293212890625,Poor,Poor,Poor,#FF7E00
2025-04-04 19:30:00,"R K Puram, Delhi - DPCC",140.0,140.80963528138523,140.44748,0.8096352813852548,0.447479248046875,Poor,Poor,Poor,#FF7E00
2025-04-04 20:30:00,"R K Puram, Delhi - DPCC",121.0,122.10856746031745,120.724686,1.1085674603174454,0.2753143310546875,Poor,Poor,Poor,#FF7E00
2025-04-04 21:30:00,"R K Puram, Delhi - DPCC",104.0,104.59178174603176,104.160805,0.5917817460317565,0.1608047485351562,Poor,Poor,Poor,#FF7E00
2025-04-04 22:30:00,"R K Puram, Delhi - DPCC",106.0,106.22147222222225,106.15145,0.221472222222232,0.1514511108398437,Poor,Poor,Poor,#FF7E00
2025-04-04 23:30:00,"R K Puram, Delhi - DPCC",117.0,117.71157539682537,117.06432,0.7115753968253671,0.0643234252929687,Poor,Poor,Poor,#FF7E00
2025-04-05 00:30:00,"R K Puram, Delhi - DPCC",500.0,460.4325641025641,500.0068,39.56743589743593,0.006805419921875,Severe,Severe,Severe,#8F3F97
2025-04-05 01:30:00,"R K Puram, Delhi - DPCC",500.0,493.943238095238,499.9674,6.05676190476197,0.0325927734375,Severe,Severe,Severe,#8F3F97
2025-04-05 02:30:00,"R K Puram, Delhi - DPCC",456.0,445.1771955266955,455.9054,10.822804473304473,0.0946044921875,Severe,Severe,Severe,#8F3F97
2025-04-05 03:30:00,"R K Puram, Delhi - DPCC",424.0,421.9627976190477,424.136,2.037202380952351,0.135986328125,Severe,Severe,Severe,#8F3F97
2025-04-05 04:30:00,"R K Puram, Delhi - DPCC",326.0,320.90211688311683,325.6465,5.097883116883168,0.353485107421875,Severe,Severe,Severe,#8F3F97
2025-04-05 05:30:00,"R K Puram, Delhi - DPCC",209.0,213.15817460317456,210.07042,4.158174603174558,1.0704193115234375,Very Poor,Very Poor,Very Poor,#FF0000
2025-04-05 06:30:00,"R K Puram, Delhi - DPCC",211.0,210.2898452380952,210.54813,0.7101547619047892,0.451873779296875,Very Poor,Very Poor,Very Poor,#FF0000
2025-04-05 07:30:00,"R K Puram, Delhi - DPCC",159.0,159.37291666666664,158.97458,0.3729166666666401,0.025421142578125,Poor,Poor,Poor,#FF7E00
2025-04-05 08:30:00,"R K Puram, Delhi - DPCC",131.0,134.6811904761905,131.15797,3.6811904761904657,0.1579742431640625,Poor,Poor,Poor,#FF7E00
2025-04-05 09:30:00,"R K Puram, Delhi - DPCC",140.0,140.01515476190474,139.61295,0.0151547619047391,0.387054443359375,Poor,Poor,Poor,#FF7E00
2025-04-05 10:30:00,"R K Puram, Delhi - DPCC",140.0,139.8034007936508,139.59662,0.196599206349191,0.40338134765625,Poor,Poor,Poor,#FF7E00
2025-04-05 11:30:00,"R K Puram, Delhi - DPCC",174.0,174.24443650793648,173.77821,0.2444365079364843,0.2217864990234375,Poor,Poor,Poor,#FF7E00
2025-04-05 12:30:00,"R K Puram, Delhi - DPCC",150.0,149.18672619047618,150.20107,0.813273809523821,0.2010650634765625,Poor,Poor,Poor,#FF7E00
2025-04-05 13:30:00,"R K Puram, Delhi - DPCC",134.0,136.8917301587302,134.476,2.891730158730212,0.4759979248046875,Poor,Poor,Poor,#FF7E00
2025-04-05 14:30:00,"R K Puram, Delhi - DPCC",199.0,201.4556507936508,199.30824,2.45565079365079,0.3082427978515625,Poor,Very Poor,Poor,#FF7E00
2025-04-05 15:30:00,"R K Puram, Delhi - DPCC",280.0,283.90580772005774,280.3264,3.905807720057737,0.326385498046875,Very Poor,Very Poor,Very Poor,#FF0000
2025-04-05 16:30:00,"R K Puram, Delhi - DPCC",306.0,325.43620238095235,307.76852,19.436202380952352,1.768524169921875,Severe,Severe,Severe,#8F3F97
2025-04-05 17:30:00,"R K Puram, Delhi - DPCC",316.0,320.66619047619054,316.01074,4.666190476190536,0.0107421875,Severe,Severe,Severe,#8F3F97
2025-04-05 18:30:00,"R K Puram, Delhi - DPCC",319.0,320.2057142857143,318.9579,1.2057142857142935,0.0421142578125,Severe,Severe,Severe,#8F3F97
2025-04-05 19:30:00,"R K Puram, Delhi - DPCC",319.0,320.52859523809525,319.02786,1.5285952380952494,0.027862548828125,Severe,Severe,Severe,#8F3F97
2025-04-05 20:30:00,"R K Puram, Delhi - DPCC",316.0,316.0960476190476,315.4919,0.0960476190476242,0.508087158203125,Severe,Severe,Severe,#8F3F97
2025-04-05 21:30:00,"R K Puram, Delhi - DPCC",500.0,500.0,499.93127,0.0,0.0687255859375,Severe,Severe,Severe,#8F3F97
2025-04-05 22:30:00,"R K Puram, Delhi - DPCC",327.0,327.19276803751814,327.1734,0.1927680375181353,0.17340087890625,Severe,Severe,Severe,#8F3F97
2025-04-05 23:30:00,"R K Puram, Delhi - DPCC",338.0,337.5655714285715,337.74582,0.4344285714284979,0.254180908203125,Severe,Severe,Severe,#8F3F97
2025-04-06 00:30:00,"R K Puram, Delhi - DPCC",327.0,327.46225613275624,327.27344,0.462256132756238,0.2734375,Severe,Severe,Severe,#8F3F97
2025-04-06 01:30:00,"R K Puram, Delhi - DPCC",306.0,307.2386702741702,306.04446,1.2386702741702038,0.044464111328125,Severe,Severe,Severe,#8F3F97
2025-04-06 02:30:00,"R K Puram, Delhi - DPCC",302.0,306.8222182539682,302.14154,4.822218253968174,0.14154052734375,Severe,Severe,Severe,#8F3F97
2025-04-06 03:30:00,"R K Puram, Delhi - DPCC",231.0,232.54372619047624,231.29547,1.5437261904762352,0.29547119140625,Very Poor,Very Poor,Very Poor,#FF0000
2025-04-06 04:30:00,"R K Puram, Delhi - DPCC",168.0,167.05834307359314,167.94687,0.9416569264068642,0.053131103515625,Poor,Poor,Poor,#FF7E00
2025-04-06 05:30:00,"R K Puram, Delhi - DPCC",126.0,127.00724999999998,126.15883,1.0072499999999849,0.1588287353515625,Poor,Poor,Poor,#FF7E00
2025-04-06 06:30:00,"R K Puram, Delhi - DPCC",121.0,121.17630555555556,120.85027,0.1763055555555581,0.1497268676757812,Poor,Poor,Poor,#FF7E00
2025-04-06 07:30:00,"R K Puram, Delhi - DPCC",129.0,128.96751190476192,130.1434,0.0324880952380794,1.143402099609375,Poor,Poor,Poor,#FF7E00
2025-04-06 08:30:00,"R K Puram, Delhi - DPCC",117.0,117.53119047619046,116.80293,0.53119047619046,0.1970672607421875,Poor,Poor,Poor,#FF7E00
2025-04-06 09:30:00,"R K Puram, Delhi - DPCC",102.0,102.51234126984129,103.36386,0.5123412698412722,1.363861083984375,Poor,Poor,Poor,#FF7E00
2025-04-06 10:30:00,"R K Puram, Delhi - DPCC",88.0,88.08618253968253,87.66563,0.0861825396825253,0.3343734741210937,Moderate,Moderate,Moderate,#FFFF00
2025-04-06 11:30:00,"R K Puram, Delhi - DPCC",91.0,91.29862987012986,91.32534,0.298629870129858,0.3253402709960937,Moderate,Moderate,Moderate,#FFFF00
2025-04-06 12:30:00,"R K Puram, Delhi - DPCC",112.0,112.10296825396824,111.962814,0.1029682539682426,0.0371856689453125,Poor,Poor,Poor,#FF7E00
2025-04-06 13:30:00,"R K Puram, Delhi - DPCC",203.0,194.7789404761905,203.03293,8.221059523809458,0.032928466796875,Very Poor,Poor,Very Poor,#FF0000
2025-04-06 14:30:00,"R K Puram, Delhi - DPCC",447.0,425.818007936508,447.08478,21.181992063491972,0.08477783203125,Severe,Severe,Severe,#8F3F97
2025-04-06 15:30:00,"R K Puram, Delhi - DPCC",465.0,458.2254841269842,464.9844,6.774515873015787,0.015594482421875,Severe,Severe,Severe,#8F3F97
2025-04-06 16:30:00,"R K Puram, Delhi - DPCC",447.0,442.711,446.90506,4.288999999999987,0.094940185546875,Severe,Severe,Severe,#8F3F97
2025-04-06 17:30:00,"R K Puram, Delhi - DPCC",470.0,458.0614880952381,469.87155,11.938511904761924,0.128448486328125,Severe,Severe,Severe,#8F3F97
2025-04-06 18:30:00,"R K Puram, Delhi - DPCC",334.0,337.98709126984124,334.15216,3.987091269841244,0.15216064453125,Severe,Severe,Severe,#8F3F97
2025-04-06 19:30:00,"R K Puram, Delhi - DPCC",303.0,304.52428174603165,303.18433,1.5242817460316471,0.184326171875,Severe,Severe,Severe,#8F3F97
2025-04-06 20:30:00,"R K Puram, Delhi - DPCC",242.0,239.42191666666665,241.53099,2.5780833333333817,0.4690093994140625,Very Poor,Very Poor,Very Poor,#FF0000
2025-04-06 21:30:00,"R K Puram, Delhi - DPCC",217.0,223.5960515873016,216.94017,6.596051587301588,0.0598297119140625,Very Poor,Very Poor,Very Poor,#FF0000
2025-04-06 22:30:00,"R K Puram, Delhi - DPCC",231.0,230.78626190476183,231.66286,0.213738095238142,0.6628570556640625,Very Poor,Very Poor,Very Poor,#FF0000
2025-04-06 23:30:00,"R K Puram, Delhi - DPCC",283.0,284.16598015873024,282.48572,1.1659801587302354,0.5142822265625,Very Poor,Very Poor,Very Poor,#FF0000
2025-04-07 00:30:00,"R K Puram, Delhi - DPCC",306.0,309.5670079365079,305.87698,3.5670079365078777,0.123016357421875,Severe,Severe,Severe,#8F3F97
2025-04-07 01:30:00,"R K Puram, Delhi - DPCC",500.0,471.8236396103897,499.30878,28.176360389610352,0.69122314453125,Severe,Severe,Severe,#8F3F97
2025-04-07 02:30:00,"R K Puram, Delhi - DPCC",362.0,388.9630137085137,361.99463,26.9630137085137,0.00537109375,Severe,Severe,Severe,#8F3F97
2025-04-07 10:30:00,"R K Puram, Delhi - DPCC",160.0,161.29904365079366,160.15479,1.2990436507936636,0.15478515625,Poor,Poor,Poor,#FF7E00
2025-04-07 12:30:00,"R K Puram, Delhi - DPCC",225.0,225.42722619047615,224.95572,0.4272261904761762,0.044281005859375,Very Poor,Very Poor,Very Poor,#FF0000
2025-04-07 13:30:00,"R K Puram, Delhi - DPCC",500.0,424.6967597402597,499.82773,75.30324025974028,0.172271728515625,Severe,Severe,Severe,#8F3F97
2025-04-07 14:30:00,"R K Puram, Delhi - DPCC",268.0,301.6711666666667,267.97388,33.67116666666669,0.026123046875,Very Poor,Severe,Very Poor,#FF0000
2025-04-07 15:30:00,"R K Puram, Delhi - DPCC",262.0,308.0757380952381,262.75018,46.07573809523808,0.75018310546875,Very Poor,Severe,Very Poor,#FF0000
2025-04-07 16:30:00,"R K Puram, Delhi - DPCC",308.0,338.2157380952381,307.74298,30.215738095238123,0.25701904296875,Severe,Severe,Severe,#8F3F97
2025-04-07 17:30:00,"R K Puram, Delhi - DPCC",500.0,438.380738095238,498.58603,61.61926190476197,1.413970947265625,Severe,Severe,Severe,#8F3F97
2025-04-07 18:30:00,"R K Puram, Delhi - DPCC",328.0,327.8889206349206,327.86746,0.1110793650793766,0.132537841796875,Severe,Severe,Severe,#8F3F97
2025-04-07 19:30:00,"R K Puram, Delhi - DPCC",301.0,306.8311176046175,301.34564,5.831117604617475,0.34564208984375,Severe,Severe,Severe,#8F3F97
2025-04-07 20:30:00,"R K Puram, Delhi - DPCC",318.0,318.70419444444445,317.75357,0.7041944444444539,0.246429443359375,Severe,Severe,Severe,#8F3F97
2025-04-07 21:30:00,"R K Puram, Delhi - DPCC",311.0,311.91982142857137,310.87317,0.9198214285713676,0.1268310546875,Severe,Severe,Severe,#8F3F97
2025-04-07 22:30:00,"R K Puram, Delhi - DPCC",290.0,292.74115079365066,289.96497,2.741150793650661,0.0350341796875,Very Poor,Very Poor,Very Poor,#FF0000
2025-04-07 23:30:00,"R K Puram, Delhi - DPCC",235.0,240.6201244588744,234.65848,5.620124458874415,0.341522216796875,Very Poor,Very Poor,Very Poor,#FF0000
2025-04-08 00:30:00,"R K Puram, Delhi - DPCC",249.0,253.82941666666665,248.37077,4.829416666666617,0.6292266845703125,Very Poor,Very Poor,Very Poor,#FF0000
2025-04-08 01:30:00,"R K Puram, Delhi - DPCC",280.0,291.72734920634923,280.2982,11.727349206349231,0.298187255859375,Very Poor,Very Poor,Very Poor,#FF0000
2025-04-08 02:30:00,"R K Puram, Delhi - DPCC",273.0,285.63675721500726,272.642,12.636757215007265,0.358001708984375,Very Poor,Very Poor,Very Poor,#FF0000
2025-04-08 03:30:00,"R K Puram, Delhi - DPCC",500.0,409.057738095238,499.52448,90.942261904762,0.47552490234375,Severe,Severe,Severe,#8F3F97
2025-04-08 04:30:00,"R K Puram, Delhi - DPCC",259.0,274.3331125541126,259.0301,15.333112554112574,0.03009033203125,Very Poor,Very Poor,Very Poor,#FF0000
2025-04-08 05:30:00,"R K Puram, Delhi - DPCC",245.0,247.215303030303,244.7451,2.215303030303005,0.2548980712890625,Very Poor,Very Poor,Very Poor,#FF0000
2025-04-08 06:30:00,"R K Puram, Delhi - DPCC",213.0,214.24725252525252,213.77365,1.2472525252525486,0.773651123046875,Very Poor,Very Poor,Very Poor,#FF0000
2025-04-08 07:30:00,"R K Puram, Delhi - DPCC",234.0,236.65565079365064,233.7029,2.655650793650665,0.2971038818359375,Very Poor,Very Poor,Very Poor,#FF0000
2025-04-08 08:30:00,"R K Puram, Delhi - DPCC",219.0,218.21440476190477,218.9894,0.7855952380952544,0.0106048583984375,Very Poor,Very Poor,Very Poor,#FF0000
2025-04-08 09:30:00,"R K Puram, Delhi - DPCC",175.0,175.52576190476185,174.90575,0.5257619047618505,0.0942535400390625,Poor,Poor,Poor,#FF7E00
2025-04-08 10:30:00,"R K Puram, Delhi - DPCC",165.0,165.19907720057722,165.29182,0.1990772005772214,0.2918243408203125,Poor,Poor,Poor,#FF7E00
2025-04-08 11:30:00,"R K Puram, Delhi - DPCC",165.0,164.97010101010108,164.833,0.0298989898989248,0.1670074462890625,Poor,Poor,Poor,#FF7E00
2025-04-08 12:30:00,"R K Puram, Delhi - DPCC",207.0,210.6121746031745,207.00029,3.6121746031745374,0.0002899169921875,Very Poor,Very Poor,Very Poor,#FF0000
2025-04-08 13:30:00,"R K Puram, Delhi - DPCC",374.0,353.23586904761913,373.7488,20.764130952380867,0.251190185546875,Severe,Severe,Severe,#8F3F97
2025-04-08 14:30:00,"R K Puram, Delhi - DPCC",307.0,314.27231349206346,307.34946,7.272313492063461,0.349456787109375,Severe,Severe,Severe,#8F3F97
2025-04-08 15:30:00,"R K Puram, Delhi - DPCC",267.0,271.967746031746,265.70923,4.967746031746003,1.290771484375,Very Poor,Very Poor,Very Poor,#FF0000
2025-04-08 16:30:00,"R K Puram, Delhi - DPCC",286.0,287.1267604617604,286.06754,1.126760461760398,0.067535400390625,Very Poor,Very Poor,Very Poor,#FF0000
2025-04-08 17:30:00,"R K Puram, Delhi - DPCC",273.0,273.4370786435787,274.09204,0.4370786435786726,1.092041015625,Very Poor,Very Poor,Very Poor,#FF0000
2025-04-08 18:30:00,"R K Puram, Delhi - DPCC",256.0,257.8397261904762,256.72702,1.839726190476199,0.727020263671875,Very Poor,Very Poor,Very Poor,#FF0000
2025-04-08 19:30:00,"R K Puram, Delhi - DPCC",256.0,255.82616666666664,256.28656,0.1738333333333628,0.28656005859375,Very Poor,Very Poor,Very Poor,#FF0000
2025-04-08 20:30:00,"R K Puram, Delhi - DPCC",280.0,281.7972896825397,279.8128,1.7972896825397129,0.18719482421875,Very Poor,Very Poor,Very Poor,#FF0000
2025-04-08 21:30:00,"R K Puram, Delhi - DPCC",280.0,284.8530595238095,280.16943,4.85305952380952,0.16943359375,Very Poor,Very Poor,Very Poor,#FF0000
2025-04-08 22:30:00,"R K Puram, Delhi - DPCC",235.0,235.34705952380955,234.95096,0.3470595238095484,0.049041748046875,Very Poor,Very Poor,Very Poor,#FF0000
2025-04-08 23:30:00,"R K Puram, Delhi - DPCC",235.0,236.0310238095238,235.3454,1.0310238095237878,0.34539794921875,Very Poor,Very Poor,Very Poor,#FF0000
2025-04-09 00:30:00,"R K Puram, Delhi - DPCC",276.0,278.8164992784993,275.7193,2.81649927849935,0.28070068359375,Very Poor,Very Poor,Very Poor,#FF0000
2025-04-11 13:30:00,"R K Puram, Delhi - DPCC",500.0,460.5900119047619,499.6114,39.40998809523808,0.38861083984375,Severe,Severe,Severe,#8F3F97
2025-04-11 14:30:00,"R K Puram, Delhi - DPCC",428.0,407.8427579365081,427.42856,20.15724206349188,0.571441650390625,Severe,Severe,Severe,#8F3F97
2025-04-11 15:30:00,"R K Puram, Delhi - DPCC",77.0,99.1033492063492,77.42172,22.103349206349197,0.421722412109375,Moderate,Moderate,Moderate,#FFFF00
2025-04-11 16:30:00,"R K Puram, Delhi - DPCC",500.0,478.7490238095238,499.96637,21.250976190476194,0.03363037109375,Severe,Severe,Severe,#8F3F97
2025-04-11 17:30:00,"R K Puram, Delhi - DPCC",92.0,103.1513495670996,91.88967,11.1513495670996,0.1103286743164062,Moderate,Poor,Moderate,#FFFF00
2025-04-11 18:30:00,"R K Puram, Delhi - DPCC",121.0,120.9860303030303,120.452324,0.0139696969696956,0.5476760864257812,Poor,Poor,Poor,#FF7E00
2025-04-11 19:30:00,"R K Puram, Delhi - DPCC",90.0,90.766623015873,89.73096,0.7666230158730087,0.26904296875,Moderate,Moderate,Moderate,#FFFF00
2025-04-11 20:30:00,"R K Puram, Delhi - DPCC",90.0,89.71040873015872,89.95775,0.2895912698412815,0.0422515869140625,Moderate,Moderate,Moderate,#FFFF00
2025-04-11 21:30:00,"R K Puram, Delhi - DPCC",500.0,392.3529642857143,500.00772,107.64703571428572,0.007720947265625,Severe,Severe,Severe,#8F3F97
2025-04-11 22:30:00,"R K Puram, Delhi - DPCC",81.0,88.33243253968254,81.27222,7.332432539682543,0.272216796875,Moderate,Moderate,Moderate,#FFFF00
2025-04-11 23:30:00,"R K Puram, Delhi - DPCC",91.0,94.1341114718615,90.81226,3.1341114718615017,0.1877365112304687,Moderate,Moderate,Moderate,#FFFF00
2025-04-12 00:30:00,"R K Puram, Delhi - DPCC",91.0,86.54047222222223,90.646164,4.459527777777765,0.3538360595703125,Moderate,Moderate,Moderate,#FFFF00
2025-04-12 01:30:00,"R K Puram, Delhi - DPCC",92.0,91.57224891774892,92.318016,0.4277510822510919,0.3180160522460937,Moderate,Moderate,Moderate,#FFFF00
2025-04-12 02:30:00,"R K Puram, Delhi - DPCC",93.0,92.33312337662338,92.68605,0.6668766233766235,0.3139495849609375,Moderate,Moderate,Moderate,#FFFF00
2025-04-12 03:30:00,"R K Puram, Delhi - DPCC",86.0,86.72234523809526,86.80174,0.722345238095258,0.8017425537109375,Moderate,Moderate,Moderate,#FFFF00
2025-04-12 05:30:00,"R K Puram, Delhi - DPCC",69.0,69.98228174603177,68.801605,0.9822817460317737,0.198394775390625,Moderate,Moderate,Moderate,#FFFF00
2025-04-12 06:30:00,"R K Puram, Delhi - DPCC",94.0,91.4038431013431,93.6791,2.5961568986569006,0.3208999633789062,Moderate,Moderate,Moderate,#FFFF00
2025-04-12 07:30:00,"R K Puram, Delhi - DPCC",118.0,118.10617063492062,118.433174,0.1061706349206161,0.4331741333007812,Poor,Poor,Poor,#FF7E00
2025-04-12 08:30:00,"R K Puram, Delhi - DPCC",124.0,123.65297763347762,123.5512,0.3470223665223813,0.4487991333007812,Poor,Poor,Poor,#FF7E00
2025-04-12 09:30:00,"R K Puram, Delhi - DPCC",109.0,109.8575277777778,109.59946,0.8575277777777899,0.599456787109375,Poor,Poor,Poor,#FF7E00
2025-04-12 10:30:00,"R K Puram, Delhi - DPCC",102.0,102.3031507936508,102.50838,0.3031507936507864,0.5083770751953125,Poor,Poor,Poor,#FF7E00
2025-04-12 11:30:00,"R K Puram, Delhi - DPCC",123.0,122.99552056277054,122.69723,0.0044794372294632,0.3027725219726562,Poor,Poor,Poor,#FF7E00
2025-04-12 12:30:00,"R K Puram, Delhi - DPCC",122.0,122.00116991341989,121.77429,0.0011699134198863,0.2257080078125,Poor,Poor,Poor,#FF7E00
2025-04-12 13:30:00,"R K Puram, Delhi - DPCC",148.0,145.6581746031746,147.35214,2.341825396825413,0.647857666015625,Poor,Poor,Poor,#FF7E00
2025-04-12 14:30:00,"R K Puram, Delhi - DPCC",158.0,159.65607936507936,158.03217,1.6560793650793642,0.03216552734375,Poor,Poor,Poor,#FF7E00
2025-04-12 15:30:00,"R K Puram, Delhi - DPCC",151.0,150.48794841269842,151.1359,0.5120515873015847,0.135894775390625,Poor,Poor,Poor,#FF7E00
2025-04-12 16:30:00,"R K Puram, Delhi - DPCC",151.0,151.49238888888888,150.95065,0.4923888888888825,0.049346923828125,Poor,Poor,Poor,#FF7E00
2025-04-12 17:30:00,"R K Puram, Delhi - DPCC",116.0,117.61448196248196,117.02535,1.6144819624819462,1.0253524780273438,Poor,Poor,Poor,#FF7E00
2025-04-12 18:30:00,"R K Puram, Delhi - DPCC",88.0,89.14785714285712,88.40486,1.14785714285712,0.4048614501953125,Moderate,Moderate,Moderate,#FFFF00
2025-04-12 19:30:00,"R K Puram, Delhi - DPCC",87.0,87.16241666666667,87.08349,0.1624166666666724,0.0834884643554687,Moderate,Moderate,Moderate,#FFFF00
2025-04-12 20:30:00,"R K Puram, Delhi - DPCC",89.0,88.80435714285713,89.203445,0.1956428571428716,0.2034454345703125,Moderate,Moderate,Moderate,#FFFF00
2025-04-12 21:30:00,"R K Puram, Delhi - DPCC",104.0,104.43796428571426,103.48534,0.4379642857142585,0.5146636962890625,Poor,Poor,Poor,#FF7E00
2025-04-12 22:30:00,"R K Puram, Delhi - DPCC",106.0,105.8493888888889,106.16308,0.1506111111111039,0.1630783081054687,Poor,Poor,Poor,#FF7E00
2025-04-12 23:30:00,"R K Puram, Delhi - DPCC",110.0,109.4372023809524,109.96175,0.5627976190476005,0.0382537841796875,Poor,Poor,Poor,#FF7E00
2025-04-13 00:30:00,"R K Puram, Delhi - DPCC",500.0,457.7163412698412,499.8462,42.28365873015878,0.15380859375,Severe,Severe,Severe,#8F3F97
2025-04-13 01:30:00,"R K Puram, Delhi - DPCC",500.0,495.025,499.87775,4.975000000000023,0.12225341796875,Severe,Severe,Severe,#8F3F97
2025-04-13 02:30:00,"R K Puram, Delhi - DPCC",138.0,142.14478968253962,138.16469,4.144789682539624,0.1646881103515625,Poor,Poor,Poor,#FF7E00
2025-04-13 03:30:00,"R K Puram, Delhi - DPCC",121.0,127.41378968253964,122.17139,6.413789682539644,1.17138671875,Poor,Poor,Poor,#FF7E00
2025-04-13 04:30:00,"R K Puram, Delhi - DPCC",113.0,113.84086507936507,113.19366,0.8408650793650736,0.1936569213867187,Poor,Poor,Poor,#FF7E00
2025-04-13 05:30:00,"R K Puram, Delhi - DPCC",500.0,402.4115634920635,499.59125,97.58843650793648,0.40875244140625,Severe,Severe,Severe,#8F3F97
2025-04-13 06:30:00,"R K Puram, Delhi - DPCC",151.0,156.6938888888889,151.02863,5.6938888888888926,0.02862548828125,Poor,Poor,Poor,#FF7E00
2025-04-13 07:30:00,"R K Puram, Delhi - DPCC",122.0,123.23374206349204,122.7642,1.2337420634920306,0.7641983032226562,Poor,Poor,Poor,#FF7E00
2025-04-13 08:30:00,"R K Puram, Delhi - DPCC",116.0,114.9137976190476,115.5559,1.0862023809524146,0.4440994262695312,Poor,Poor,Poor,#FF7E00
2025-04-13 09:30:00,"R K Puram, Delhi - DPCC",134.0,124.36734126984128,133.81364,9.63265873015871,0.1863555908203125,Poor,Poor,Poor,#FF7E00
2025-04-13 10:30:00,"R K Puram, Delhi - DPCC",144.0,143.53759523809524,143.63794,0.4624047619047644,0.362060546875,Poor,Poor,Poor,#FF7E00
2025-04-13 11:30:00,"R K Puram, Delhi - DPCC",113.0,117.52505555555555,113.38983,4.525055555555554,0.38983154296875,Poor,Poor,Poor,#FF7E00
2025-04-13 12:30:00,"R K Puram, Delhi - DPCC",126.0,126.144154040404,125.83347,0.144154040404004,0.1665267944335937,Poor,Poor,Poor,#FF7E00
2025-04-13 13:30:00,"R K Puram, Delhi - DPCC",175.0,176.4050396825397,175.5391,1.4050396825396945,0.539093017578125,Poor,Poor,Poor,#FF7E00
2025-04-13 14:30:00,"R K Puram, Delhi - DPCC",500.0,462.2667658730159,499.87442,37.73323412698409,0.125579833984375,Severe,Severe,Severe,#8F3F97
2025-04-13 15:30:00,"R K Puram, Delhi - DPCC",286.0,300.6686215728715,286.16687,14.668621572871473,0.1668701171875,Very Poor,Severe,Very Poor,#FF0000
2025-04-13 16:30:00,"R K Puram, Delhi - DPCC",316.0,317.4635238095239,316.18835,1.463523809523906,0.1883544921875,Severe,Severe,Severe,#8F3F97
2025-04-13 17:30:00,"R K Puram, Delhi - DPCC",302.0,302.073111111111,302.09116,0.073111111111018,0.091156005859375,Severe,Severe,Severe,#8F3F97
2025-04-13 18:30:00,"R K Puram, Delhi - DPCC",283.0,283.5192738095239,283.27945,0.5192738095238951,0.279449462890625,Very Poor,Very Poor,Very Poor,#FF0000
2025-04-13 19:30:00,"R K Puram, Delhi - DPCC",273.0,274.0319682539684,273.39484,1.03196825396833,0.39483642578125,Very Poor,Very Poor,Very Poor,#FF0000
2025-04-13 20:30:00,"R K Puram, Delhi - DPCC",249.0,247.696566017316,248.45636,1.3034339826839982,0.54364013671875,Very Poor,Very Poor,Very Poor,#FF0000
2025-04-13 21:30:00,"R K Puram, Delhi - DPCC",245.0,243.90550649350652,244.83492,1.0944935064934498,0.1650848388671875,Very Poor,Very Poor,Very Poor,#FF0000
2025-04-13 22:30:00,"R K Puram, Delhi - DPCC",301.0,299.22301839826827,300.68863,1.776981601731734,0.311370849609375,Severe,Very Poor,Severe,#8F3F97
2025-04-13 23:30:00,"R K Puram, Delhi - DPCC",332.0,332.5766865079365,331.8188,0.576686507936472,0.18121337890625,Severe,Severe,Severe,#8F3F97
2025-04-14 00:30:00,"R K Puram, Delhi - DPCC",330.0,330.3088492063491,330.09335,0.308849206349123,0.093353271484375,Severe,Severe,Severe,#8F3F97
2025-04-14 01:30:00,"R K Puram, Delhi - DPCC",318.0,319.6995634920636,317.80176,1.6995634920635894,0.1982421875,Severe,Severe,Severe,#8F3F97
2025-04-14 02:30:00,"R K Puram, Delhi - DPCC",235.0,242.2994642857143,235.59465,7.299464285714265,0.5946502685546875,Very Poor,Very Poor,Very Poor,#FF0000
2025-04-14 03:30:00,"R K Puram, Delhi - DPCC",500.0,467.6032619047619,499.93292,32.396738095238106,0.06707763671875,Severe,Severe,Severe,#8F3F97
2025-04-14 04:30:00,"R K Puram, Delhi - DPCC",167.0,172.25048412698413,167.24298,5.250484126984134,0.24298095703125,Poor,Poor,Poor,#FF7E00
2025-04-14 05:30:00,"R K Puram, Delhi - DPCC",157.0,157.70885894660896,156.0251,0.7088589466089559,0.9748992919921876,Poor,Poor,Poor,#FF7E00
2025-04-14 06:30:00,"R K Puram, Delhi - DPCC",155.0,154.42026984126989,154.84204,0.5797301587301149,0.157958984375,Poor,Poor,Poor,#FF7E00
2025-04-14 07:30:00,"R K Puram, Delhi - DPCC",156.0,156.0031865079365,155.79277,0.0031865079365047,0.2072296142578125,Poor,Poor,Poor,#FF7E00
2025-04-14 21:30:00,"R K Puram, Delhi - DPCC",183.0,185.673689033189,183.2178,2.6736890331889924,0.217803955078125,Poor,Poor,Poor,#FF7E00
2025-04-14 22:30:00,"R K Puram, Delhi - DPCC",177.0,178.92448015873015,177.37395,1.924480158730148,0.3739471435546875,Poor,Poor,Poor,#FF7E00
2025-04-14 23:30:00,"R K Puram, Delhi - DPCC",500.0,495.179,499.95538,4.8209999999999695,0.04461669921875,Severe,Severe,Severe,#8F3F97
2025-04-15 00:30:00,"R K Puram, Delhi - DPCC",196.0,198.8361785714286,196.31216,2.8361785714286043,0.312164306640625,Poor,Poor,Poor,#FF7E00
2025-04-15 01:30:00,"R K Puram, Delhi - DPCC",256.0,261.2405768398268,256.21008,5.240576839826815,0.2100830078125,Very Poor,Very Poor,Very Poor,#FF0000
2025-04-15 02:30:00,"R K Puram, Delhi - DPCC",308.0,306.7330119047619,307.0832,1.266988095238105,0.91680908203125,Severe,Severe,Severe,#8F3F97
2025-04-15 03:30:00,"R K Puram, Delhi - DPCC",461.0,434.2953571428571,460.86353,26.704642857142915,0.136474609375,Severe,Severe,Severe,#8F3F97
2025-04-15 04:30:00,"R K Puram, Delhi - DPCC",97.0,290.82580952380954,97.97977,193.82580952380957,0.979766845703125,Moderate,Very Poor,Moderate,#FFFF00
2025-04-15 05:30:00,"R K Puram, Delhi - DPCC",160.0,162.98841269841267,160.24704,2.9884126984126738,0.247039794921875,Poor,Poor,Poor,#FF7E00
2025-04-15 06:30:00,"R K Puram, Delhi - DPCC",144.0,135.13580555555552,143.6743,8.864194444444479,0.3256988525390625,Poor,Poor,Poor,#FF7E00
2025-04-15 07:30:00,"R K Puram, Delhi - DPCC",124.0,122.9456562049062,124.11214,1.0543437950938142,0.1121368408203125,Poor,Poor,Poor,#FF7E00
2025-04-15 08:30:00,"R K Puram, Delhi - DPCC",116.0,116.05705735930732,115.272606,0.057057359307322,0.7273941040039062,Poor,Poor,Poor,#FF7E00
2025-04-15 09:30:00,"R K Puram, Delhi - DPCC",110.0,110.41273809523813,110.29977,0.4127380952381116,0.2997665405273437,Poor,Poor,Poor,#FF7E00
2025-04-15 10:30:00,"R K Puram, Delhi - DPCC",111.0,111.30525,111.430405,0.3052500000000009,0.4304046630859375,Poor,Poor,Poor,#FF7E00
2025-04-15 11:30:00,"R K Puram, Delhi - DPCC",106.0,106.90359126984129,106.05742,0.9035912698412858,0.0574188232421875,Poor,Poor,Poor,#FF7E00
2025-04-15 12:30:00,"R K Puram, Delhi - DPCC",100.0,100.14029365079364,99.937904,0.1402936507936516,0.0620956420898437,Moderate,Poor,Moderate,#FFFF00
2025-04-16 03:30:00,"R K Puram, Delhi - DPCC",184.0,181.8466111111112,184.06413,2.153388888888827,0.0641326904296875,Poor,Poor,Poor,#FF7E00
2025-04-16 04:30:00,"R K Puram, Delhi - DPCC",146.0,144.13005555555554,145.73802,1.8699444444444568,0.2619781494140625,Poor,Poor,Poor,#FF7E00
2025-04-16 05:30:00,"R K Puram, Delhi - DPCC",146.0,147.0175833333334,146.6047,1.0175833333333912,0.604705810546875,Poor,Poor,Poor,#FF7E00
2025-04-16 06:30:00,"R K Puram, Delhi - DPCC",224.0,225.1261944444444,223.93155,1.1261944444444223,0.068450927734375,Very Poor,Very Poor,Very Poor,#FF0000
2025-04-16 07:30:00,"R K Puram, Delhi - DPCC",153.0,152.86680952380954,152.32735,0.1331904761904638,0.6726531982421875,Poor,Poor,Poor,#FF7E00
2025-04-16 08:30:00,"R K Puram, Delhi - DPCC",151.0,151.11085786435785,151.31107,0.1108578643578539,0.311065673828125,Poor,Poor,Poor,#FF7E00
2025-04-16 09:30:00,"R K Puram, Delhi - DPCC",130.0,129.93667857142862,129.79532,0.0633214285713847,0.204681396484375,Poor,Poor,Poor,#FF7E00
2025-04-16 10:30:00,"R K Puram, Delhi - DPCC",185.0,186.32386904761907,184.91754,1.3238690476190698,0.08245849609375,Poor,Poor,Poor,#FF7E00
2025-04-16 11:30:00,"R K Puram, Delhi - DPCC",148.0,147.92946825396825,148.03813,0.0705317460317473,0.0381317138671875,Poor,Poor,Poor,#FF7E00
2025-04-16 12:30:00,"R K Puram, Delhi - DPCC",159.0,159.2742063492063,159.30794,0.2742063492063096,0.3079376220703125,Poor,Poor,Poor,#FF7E00
2025-04-16 13:30:00,"R K Puram, Delhi - DPCC",230.0,233.9340238095237,230.0831,3.9340238095237225,0.083099365234375,Very Poor,Very Poor,Very Poor,#FF0000
2025-04-16 14:30:00,"R K Puram, Delhi - DPCC",215.0,216.7219444444445,214.87706,1.7219444444444605,0.1229400634765625,Very Poor,Very Poor,Very Poor,#FF0000
2025-04-16 17:30:00,"R K Puram, Delhi - DPCC",183.0,182.09044841269844,183.63275,0.9095515873015644,0.63275146484375,Poor,Poor,Poor,#FF7E00
2025-04-16 18:30:00,"R K Puram, Delhi - DPCC",181.0,180.88862698412692,181.0581,0.1113730158730561,0.05810546875,Poor,Poor,Poor,#FF7E00
2025-04-16 19:30:00,"R K Puram, Delhi - DPCC",500.0,442.9617619047619,499.8481,57.038238095238114,0.151885986328125,Severe,Severe,Severe,#8F3F97
2025-04-16 20:30:00,"R K Puram, Delhi - DPCC",500.0,454.31027777777774,499.93076,45.68972222222226,0.069244384765625,Severe,Severe,Severe,#8F3F97
2025-04-16 21:30:00,"R K Puram, Delhi - DPCC",145.0,149.05445238095243,145.10909,4.054452380952426,0.1090850830078125,Poor,Poor,Poor,#FF7E00
2025-04-16 22:30:00,"R K Puram, Delhi - DPCC",186.0,197.0229422799423,186.62318,11.0229422799423,0.6231842041015625,Poor,Poor,Poor,#FF7E00
2025-04-16 23:30:00,"R K Puram, Delhi - DPCC",302.0,287.06381565656574,301.43814,14.936184343434263,0.561859130859375,Severe,Very Poor,Severe,#8F3F97
2025-04-17 00:30:00,"R K Puram, Delhi - DPCC",212.0,210.3656071428572,211.29893,1.6343928571428137,0.7010650634765625,Very Poor,Very Poor,Very Poor,#FF0000
2025-04-17 01:30:00,"R K Puram, Delhi - DPCC",216.0,216.33383585858584,215.51875,0.3338358585858429,0.4812469482421875,Very Poor,Very Poor,Very Poor,#FF0000
2025-04-17 02:30:00,"R K Puram, Delhi - DPCC",193.0,191.85482539682536,192.88477,1.1451746031746382,0.115234375,Poor,Poor,Poor,#FF7E00
2025-04-17 03:30:00,"R K Puram, Delhi - DPCC",152.0,150.63782611832613,151.94656,1.3621738816738684,0.053436279296875,Poor,Poor,Poor,#FF7E00
2025-04-17 04:30:00,"R K Puram, Delhi - DPCC",165.0,164.7786724386725,165.0831,0.2213275613275129,0.083099365234375,Poor,Poor,Poor,#FF7E00
2025-04-17 05:30:00,"R K Puram, Delhi - DPCC",155.0,154.9164047619048,155.05879,0.0835952380951994,0.0587921142578125,Poor,Poor,Poor,#FF7E00
2025-04-17 06:30:00,"R K Puram, Delhi - DPCC",168.0,167.81269444444445,167.86423,0.1873055555555538,0.135772705078125,Poor,Poor,Poor,#FF7E00
2025-04-17 07:30:00,"R K Puram, Delhi - DPCC",142.0,142.80554978354982,142.44872,0.8055497835498215,0.4487152099609375,Poor,Poor,Poor,#FF7E00
2025-04-17 08:30:00,"R K Puram, Delhi - DPCC",120.0,121.5351984126984,120.75903,1.5351984126983922,0.759033203125,Poor,Poor,Poor,#FF7E00
2025-04-17 09:30:00,"R K Puram, Delhi - DPCC",133.0,133.27601984126986,132.47716,0.2760198412698571,0.5228424072265625,Poor,Poor,Poor,#FF7E00
2025-04-17 10:30:00,"R K Puram, Delhi - DPCC",148.0,147.58450793650798,147.81712,0.4154920634920245,0.1828765869140625,Poor,Poor,Poor,#FF7E00
2025-04-17 11:30:00,"R K Puram, Delhi - DPCC",138.0,138.39755555555558,138.64212,0.3975555555555843,0.642120361328125,Poor,Poor,Poor,#FF7E00
2025-04-17 12:30:00,"R K Puram, Delhi - DPCC",157.0,156.97853571428567,156.81714,0.0214642857143303,0.182861328125,Poor,Poor,Poor,#FF7E00
2025-04-17 13:30:00,"R K Puram, Delhi - DPCC",219.0,228.74823809523804,218.88235,9.748238095238037,0.117645263671875,Very Poor,Very Poor,Very Poor,#FF0000
2025-04-17 14:30:00,"R K Puram, Delhi - DPCC",282.0,277.33951406926406,282.246,4.660485930735945,0.246002197265625,Very Poor,Very Poor,Very Poor,#FF0000
2025-04-17 15:30:00,"R K Puram, Delhi - DPCC",402.0,410.677996031746,402.16327,8.677996031746034,0.16326904296875,Severe,Severe,Severe,#8F3F97
2025-04-17 16:30:00,"R K Puram, Delhi - DPCC",429.0,426.3767564935065,429.057,2.623243506493509,0.0570068359375,Severe,Severe,Severe,#8F3F97
2025-04-17 17:30:00,"R K Puram, Delhi - DPCC",339.0,347.984503968254,338.8922,8.98450396825399,0.1077880859375,Severe,Severe,Severe,#8F3F97
2025-04-17 18:30:00,"R K Puram, Delhi - DPCC",285.0,291.0369047619048,285.2307,6.036904761904793,0.230712890625,Very Poor,Very Poor,Very Poor,#FF0000
2025-04-17 19:30:00,"R K Puram, Delhi - DPCC",279.0,278.1929285714286,278.9382,0.8070714285714189,0.061798095703125,Very Poor,Very Poor,Very Poor,#FF0000
2025-04-17 20:30:00,"R K Puram, Delhi - DPCC",171.0,167.3540021645022,170.89551,3.645997835497809,0.1044921875,Poor,Poor,Poor,#FF7E00
2025-04-17 21:30:00,"R K Puram, Delhi - DPCC",168.0,169.585126984127,168.24138,1.5851269841269868,0.2413787841796875,Poor,Poor,Poor,#FF7E00
2025-04-17 22:30:00,"R K Puram, Delhi - DPCC",146.0,145.73608333333334,146.15372,0.2639166666666597,0.153717041015625,Poor,Poor,Poor,#FF7E00
2025-04-17 23:30:00,"R K Puram, Delhi - DPCC",145.0,146.4307261904762,144.80127,1.4307261904762072,0.19873046875,Poor,Poor,Poor,#FF7E00
2025-04-18 01:30:00,"R K Puram, Delhi - DPCC",172.0,171.97676587301586,171.65215,0.0232341269841356,0.3478546142578125,Poor,Poor,Poor,#FF7E00
2025-04-18 02:30:00,"R K Puram, Delhi - DPCC",171.0,170.98243253968252,171.17313,0.0175674603174798,0.173126220703125,Poor,Poor,Poor,#FF7E00
2025-04-18 03:30:00,"R K Puram, Delhi - DPCC",175.0,175.00689285714282,174.49486,0.0068928571428159,0.5051422119140625,Poor,Poor,Poor,#FF7E00
2025-04-18 04:30:00,"R K Puram, Delhi - DPCC",155.0,155.34901984126986,155.29779,0.3490198412698646,0.29779052734375,Poor,Poor,Poor,#FF7E00
2025-04-18 05:30:00,"R K Puram, Delhi - DPCC",167.0,166.7812222222222,167.22462,0.2187777777778023,0.2246246337890625,Poor,Poor,Poor,#FF7E00
2025-04-18 06:30:00,"R K Puram, Delhi - DPCC",188.0,188.13593073593063,187.95131,0.1359307359306569,0.0486907958984375,Poor,Poor,Poor,#FF7E00
2025-04-18 07:30:00,"R K Puram, Delhi - DPCC",250.0,250.0808571428571,250.63333,0.0808571428570985,0.633331298828125,Very Poor,Very Poor,Very Poor,#FF0000
2025-04-18 08:30:00,"R K Puram, Delhi - DPCC",179.0,179.36476479076478,179.32874,0.3647647907647808,0.3287353515625,Poor,Poor,Poor,#FF7E00
2025-04-18 09:30:00,"R K Puram, Delhi - DPCC",179.0,179.1875624098124,179.10808,0.1875624098124149,0.1080780029296875,Poor,Poor,Poor,#FF7E00
2025-04-18 10:30:00,"R K Puram, Delhi - DPCC",177.0,177.4031378066378,177.008,0.4031378066378011,0.00799560546875,Poor,Poor,Poor,#FF7E00
2025-04-18 11:30:00,"R K Puram, Delhi - DPCC",500.0,494.12,499.9176,5.879999999999996,0.0823974609375,Severe,Severe,Severe,#8F3F97
2025-04-18 12:30:00,"R K Puram, Delhi - DPCC",179.0,179.39900000000006,178.65459,0.3990000000000577,0.3454132080078125,Poor,Poor,Poor,#FF7E00
2025-04-18 13:30:00,"R K Puram, Delhi - DPCC",217.0,218.0504826839827,217.08173,1.0504826839826933,0.08172607421875,Very Poor,Very Poor,Very Poor,#FF0000
2025-04-18 14:30:00,"R K Puram, Delhi - DPCC",267.0,265.353,267.06412,1.6469999999999914,0.064117431640625,Very Poor,Very Poor,Very Poor,#FF0000
2025-04-18 15:30:00,"R K Puram, Delhi - DPCC",500.0,490.4707308802309,499.78168,9.529269119769085,0.21832275390625,Severe,Severe,Severe,#8F3F97
2025-04-18 16:30:00,"R K Puram, Delhi - DPCC",500.0,473.159365079365,499.7686,26.84063492063501,0.231414794921875,Severe,Severe,Severe,#8F3F97
2025-04-18 17:30:00,"R K Puram, Delhi - DPCC",166.0,171.09604942279947,166.02026,5.096049422799467,0.020263671875,Poor,Poor,Poor,#FF7E00
2025-04-18 18:30:00,"R K Puram, Delhi - DPCC",90.0,95.8982301587302,90.54532,5.898230158730186,0.545318603515625,Moderate,Moderate,Moderate,#FFFF00
2025-04-18 19:30:00,"R K Puram, Delhi - DPCC",83.0,85.16709920634919,82.708176,2.1670992063491923,0.2918243408203125,Moderate,Moderate,Moderate,#FFFF00
2025-04-18 20:30:00,"R K Puram, Delhi - DPCC",51.0,55.16599999999998,51.93167,4.165999999999983,0.931671142578125,Moderate,Moderate,Moderate,#FFFF00
2025-04-18 21:30:00,"R K Puram, Delhi - DPCC",57.0,57.01860714285712,56.79272,0.018607142857121,0.2072792053222656,Moderate,Moderate,Moderate,#FFFF00
2025-04-18 22:30:00,"R K Puram, Delhi - DPCC",51.0,54.39410714285714,51.358364,3.3941071428571377,0.3583641052246094,Moderate,Moderate,Moderate,#FFFF00
2025-04-18 23:30:00,"R K Puram, Delhi - DPCC",95.0,87.93422008547007,94.878105,7.065779914529927,0.1218948364257812,Moderate,Moderate,Moderate,#FFFF00
2025-04-19 00:30:00,"R K Puram, Delhi - DPCC",108.0,104.09378571428572,107.7569,3.9062142857142703,0.24310302734375,Poor,Poor,Poor,#FF7E00
2025-04-19 01:30:00,"R K Puram, Delhi - DPCC",126.0,125.89301190476192,125.9396,0.1069880952380799,0.0604019165039062,Poor,Poor,Poor,#FF7E00
2025-04-19 02:30:00,"R K Puram, Delhi - DPCC",155.0,156.6703214285714,155.03703,1.6703214285714123,0.0370330810546875,Poor,Poor,Poor,#FF7E00
2025-04-19 03:30:00,"R K Puram, Delhi - DPCC",140.0,139.78894841269835,139.77687,0.2110515873016254,0.2231292724609375,Poor,Poor,Poor,#FF7E00
2025-04-19 04:30:00,"R K Puram, Delhi - DPCC",140.0,140.6089007936508,139.71645,0.608900793650804,0.2835540771484375,Poor,Poor,Poor,#FF7E00
2025-04-19 05:30:00,"R K Puram, Delhi - DPCC",181.0,182.35526190476187,181.0469,1.3552619047618748,0.046905517578125,Poor,Poor,Poor,#FF7E00
2025-04-20 06:30:00,"R K Puram, Delhi - DPCC",178.0,178.35255447330448,178.30801,0.3525544733044796,0.308013916015625,Poor,Poor,Poor,#FF7E00
2025-04-20 07:30:00,"R K Puram, Delhi - DPCC",192.0,192.77990476190465,192.10835,0.7799047619046462,0.1083526611328125,Poor,Poor,Poor,#FF7E00
2025-04-20 08:30:00,"R K Puram, Delhi - DPCC",197.0,198.51637301587303,196.49467,1.5163730158730289,0.5053253173828125,Poor,Poor,Poor,#FF7E00
2025-04-20 09:30:00,"R K Puram, Delhi - DPCC",177.0,178.68364177489173,177.30396,1.6836417748917256,0.303955078125,Poor,Poor,Poor,#FF7E00
2025-04-20 10:30:00,"R K Puram, Delhi - DPCC",172.0,176.2179801587301,171.80487,4.217980158730086,0.19512939453125,Poor,Poor,Poor,#FF7E00
2025-04-20 11:30:00,"R K Puram, Delhi - DPCC",159.0,159.39571428571426,159.21524,0.3957142857142628,0.215240478515625,Poor,Poor,Poor,#FF7E00
2025-04-20 12:30:00,"R K Puram, Delhi - DPCC",152.0,151.50881349206347,151.79868,0.4911865079365327,0.201324462890625,Poor,Poor,Poor,#FF7E00
2025-04-20 13:30:00,"R K Puram, Delhi - DPCC",500.0,387.6164126984128,499.76047,112.38358730158724,0.239532470703125,Severe,Severe,Severe,#8F3F97
2025-04-20 14:30:00,"R K Puram, Delhi - DPCC",177.0,175.94290476190486,177.01555,1.057095238095144,0.0155487060546875,Poor,Poor,Poor,#FF7E00
2025-04-20 15:30:00,"R K Puram, Delhi - DPCC",181.0,182.45135714285712,180.30716,1.4513571428571197,0.692840576171875,Poor,Poor,Poor,#FF7E00
2025-04-20 16:30:00,"R K Puram, Delhi - DPCC",182.0,181.6798412698412,181.9818,0.3201587301587949,0.0182037353515625,Poor,Poor,Poor,#FF7E00
2025-04-20 17:30:00,"R K Puram, Delhi - DPCC",218.0,218.156384920635,217.64801,0.1563849206349914,0.35198974609375,Very Poor,Very Poor,Very Poor,#FF0000
2025-04-20 18:30:00,"R K Puram, Delhi - DPCC",183.0,183.84253571428573,183.08627,0.8425357142857308,0.086273193359375,Poor,Poor,Poor,#FF7E00
2025-04-20 19:30:00,"R K Puram, Delhi - DPCC",201.0,200.4037135642136,200.7187,0.5962864357863964,0.2812957763671875,Very Poor,Very Poor,Very Poor,#FF0000
2025-04-20 20:30:00,"R K Puram, Delhi - DPCC",500.0,492.9316666666666,499.91473,7.068333333333385,0.08526611328125,Severe,Severe,Severe,#8F3F97
2025-04-20 21:30:00,"R K Puram, Delhi - DPCC",156.0,158.83528174603177,156.13763,2.835281746031768,0.13763427734375,Poor,Poor,Poor,#FF7E00
2025-04-20 22:30:00,"R K Puram, Delhi - DPCC",149.0,152.11228174603173,151.03363,3.1122817460317265,2.03363037109375,Poor,Poor,Poor,#FF7E00
2025-04-20 23:30:00,"R K Puram, Delhi - DPCC",183.0,184.17661002886,182.8493,1.1766100288600114,0.15069580078125,Poor,Poor,Poor,#FF7E00
2025-04-21 00:30:00,"R K Puram, Delhi - DPCC",193.0,192.80004148629135,193.12,0.1999585137086228,0.1199951171875,Poor,Poor,Poor,#FF7E00
2025-04-21 01:30:00,"R K Puram, Delhi - DPCC",500.0,444.90403968253975,499.66522,55.09596031746025,0.33477783203125,Severe,Severe,Severe,#8F3F97
2025-04-21 02:30:00,"R K Puram, Delhi - DPCC",334.0,320.57198593073593,334.26788,13.428014069264066,0.26788330078125,Severe,Severe,Severe,#8F3F97
2025-04-21 03:30:00,"R K Puram, Delhi - DPCC",277.0,280.0050079365079,277.0131,3.0050079365079228,0.013092041015625,Very Poor,Very Poor,Very Poor,#FF0000
2025-04-21 04:30:00,"R K Puram, Delhi - DPCC",279.0,275.49575396825395,278.29053,3.504246031746049,0.70947265625,Very Poor,Very Poor,Very Poor,#FF0000
2025-04-21 05:30:00,"R K Puram, Delhi - DPCC",299.0,290.2154484126985,298.75052,8.784551587301507,0.249481201171875,Very Poor,Very Poor,Very Poor,#FF0000
2025-04-21 06:30:00,"R K Puram, Delhi - DPCC",417.0,408.5238683261184,416.9569,8.476131673881582,0.0430908203125,Severe,Severe,Severe,#8F3F97
2025-04-21 07:30:00,"R K Puram, Delhi - DPCC",246.0,242.69121969696968,246.10912,3.308780303030318,0.1091156005859375,Very Poor,Very Poor,Very Poor,#FF0000
2025-04-21 08:30:00,"R K Puram, Delhi - DPCC",211.0,211.0802896825396,210.93846,0.0802896825396146,0.0615386962890625,Very Poor,Very Poor,Very Poor,#FF0000
2025-04-21 09:30:00,"R K Puram, Delhi - DPCC",209.0,214.51147222222212,208.54056,5.511472222222153,0.459442138671875,Very Poor,Very Poor,Very Poor,#FF0000
2025-04-21 10:30:00,"R K Puram, Delhi - DPCC",184.0,184.0489325396825,184.03712,0.0489325396825108,0.0371246337890625,Poor,Poor,Poor,#FF7E00
2025-04-21 11:30:00,"R K Puram, Delhi - DPCC",186.0,185.33992063492065,185.77332,0.6600793650793548,0.2266845703125,Poor,Poor,Poor,#FF7E00
2025-04-21 12:30:00,"R K Puram, Delhi - DPCC",171.0,171.0700634920635,170.94273,0.0700634920634968,0.0572662353515625,Poor,Poor,Poor,#FF7E00
2025-04-21 13:30:00,"R K Puram, Delhi - DPCC",167.0,166.73856746031746,167.05115,0.261432539682545,0.0511474609375,Poor,Poor,Poor,#FF7E00
2025-04-21 14:30:00,"R K Puram, Delhi - DPCC",188.0,188.8308412698412,188.13757,0.8308412698411871,0.1375732421875,Poor,Poor,Poor,#FF7E00
2025-04-21 15:30:00,"R K Puram, Delhi - DPCC",173.0,173.2092857142857,172.746,0.2092857142856985,0.253997802734375,Poor,Poor,Poor,#FF7E00
2025-04-21 16:30:00,"R K Puram, Delhi - DPCC",170.0,170.46082936507935,169.88684,0.4608293650793484,0.1131591796875,Poor,Poor,Poor,#FF7E00
2025-04-21 17:30:00,"R K Puram, Delhi - DPCC",167.0,166.99363888888888,167.22214,0.0063611111111185,0.222137451171875,Poor,Poor,Poor,#FF7E00
2025-04-21 18:30:00,"R K Puram, Delhi - DPCC",172.0,172.29720634920636,171.91795,0.2972063492063626,0.0820465087890625,Poor,Poor,Poor,#FF7E00
2025-04-21 19:30:00,"R K Puram, Delhi - DPCC",179.0,178.29896320346322,179.0107,0.7010367965367834,0.0106964111328125,Poor,Poor,Poor,#FF7E00
2025-04-21 20:30:00,"R K Puram, Delhi - DPCC",153.0,153.17236111111114,152.50055,0.1723611111111438,0.49945068359375,Poor,Poor,Poor,#FF7E00
2025-04-21 21:30:00,"R K Puram, Delhi - DPCC",149.0,147.7294007936508,148.74275,1.270599206349203,0.2572479248046875,Poor,Poor,Poor,#FF7E00
2025-04-21 22:30:00,"R K Puram, Delhi - DPCC",146.0,147.0853293650794,146.31097,1.0853293650793887,0.31097412109375,Poor,Poor,Poor,#FF7E00
2025-04-21 23:30:00,"R K Puram, Delhi - DPCC",228.0,228.64275,227.87173,0.6427500000000066,0.128265380859375,Very Poor,Very Poor,Very Poor,#FF0000
2025-04-22 00:30:00,"R K Puram, Delhi - DPCC",182.0,181.1527896825397,182.14735,0.8472103174603092,0.1473541259765625,Poor,Poor,Poor,#FF7E00
2025-04-22 01:30:00,"R K Puram, Delhi - DPCC",197.0,195.903130952381,196.26086,1.096869047619009,0.7391357421875,Poor,Poor,Poor,#FF7E00
2025-04-22 02:30:00,"R K Puram, Delhi - DPCC",234.0,236.5938162393162,234.0876,2.593816239316197,0.0876007080078125,Very Poor,Very Poor,Very Poor,#FF0000
2025-04-22 03:30:00,"R K Puram, Delhi - DPCC",427.0,417.5551334776335,426.9385,9.44486652236651,0.061492919921875,Severe,Severe,Severe,#8F3F97
2025-04-22 04:30:00,"R K Puram, Delhi - DPCC",233.0,243.52107539682532,232.12994,10.521075396825353,0.87005615234375,Very Poor,Very Poor,Very Poor,#FF0000
2025-04-22 05:30:00,"R K Puram, Delhi - DPCC",245.0,245.3995133477634,245.81898,0.3995133477633885,0.8189849853515625,Very Poor,Very Poor,Very Poor,#FF0000
2025-04-22 06:30:00,"R K Puram, Delhi - DPCC",277.0,280.69655952380947,276.69345,3.696559523809469,0.306549072265625,Very Poor,Very Poor,Very Poor,#FF0000
2025-04-22 07:30:00,"R K Puram, Delhi - DPCC",219.0,219.2476785714285,218.56009,0.2476785714285085,0.439910888671875,Very Poor,Very Poor,Very Poor,#FF0000
2025-04-22 08:30:00,"R K Puram, Delhi - DPCC",226.0,228.3142023809524,226.0061,2.3142023809523664,0.006103515625,Very Poor,Very Poor,Very Poor,#FF0000
2025-04-22 09:30:00,"R K Puram, Delhi - DPCC",175.0,175.68968253968248,174.85065,0.6896825396824795,0.14935302734375,Poor,Poor,Poor,#FF7E00
2025-04-22 10:30:00,"R K Puram, Delhi - DPCC",189.0,188.90936507936505,189.15689,0.0906349206349546,0.156890869140625,Poor,Poor,Poor,#FF7E00
2025-04-22 11:30:00,"R K Puram, Delhi - DPCC",171.0,171.08443253968252,170.88348,0.084432539682524,0.11651611328125,Poor,Poor,Poor,#FF7E00
2025-04-22 12:30:00,"R K Puram, Delhi - DPCC",185.0,184.94040079365084,185.0038,0.0595992063491621,0.0037994384765625,Poor,Poor,Poor,#FF7E00
2025-04-22 13:30:00,"R K Puram, Delhi - DPCC",148.0,146.61682539682536,148.17209,1.3831746031746377,0.172088623046875,Poor,Poor,Poor,#FF7E00
2025-04-22 14:30:00,"R K Puram, Delhi - DPCC",294.0,282.84332142857136,293.79324,11.156678571428642,0.206756591796875,Very Poor,Very Poor,Very Poor,#FF0000
2025-04-22 15:30:00,"R K Puram, Delhi - DPCC",285.0,275.37666666666667,284.6038,9.623333333333337,0.396209716796875,Very Poor,Very Poor,Very Poor,#FF0000
2025-04-22 16:30:00,"R K Puram, Delhi - DPCC",254.0,253.10011507936505,253.73878,0.8998849206349462,0.2612152099609375,Very Poor,Very Poor,Very Poor,#FF0000
2025-04-22 17:30:00,"R K Puram, Delhi - DPCC",239.0,240.18607142857132,238.96866,1.1860714285713527,0.031341552734375,Very Poor,Very Poor,Very Poor,#FF0000
2025-04-22 18:30:00,"R K Puram, Delhi - DPCC",316.0,316.7843690476191,316.35913,0.7843690476191227,0.359130859375,Severe,Severe,Severe,#8F3F97
2025-04-22 19:30:00,"R K Puram, Delhi - DPCC",303.0,303.872984126984,302.85095,0.8729841269840222,0.1490478515625,Severe,Severe,Severe,#8F3F97
2025-04-22 20:30:00,"R K Puram, Delhi - DPCC",157.0,163.33011507936507,156.68105,6.330115079365072,0.3189544677734375,Poor,Poor,Poor,#FF7E00
2025-04-22 21:30:00,"R K Puram, Delhi - DPCC",153.0,154.86265873015876,152.85904,1.8626587301587565,0.140960693359375,Poor,Poor,Poor,#FF7E00
2025-04-22 22:30:00,"R K Puram, Delhi - DPCC",500.0,444.60459523809527,499.82907,55.39540476190473,0.170928955078125,Severe,Severe,Severe,#8F3F97
2025-04-22 23:30:00,"R K Puram, Delhi - DPCC",151.0,170.53564285714285,151.1613,19.535642857142847,0.1613006591796875,Poor,Poor,Poor,#FF7E00
2025-04-23 00:30:00,"R K Puram, Delhi - DPCC",326.0,343.35665476190474,325.4324,17.356654761904736,0.567596435546875,Severe,Severe,Severe,#8F3F97
2025-04-23 01:30:00,"R K Puram, Delhi - DPCC",337.0,339.9589880952381,337.2644,2.958988095238112,0.264404296875,Severe,Severe,Severe,#8F3F97
2025-04-23 02:30:00,"R K Puram, Delhi - DPCC",500.0,452.9180555555554,498.68716,47.081944444444616,1.312835693359375,Severe,Severe,Severe,#8F3F97
2025-04-23 03:30:00,"R K Puram, Delhi - DPCC",243.0,247.4902500000001,242.92265,4.490250000000088,0.0773468017578125,Very Poor,Very Poor,Very Poor,#FF0000
2025-04-23 04:30:00,"R K Puram, Delhi - DPCC",436.0,426.1103517316018,435.9344,9.88964826839822,0.06561279296875,Severe,Severe,Severe,#8F3F97
2025-04-23 05:30:00,"R K Puram, Delhi - DPCC",344.0,333.2552222222223,343.8654,10.7447777777777,0.134613037109375,Severe,Severe,Severe,#8F3F97
2025-04-23 06:30:00,"R K Puram, Delhi - DPCC",259.0,271.0936111111111,259.20468,12.093611111111102,0.204681396484375,Very Poor,Very Poor,Very Poor,#FF0000
2025-04-23 07:30:00,"R K Puram, Delhi - DPCC",391.0,375.58154365079366,391.16208,15.418456349206338,0.162078857421875,Severe,Severe,Severe,#8F3F97
2025-04-23 08:30:00,"R K Puram, Delhi - DPCC",171.0,169.46070057720067,170.8479,1.5392994227993313,0.152099609375,Poor,Poor,Poor,#FF7E00
2025-04-23 09:30:00,"R K Puram, Delhi - DPCC",171.0,179.33120129870133,171.15852,8.33120129870133,0.1585235595703125,Poor,Poor,Poor,#FF7E00
2025-04-23 10:30:00,"R K Puram, Delhi - DPCC",155.0,156.2715912698413,154.8159,1.2715912698413092,0.1840972900390625,Poor,Poor,Poor,#FF7E00
2025-04-23 11:30:00,"R K Puram, Delhi - DPCC",136.0,145.90222222222224,137.03159,9.902222222222235,1.031585693359375,Poor,Poor,Poor,#FF7E00
2025-04-23 12:30:00,"R K Puram, Delhi - DPCC",207.0,209.47738888888887,206.92017,2.4773888888889246,0.079833984375,Very Poor,Very Poor,Very Poor,#FF0000
2025-04-23 13:30:00,"R K Puram, Delhi - DPCC",181.0,181.49407142857137,180.9869,0.4940714285713738,0.0131072998046875,Poor,Poor,Poor,#FF7E00
2025-04-23 14:30:00,"R K Puram, Delhi - DPCC",195.0,195.4465952380952,195.12642,0.4465952380951705,0.1264190673828125,Poor,Poor,Poor,#FF7E00
2025-04-23 15:30:00,"R K Puram, Delhi - DPCC",187.0,187.5515000000001,186.74783,0.5515000000000896,0.252166748046875,Poor,Poor,Poor,#FF7E00
2025-04-23 16:30:00,"R K Puram, Delhi - DPCC",232.0,233.6395238095238,231.82944,1.6395238095238085,0.170562744140625,Very Poor,Very Poor,Very Poor,#FF0000
2025-04-23 17:30:00,"R K Puram, Delhi - DPCC",215.0,218.86524206349208,214.93071,3.865242063492076,0.0692901611328125,Very Poor,Very Poor,Very Poor,#FF0000
2025-04-23 18:30:00,"R K Puram, Delhi - DPCC",333.0,335.6003095238095,332.82874,2.6003095238095284,0.1712646484375,Severe,Severe,Severe,#8F3F97
2025-04-23 19:30:00,"R K Puram, Delhi - DPCC",348.0,348.3879126984126,347.80203,0.387912698412606,0.197967529296875,Severe,Severe,Severe,#8F3F97
2025-04-23 20:30:00,"R K Puram, Delhi - DPCC",355.0,353.526496031746,354.558,1.473503968254022,0.441986083984375,Severe,Severe,Severe,#8F3F97
2025-04-23 21:30:00,"R K Puram, Delhi - DPCC",346.0,345.5987698412698,345.91467,0.4012301587301863,0.0853271484375,Severe,Severe,Severe,#8F3F97
2025-04-23 22:30:00,"R K Puram, Delhi - DPCC",313.0,313.7390595238095,313.00867,0.7390595238094875,0.0086669921875,Severe,Severe,Severe,#8F3F97
2025-04-23 23:30:00,"R K Puram, Delhi - DPCC",500.0,493.8776666666666,499.88864,6.122333333333359,0.111358642578125,Severe,Severe,Severe,#8F3F97
2025-04-24 00:30:00,"R K Puram, Delhi - DPCC",293.0,293.1456493506492,293.16956,0.1456493506491938,0.1695556640625,Very Poor,Very Poor,Very Poor,#FF0000
2025-04-24 01:30:00,"R K Puram, Delhi - DPCC",377.0,393.2524960317462,377.20135,16.252496031746205,0.20135498046875,Severe,Severe,Severe,#8F3F97
2025-04-24 02:30:00,"R K Puram, Delhi - DPCC",391.0,396.16868650793657,390.83087,5.16868650793657,0.16912841796875,Severe,Severe,Severe,#8F3F97
2025-04-24 03:30:00,"R K Puram, Delhi - DPCC",267.0,270.6483625541125,267.1422,3.648362554112509,0.1422119140625,Very Poor,Very Poor,Very Poor,#FF0000
2025-04-24 04:30:00,"R K Puram, Delhi - DPCC",188.0,184.31650541125543,186.53543,3.6834945887445656,1.464569091796875,Poor,Poor,Poor,#FF7E00
2025-04-24 05:30:00,"R K Puram, Delhi - DPCC",180.0,179.5091349206349,180.36757,0.4908650793651077,0.3675689697265625,Poor,Poor,Poor,#FF7E00
2025-04-24 06:30:00,"R K Puram, Delhi - DPCC",163.0,178.07122402597403,163.00835,15.071224025974033,0.0083465576171875,Poor,Poor,Poor,#FF7E00
2025-04-24 07:30:00,"R K Puram, Delhi - DPCC",156.0,170.1026277056277,155.86136,14.102627705627697,0.138641357421875,Poor,Poor,Poor,#FF7E00
2025-04-24 08:30:00,"R K Puram, Delhi - DPCC",142.0,145.07709163059164,141.71927,3.0770916305916387,0.280731201171875,Poor,Poor,Poor,#FF7E00
2025-04-24 09:30:00,"R K Puram, Delhi - DPCC",144.0,144.92938672438677,144.08542,0.9293867243867452,0.085418701171875,Poor,Poor,Poor,#FF7E00
2025-04-24 10:30:00,"R K Puram, Delhi - DPCC",155.0,154.87296825396825,154.68071,0.1270317460317471,0.3192901611328125,Poor,Poor,Poor,#FF7E00
2025-04-24 11:30:00,"R K Puram, Delhi - DPCC",288.0,271.02675216450206,287.75055,16.973247835497943,0.24945068359375,Very Poor,Very Poor,Very Poor,#FF0000
2025-04-24 12:30:00,"R K Puram, Delhi - DPCC",255.0,258.3647857142858,255.1757,3.364785714285801,0.1757049560546875,Very Poor,Very Poor,Very Poor,#FF0000
2025-04-24 13:30:00,"R K Puram, Delhi - DPCC",253.0,268.72698953823965,253.64589,15.72698953823965,0.6458892822265625,Very Poor,Very Poor,Very Poor,#FF0000
2025-04-24 14:30:00,"R K Puram, Delhi - DPCC",410.0,412.05927272727286,410.15564,2.0592727272728557,0.1556396484375,Severe,Severe,Severe,#8F3F97
2025-04-24 15:30:00,"R K Puram, Delhi - DPCC",400.0,411.090490981241,400.01193,11.090490981241032,0.011932373046875,Severe,Severe,Severe,#8F3F97
2025-04-24 16:30:00,"R K Puram, Delhi - DPCC",317.0,332.9560753968255,316.94995,15.956075396825495,0.050048828125,Severe,Severe,Severe,#8F3F97
2025-04-24 17:30:00,"R K Puram, Delhi - DPCC",280.0,305.0510952380953,279.72598,25.05109523809529,0.274017333984375,Very Poor,Severe,Very Poor,#FF0000
2025-04-24 18:30:00,"R K Puram, Delhi - DPCC",200.0,219.1188982683983,200.53413,19.11889826839831,0.5341339111328125,Poor,Very Poor,Very Poor,#FF7E00
2025-04-24 19:30:00,"R K Puram, Delhi - DPCC",189.0,184.97422474747472,188.70619,4.025775252525278,0.2938079833984375,Poor,Poor,Poor,#FF7E00
2025-04-24 20:30:00,"R K Puram, Delhi - DPCC",194.0,192.8177056277056,193.91798,1.1822943722944217,0.0820159912109375,Poor,Poor,Poor,#FF7E00
2025-04-24 21:30:00,"R K Puram, Delhi - DPCC",192.0,196.3542557720057,191.52081,4.3542557720057005,0.47918701171875,Poor,Poor,Poor,#FF7E00
2025-04-24 22:30:00,"R K Puram, Delhi - DPCC",176.0,181.67571825396823,177.72876,5.675718253968228,1.728759765625,Poor,Poor,Poor,#FF7E00
2025-04-24 23:30:00,"R K Puram, Delhi - DPCC",175.0,176.9063611111111,175.42235,1.906361111111096,0.4223480224609375,Poor,Poor,Poor,#FF7E00
2025-04-25 00:30:00,"R K Puram, Delhi - DPCC",201.0,202.7940277777778,200.97232,1.7940277777778135,0.027679443359375,Very Poor,Very Poor,Very Poor,#FF0000
2025-04-25 01:30:00,"R K Puram, Delhi - DPCC",281.0,281.88542063492065,281.5635,0.8854206349206493,0.563507080078125,Very Poor,Very Poor,Very Poor,#FF0000
2025-04-25 02:30:00,"R K Puram, Delhi - DPCC",293.0,296.4582420634921,293.19992,3.4582420634920936,0.199920654296875,Very Poor,Very Poor,Very Poor,#FF0000
2025-04-25 03:30:00,"R K Puram, Delhi - DPCC",277.0,275.1460873015873,276.7915,1.853912698412728,0.20849609375,Very Poor,Very Poor,Very Poor,#FF0000
2025-04-25 04:30:00,"R K Puram, Delhi - DPCC",321.0,315.0425992063492,321.0359,5.957400793650834,0.035888671875,Severe,Severe,Severe,#8F3F97
2025-04-25 05:30:00,"R K Puram, Delhi - DPCC",416.0,414.5915753968253,415.60013,1.4084246031746943,0.399871826171875,Severe,Severe,Severe,#8F3F97
2025-04-25 06:30:00,"R K Puram, Delhi - DPCC",345.0,335.17447402597406,344.94083,9.825525974025936,0.059173583984375,Severe,Severe,Severe,#8F3F97
2025-04-25 07:30:00,"R K Puram, Delhi - DPCC",223.0,226.44071428571436,222.86661,3.440714285714336,0.133392333984375,Very Poor,Very Poor,Very Poor,#FF0000
2025-04-25 08:30:00,"R K Puram, Delhi - DPCC",173.0,169.98291378066386,172.85413,3.017086219336136,0.1458740234375,Poor,Poor,Poor,#FF7E00
2025-04-25 09:30:00,"R K Puram, Delhi - DPCC",146.0,145.20536111111113,145.95221,0.7946388888888691,0.04779052734375,Poor,Poor,Poor,#FF7E00
2025-04-25 10:30:00,"R K Puram, Delhi - DPCC",138.0,139.20796067821067,138.60823,1.207960678210668,0.6082305908203125,Poor,Poor,Poor,#FF7E00
2025-04-25 11:30:00,"R K Puram, Delhi - DPCC",164.0,164.14512878787886,163.94081,0.1451287878788605,0.0591888427734375,Poor,Poor,Poor,#FF7E00
2025-04-25 12:30:00,"R K Puram, Delhi - DPCC",232.0,235.25674877899877,232.0132,3.256748778998741,0.0131988525390625,Very Poor,Very Poor,Very Poor,#FF0000
2025-04-25 13:30:00,"R K Puram, Delhi - DPCC",260.0,268.1439523809523,259.74854,8.143952380952328,0.25146484375,Very Poor,Very Poor,Very Poor,#FF0000
2025-04-25 14:30:00,"R K Puram, Delhi - DPCC",430.0,426.1197738095239,429.77704,3.880226190476094,0.22296142578125,Severe,Severe,Severe,#8F3F97
2025-04-25 15:30:00,"R K Puram, Delhi - DPCC",429.0,431.1429087301588,428.92548,2.1429087301587515,0.07452392578125,Severe,Severe,Severe,#8F3F97
2025-04-25 16:30:00,"R K Puram, Delhi - DPCC",423.0,425.4000436507937,423.14175,2.400043650793691,0.141754150390625,Severe,Severe,Severe,#8F3F97
2025-04-25 17:30:00,"R K Puram, Delhi - DPCC",350.0,345.9583571428572,350.04126,4.04164285714279,0.041259765625,Severe,Severe,Severe,#8F3F97
2025-04-25 18:30:00,"R K Puram, Delhi - DPCC",312.0,318.6628928571429,311.64108,6.662892857142879,0.358917236328125,Severe,Severe,Severe,#8F3F97
2025-04-25 19:30:00,"R K Puram, Delhi - DPCC",308.0,309.93716666666666,308.83408,1.937166666666656,0.834075927734375,Severe,Severe,Severe,#8F3F97
2025-04-25 20:30:00,"R K Puram, Delhi - DPCC",215.0,216.5111904761905,215.0701,1.5111904761905066,0.070098876953125,Very Poor,Very Poor,Very Poor,#FF0000
2025-04-25 21:30:00,"R K Puram, Delhi - DPCC",211.0,208.90246092796096,210.9258,2.0975390720390408,0.0742034912109375,Very Poor,Very Poor,Very Poor,#FF0000
2025-04-25 22:30:00,"R K Puram, Delhi - DPCC",186.0,183.33122366522363,185.80843,2.668776334776368,0.1915740966796875,Poor,Poor,Poor,#FF7E00
2025-04-25 23:30:00,"R K Puram, Delhi - DPCC",235.0,236.8477023809524,235.08582,1.84770238095237,0.0858154296875,Very Poor,Very Poor,Very Poor,#FF0000
2025-04-26 00:30:00,"R K Puram, Delhi - DPCC",290.0,295.5193437950938,290.16556,5.519343795093789,0.165557861328125,Very Poor,Very Poor,Very Poor,#FF0000
2025-04-26 01:30:00,"R K Puram, Delhi - DPCC",429.0,423.7731255411257,429.2117,5.226874458874306,0.211700439453125,Severe,Severe,Severe,#8F3F97
2025-04-26 02:30:00,"R K Puram, Delhi - DPCC",424.0,408.2615732323232,423.85706,15.7384267676768,0.1429443359375,Severe,Severe,Severe,#8F3F97
2025-04-26 03:30:00,"R K Puram, Delhi - DPCC",369.0,373.3227142857143,369.25052,4.322714285714312,0.250518798828125,Severe,Severe,Severe,#8F3F97
2025-04-26 04:30:00,"R K Puram, Delhi - DPCC",407.0,394.04532323232326,406.7342,12.954676767676744,0.26580810546875,Severe,Severe,Severe,#8F3F97
2025-04-26 05:30:00,"R K Puram, Delhi - DPCC",256.0,294.50620779220776,256.0543,38.50620779220776,0.054290771484375,Very Poor,Very Poor,Very Poor,#FF0000
2025-04-26 06:30:00,"R K Puram, Delhi - DPCC",252.0,268.1025292207792,251.86485,16.10252922077916,0.1351470947265625,Very Poor,Very Poor,Very Poor,#FF0000
2025-04-26 07:30:00,"R K Puram, Delhi - DPCC",125.0,119.49599603174607,124.801994,5.504003968253926,0.1980056762695312,Poor,Poor,Poor,#FF7E00
2025-04-26 08:30:00,"R K Puram, Delhi - DPCC",120.0,109.07032792207794,119.71688,10.929672077922064,0.2831192016601562,Poor,Poor,Poor,#FF7E00
2025-04-26 09:30:00,"R K Puram, Delhi - DPCC",133.0,130.12934523809523,133.10973,2.8706547619047456,0.1097259521484375,Poor,Poor,Poor,#FF7E00
2025-04-26 10:30:00,"R K Puram, Delhi - DPCC",115.0,114.82301370851368,114.60542,0.1769862914863154,0.3945770263671875,Poor,Poor,Poor,#FF7E00
2025-04-26 11:30:00,"R K Puram, Delhi - DPCC",266.0,249.4887500000001,265.36673,16.511249999999905,0.633270263671875,Very Poor,Very Poor,Very Poor,#FF0000
2025-04-26 12:30:00,"R K Puram, Delhi - DPCC",407.0,393.8627597402598,407.00717,13.137240259740224,0.007171630859375,Severe,Severe,Severe,#8F3F97
2025-04-26 13:30:00,"R K Puram, Delhi - DPCC",200.0,200.3481904761904,200.25072,0.348190476190382,0.2507171630859375,Poor,Very Poor,Very Poor,#FF7E00
2025-04-26 14:30:00,"R K Puram, Delhi - DPCC",245.0,246.62951731601737,245.17348,1.6295173160173704,0.1734771728515625,Very Poor,Very Poor,Very Poor,#FF0000
2025-04-26 15:30:00,"R K Puram, Delhi - DPCC",250.0,257.37994444444445,249.87306,7.379944444444447,0.1269378662109375,Very Poor,Very Poor,Very Poor,#FF0000
2025-04-26 16:30:00,"R K Puram, Delhi - DPCC",248.0,248.2145649350649,247.52156,0.2145649350649421,0.4784393310546875,Very Poor,Very Poor,Very Poor,#FF0000
2025-04-26 17:30:00,"R K Puram, Delhi - DPCC",170.0,170.75741269841265,170.13571,0.7574126984126508,0.135711669921875,Poor,Poor,Poor,#FF7E00
2025-04-26 18:30:00,"R K Puram, Delhi - DPCC",152.0,151.5299722222222,151.92519,0.4700277777778012,0.0748138427734375,Poor,Poor,Poor,#FF7E00
2025-04-26 19:30:00,"R K Puram, Delhi - DPCC",78.0,117.43794444444448,79.90504,39.43794444444447,1.9050369262695312,Moderate,Poor,Moderate,#FFFF00
2025-04-26 20:30:00,"R K Puram, Delhi - DPCC",111.0,110.91614285714286,111.15857,0.0838571428571413,0.1585693359375,Poor,Poor,Poor,#FF7E00
2025-04-26 21:30:00,"R K Puram, Delhi - DPCC",153.0,146.67538095238095,153.34451,6.324619047619052,0.344512939453125,Poor,Poor,Poor,#FF7E00
2025-04-26 22:30:00,"R K Puram, Delhi - DPCC",149.0,147.0479126984127,148.57582,1.952087301587312,0.4241790771484375,Poor,Poor,Poor,#FF7E00
2025-04-26 23:30:00,"R K Puram, Delhi - DPCC",223.0,224.08997222222217,222.93019,1.0899722222221726,0.0698089599609375,Very Poor,Very Poor,Very Poor,#FF0000
2025-04-27 00:30:00,"R K Puram, Delhi - DPCC",500.0,498.465,499.87207,1.535000000000025,0.1279296875,Severe,Severe,Severe,#8F3F97
2025-04-27 01:30:00,"R K Puram, Delhi - DPCC",500.0,495.0075,499.73953,4.992500000000007,0.260467529296875,Severe,Severe,Severe,#8F3F97
2025-04-27 02:30:00,"R K Puram, Delhi - DPCC",332.0,326.5785454545455,332.3617,5.4214545454544805,0.3616943359375,Severe,Severe,Severe,#8F3F97
2025-04-27 03:30:00,"R K Puram, Delhi - DPCC",315.0,314.93184307359314,314.39343,0.0681569264068571,0.6065673828125,Severe,Severe,Severe,#8F3F97
2025-04-27 04:30:00,"R K Puram, Delhi - DPCC",500.0,461.43456132756137,499.942,38.56543867243863,0.058013916015625,Severe,Severe,Severe,#8F3F97
2025-04-27 05:30:00,"R K Puram, Delhi - DPCC",350.0,347.4014740259741,349.8588,2.598525974025847,0.141204833984375,Severe,Severe,Severe,#8F3F97
2025-04-27 06:30:00,"R K Puram, Delhi - DPCC",293.0,297.26657142857147,292.98575,4.266571428571467,0.014251708984375,Very Poor,Very Poor,Very Poor,#FF0000
2025-04-27 07:30:00,"R K Puram, Delhi - DPCC",237.0,238.2258412698413,236.90472,1.2258412698413397,0.09527587890625,Very Poor,Very Poor,Very Poor,#FF0000
2025-04-27 08:30:00,"R K Puram, Delhi - DPCC",184.0,184.9494841269841,182.51123,0.949484126984089,1.48876953125,Poor,Poor,Poor,#FF7E00
2025-04-27 09:30:00,"R K Puram, Delhi - DPCC",152.0,152.12033405483405,152.01048,0.1203340548340463,0.0104827880859375,Poor,Poor,Poor,#FF7E00
2025-04-27 10:30:00,"R K Puram, Delhi - DPCC",120.0,123.6472619047619,120.73468,3.647261904761905,0.73468017578125,Poor,Poor,Poor,#FF7E00
2025-04-27 11:30:00,"R K Puram, Delhi - DPCC",500.0,488.6728571428571,499.8529,11.327142857142915,0.1470947265625,Severe,Severe,Severe,#8F3F97
2025-04-27 12:30:00,"R K Puram, Delhi - DPCC",138.0,138.00806962481957,137.81732,0.0080696248195692,0.18267822265625,Poor,Poor,Poor,#FF7E00
2025-04-27 13:30:00,"R K Puram, Delhi - DPCC",293.0,339.90547619047624,292.95566,46.90547619047624,0.044342041015625,Very Poor,Severe,Very Poor,#FF0000
2025-04-27 14:30:00,"R K Puram, Delhi - DPCC",461.0,448.2763163780664,460.45786,12.723683621933615,0.542144775390625,Severe,Severe,Severe,#8F3F97
2025-04-27 15:30:00,"R K Puram, Delhi - DPCC",411.0,409.6032925685426,411.1974,1.3967074314574006,0.1973876953125,Severe,Severe,Severe,#8F3F97
2025-04-27 16:30:00,"R K Puram, Delhi - DPCC",320.0,316.4615634920635,318.75366,3.538436507936524,1.246337890625,Severe,Severe,Severe,#8F3F97
2025-04-27 17:30:00,"R K Puram, Delhi - DPCC",303.0,303.5759603174604,303.20755,0.5759603174603285,0.207550048828125,Severe,Severe,Severe,#8F3F97
2025-04-27 18:30:00,"R K Puram, Delhi - DPCC",303.0,302.9176785714286,303.10254,0.0823214285713902,0.1025390625,Severe,Severe,Severe,#8F3F97
2025-04-27 19:30:00,"R K Puram, Delhi - DPCC",293.0,291.87134379509376,292.9409,1.1286562049062354,0.059112548828125,Very Poor,Very Poor,Very Poor,#FF0000
2025-04-27 20:30:00,"R K Puram, Delhi - DPCC",180.0,180.347,180.99136,0.3470000000000084,0.991363525390625,Poor,Poor,Poor,#FF7E00
2025-04-27 21:30:00,"R K Puram, Delhi - DPCC",186.0,185.24705699855696,185.86829,0.7529430014430432,0.1317138671875,Poor,Poor,Poor,#FF7E00
2025-04-27 22:30:00,"R K Puram, Delhi - DPCC",209.0,208.5182664835165,208.97849,0.4817335164835015,0.021514892578125,Very Poor,Very Poor,Very Poor,#FF0000
2025-04-27 23:30:00,"R K Puram, Delhi - DPCC",220.0,217.7419920634921,219.62202,2.25800793650788,0.3779754638671875,Very Poor,Very Poor,Very Poor,#FF0000
2025-04-28 00:30:00,"R K Puram, Delhi - DPCC",235.0,235.9944642857143,235.0803,0.9944642857142868,0.0803070068359375,Very Poor,Very Poor,Very Poor,#FF0000
2025-04-28 01:30:00,"R K Puram, Delhi - DPCC",341.0,329.6956904761904,340.8369,11.304309523809591,0.1630859375,Severe,Severe,Severe,#8F3F97
2025-04-28 02:30:00,"R K Puram, Delhi - DPCC",385.0,362.5607063492063,384.7479,22.439293650793672,0.252105712890625,Severe,Severe,Severe,#8F3F97
2025-04-28 03:30:00,"R K Puram, Delhi - DPCC",319.0,319.1980634920635,319.2724,0.1980634920635111,0.27239990234375,Severe,Severe,Severe,#8F3F97
2025-04-28 04:30:00,"R K Puram, Delhi - DPCC",330.0,330.8967799422799,330.8591,0.8967799422799203,0.859100341796875,Severe,Severe,Severe,#8F3F97
2025-04-28 05:30:00,"R K Puram, Delhi - DPCC",366.0,367.9727539682538,366.16888,1.972753968253869,0.16888427734375,Severe,Severe,Severe,#8F3F97
2025-04-28 09:30:00,"R K Puram, Delhi - DPCC",500.0,493.1609047619048,500.00418,6.839095238095183,0.004180908203125,Severe,Severe,Severe,#8F3F97
2025-04-28 10:30:00,"R K Puram, Delhi - DPCC",500.0,498.464,499.97348,1.5360000000000014,0.026519775390625,Severe,Severe,Severe,#8F3F97
2025-04-30 05:30:00,"R K Puram, Delhi - DPCC",32.0,126.874873015873,33.487007,94.874873015873,1.4870071411132812,Good,Poor,Good,#00E400
2025-04-30 06:30:00,"R K Puram, Delhi - DPCC",185.0,183.10952922077925,185.2596,1.890470779220749,0.2595977783203125,Poor,Poor,Poor,#FF7E00
2025-04-30 07:30:00,"R K Puram, Delhi - DPCC",170.0,160.513873015873,169.98714,9.486126984126996,0.0128631591796875,Poor,Poor,Poor,#FF7E00
2025-04-30 08:30:00,"R K Puram, Delhi - DPCC",500.0,495.7825,499.79242,4.217499999999973,0.20758056640625,Severe,Severe,Severe,#8F3F97
2025-04-30 09:30:00,"R K Puram, Delhi - DPCC",500.0,500.0,500.038,0.0,0.037994384765625,Severe,Severe,Severe,#8F3F97
2025-04-30 10:30:00,"R K Puram, Delhi - DPCC",132.0,133.17807792207788,132.22375,1.1780779220778754,0.2237548828125,Poor,Poor,Poor,#FF7E00
2025-04-30 11:30:00,"R K Puram, Delhi - DPCC",140.0,141.71293867243864,139.9948,1.7129386724386393,0.0052032470703125,Poor,Poor,Poor,#FF7E00
2025-04-30 12:30:00,"R K Puram, Delhi - DPCC",149.0,145.04380555555556,148.84418,3.956194444444435,0.15582275390625,Poor,Poor,Poor,#FF7E00
2025-04-30 13:30:00,"R K Puram, Delhi - DPCC",162.0,162.4872658730159,162.03415,0.4872658730159003,0.034149169921875,Poor,Poor,Poor,#FF7E00
2025-04-30 14:30:00,"R K Puram, Delhi - DPCC",168.0,167.70647222222223,167.94455,0.2935277777777685,0.055450439453125,Poor,Poor,Poor,#FF7E00
2025-04-30 15:30:00,"R K Puram, Delhi - DPCC",165.0,165.26973593073595,165.21507,0.2697359307359477,0.2150726318359375,Poor,Poor,Poor,#FF7E00
2025-04-30 16:30:00,"R K Puram, Delhi - DPCC",154.0,153.60161111111114,152.98877,0.39838888888886,1.01123046875,Poor,Poor,Poor,#FF7E00
2025-04-30 17:30:00,"R K Puram, Delhi - DPCC",162.0,166.33372907647907,161.79189,4.333729076479074,0.2081146240234375,Poor,Poor,Poor,#FF7E00
2025-04-30 18:30:00,"R K Puram, Delhi - DPCC",145.0,145.08342460317456,144.81616,0.0834246031745635,0.183837890625,Poor,Poor,Poor,#FF7E00
2025-04-30 19:30:00,"R K Puram, Delhi - DPCC",146.0,146.47297222222224,146.78203,0.4729722222222392,0.7820281982421875,Poor,Poor,Poor,#FF7E00
2025-04-30 20:30:00,"R K Puram, Delhi - DPCC",164.0,161.5386893939394,163.61516,2.461310606060607,0.3848419189453125,Poor,Poor,Poor,#FF7E00
2025-04-30 21:30:00,"R K Puram, Delhi - DPCC",500.0,418.3362222222222,499.93036,81.6637777777778,0.06964111328125,Severe,Severe,Severe,#8F3F97
2025-04-30 22:30:00,"R K Puram, Delhi - DPCC",181.0,189.95011111111117,181.91435,8.950111111111141,0.9143524169921876,Poor,Poor,Poor,#FF7E00
2025-04-30 23:30:00,"R K Puram, Delhi - DPCC",203.0,211.86968253968251,203.03696,8.869682539682543,0.036956787109375,Very Poor,Very Poor,Very Poor,#FF0000
2025-05-01 00:30:00,"R K Puram, Delhi - DPCC",228.0,231.28060714285715,227.35149,3.28060714285715,0.6485137939453125,Very Poor,Very Poor,Very Poor,#FF0000
2025-05-01 01:30:00,"R K Puram, Delhi - DPCC",185.0,183.6289141414141,185.1512,1.3710858585859,0.1511993408203125,Poor,Poor,Poor,#FF7E00
2025-05-01 02:30:00,"R K Puram, Delhi - DPCC",151.0,150.4429722222222,151.90273,0.5570277777777903,0.9027252197265624,Poor,Poor,Poor,#FF7E00
2025-05-01 03:30:00,"R K Puram, Delhi - DPCC",167.0,167.1831626984127,167.10736,0.1831626984127012,0.10736083984375,Poor,Poor,Poor,#FF7E00
2025-05-01 04:30:00,"R K Puram, Delhi - DPCC",181.0,181.4243015873016,181.34229,0.4243015873015565,0.34228515625,Poor,Poor,Poor,#FF7E00
2025-05-01 05:30:00,"R K Puram, Delhi - DPCC",177.0,178.3044552669552,177.0316,1.3044552669551877,0.0316009521484375,Poor,Poor,Poor,#FF7E00
2025-05-01 06:30:00,"R K Puram, Delhi - DPCC",212.0,212.68717460317453,211.36221,0.687174603174526,0.637786865234375,Very Poor,Very Poor,Very Poor,#FF0000
2025-05-01 07:30:00,"R K Puram, Delhi - DPCC",166.0,166.3602222222222,165.71077,0.3602222222222053,0.2892303466796875,Poor,Poor,Poor,#FF7E00
2025-05-01 08:30:00,"R K Puram, Delhi - DPCC",143.0,143.66646464646468,143.63457,0.6664646464646751,0.6345672607421875,Poor,Poor,Poor,#FF7E00
2025-05-01 09:30:00,"R K Puram, Delhi - DPCC",148.0,147.84629761904762,147.96057,0.1537023809523816,0.0394287109375,Poor,Poor,Poor,#FF7E00
2025-05-01 10:30:00,"R K Puram, Delhi - DPCC",157.0,157.13527380952377,156.72815,0.1352738095237668,0.2718505859375,Poor,Poor,Poor,#FF7E00
2025-05-01 11:30:00,"R K Puram, Delhi - DPCC",156.0,156.1238452380953,156.01553,0.1238452380952992,0.015533447265625,Poor,Poor,Poor,#FF7E00
2025-05-01 12:30:00,"R K Puram, Delhi - DPCC",153.0,153.10263888888892,152.38348,0.1026388888889187,0.61651611328125,Poor,Poor,Poor,#FF7E00
2025-05-01 13:30:00,"R K Puram, Delhi - DPCC",159.0,159.3354444444444,159.31763,0.3354444444443913,0.317626953125,Poor,Poor,Poor,#FF7E00
2025-05-01 14:30:00,"R K Puram, Delhi - DPCC",161.0,160.8492738095238,161.36494,0.150726190476206,0.3649444580078125,Poor,Poor,Poor,#FF7E00
2025-05-01 15:30:00,"R K Puram, Delhi - DPCC",150.0,149.99757539682537,150.21333,0.0024246031746315,0.2133331298828125,Poor,Poor,Poor,#FF7E00
2025-05-01 16:30:00,"R K Puram, Delhi - DPCC",144.0,144.08538095238097,143.8254,0.0853809523809729,0.1746063232421875,Poor,Poor,Poor,#FF7E00
2025-05-01 17:30:00,"R K Puram, Delhi - DPCC",142.0,140.98410317460318,141.87689,1.0158968253968226,0.12310791015625,Poor,Poor,Poor,#FF7E00
2025-05-01 18:30:00,"R K Puram, Delhi - DPCC",171.0,170.95580555555551,170.86514,0.0441944444444857,0.134857177734375,Poor,Poor,Poor,#FF7E00
2025-05-01 19:30:00,"R K Puram, Delhi - DPCC",474.0,452.8627817460319,473.437,21.137218253968115,0.56298828125,Severe,Severe,Severe,#8F3F97
2025-05-01 20:30:00,"R K Puram, Delhi - DPCC",441.0,427.9465234487736,440.99448,13.053476551226424,0.005523681640625,Severe,Severe,Severe,#8F3F97
2025-05-01 21:30:00,"R K Puram, Delhi - DPCC",245.0,249.20753571428577,245.48735,4.207535714285768,0.4873504638671875,Very Poor,Very Poor,Very Poor,#FF0000
2025-05-01 22:30:00,"R K Puram, Delhi - DPCC",155.0,157.01775613275612,155.33029,2.0177561327561198,0.330291748046875,Poor,Poor,Poor,#FF7E00
2025-05-01 23:30:00,"R K Puram, Delhi - DPCC",133.0,136.79969083694084,132.74474,3.79969083694084,0.2552642822265625,Poor,Poor,Poor,#FF7E00
2025-05-02 00:30:00,"R K Puram, Delhi - DPCC",132.0,129.10524603174602,131.68013,2.89475396825398,0.3198699951171875,Poor,Poor,Poor,#FF7E00
2025-05-02 01:30:00,"R K Puram, Delhi - DPCC",64.0,65.8698373015873,64.19281,1.869837301587296,0.19281005859375,Moderate,Moderate,Moderate,#FFFF00
2025-05-02 02:30:00,"R K Puram, Delhi - DPCC",58.0,61.40607467532466,58.033253,3.4060746753246605,0.0332527160644531,Moderate,Moderate,Moderate,#FFFF00
2025-05-02 03:30:00,"R K Puram, Delhi - DPCC",58.0,58.3558961038961,57.778465,0.3558961038961001,0.2215347290039062,Moderate,Moderate,Moderate,#FFFF00
2025-05-02 04:30:00,"R K Puram, Delhi - DPCC",62.0,61.38945562770564,62.057575,0.6105443722943633,0.0575752258300781,Moderate,Moderate,Moderate,#FFFF00
2025-05-02 07:30:00,"R K Puram, Delhi - DPCC",80.0,79.56121825396828,79.99088,0.4387817460317222,0.0091171264648437,Moderate,Moderate,Moderate,#FFFF00
2025-05-02 08:30:00,"R K Puram, Delhi - DPCC",72.0,71.36029761904763,71.68495,0.6397023809523716,0.3150482177734375,Moderate,Moderate,Moderate,#FFFF00
2025-05-02 09:30:00,"R K Puram, Delhi - DPCC",65.0,65.43267460317459,65.0021,0.4326746031745898,0.0020980834960937,Moderate,Moderate,Moderate,#FFFF00
2025-05-02 10:30:00,"R K Puram, Delhi - DPCC",63.0,62.78632070707072,62.81572,0.2136792929292852,0.1842803955078125,Moderate,Moderate,Moderate,#FFFF00
2025-05-02 11:30:00,"R K Puram, Delhi - DPCC",58.0,63.66770165945165,58.16111,5.667701659451652,0.1611099243164062,Moderate,Moderate,Moderate,#FFFF00
2025-05-02 12:30:00,"R K Puram, Delhi - DPCC",500.0,348.8907337662338,499.10092,151.10926623376622,0.899078369140625,Severe,Severe,Severe,#8F3F97
2025-05-02 18:30:00,"R K Puram, Delhi - DPCC",171.0,217.22356060606057,170.71024,46.22356060606057,0.289764404296875,Poor,Very Poor,Poor,#FF7E00
2025-05-02 19:30:00,"R K Puram, Delhi - DPCC",170.0,167.98846212121217,170.0431,2.011537878787834,0.0431060791015625,Poor,Poor,Poor,#FF7E00
2025-05-02 20:30:00,"R K Puram, Delhi - DPCC",500.0,496.545,499.95956,3.454999999999984,0.040435791015625,Severe,Severe,Severe,#8F3F97
2025-05-02 21:30:00,"R K Puram, Delhi - DPCC",216.0,228.454746031746,215.65822,12.454746031745998,0.3417816162109375,Very Poor,Very Poor,Very Poor,#FF0000
2025-05-02 22:30:00,"R K Puram, Delhi - DPCC",256.0,258.9357579365079,256.3494,2.935757936507912,0.349395751953125,Very Poor,Very Poor,Very Poor,#FF0000
2025-05-02 23:30:00,"R K Puram, Delhi - DPCC",273.0,276.35605158730164,273.0459,3.356051587301636,0.0458984375,Very Poor,Very Poor,Very Poor,#FF0000
2025-05-03 00:30:00,"R K Puram, Delhi - DPCC",259.0,256.61573412698414,259.02866,2.3842658730158632,0.028656005859375,Very Poor,Very Poor,Very Poor,#FF0000
2025-05-03 01:30:00,"R K Puram, Delhi - DPCC",269.0,275.39009920634925,269.45596,6.390099206349248,0.455963134765625,Very Poor,Very Poor,Very Poor,#FF0000
2025-05-03 02:30:00,"R K Puram, Delhi - DPCC",300.0,299.07335714285705,299.48676,0.9266428571429516,0.51324462890625,Very Poor,Very Poor,Very Poor,#FF0000
2025-05-03 03:30:00,"R K Puram, Delhi - DPCC",310.0,310.74593650793645,309.9255,0.7459365079364488,0.074493408203125,Severe,Severe,Severe,#8F3F97
2025-05-03 04:30:00,"R K Puram, Delhi - DPCC",290.0,290.50744696969696,290.05908,0.5074469696969572,0.05908203125,Very Poor,Very Poor,Very Poor,#FF0000
2025-05-03 05:30:00,"R K Puram, Delhi - DPCC",224.0,224.52590476190477,224.62659,0.5259047619047408,0.6265869140625,Very Poor,Very Poor,Very Poor,#FF0000
2025-05-03 06:30:00,"R K Puram, Delhi - DPCC",186.0,183.99925541125535,186.70547,2.000744588744624,0.705474853515625,Poor,Poor,Poor,#FF7E00
2025-05-03 07:30:00,"R K Puram, Delhi - DPCC",106.0,107.89288095238096,105.58631,1.892880952380949,0.4136886596679687,Poor,Poor,Poor,#FF7E00
2025-05-03 08:30:00,"R K Puram, Delhi - DPCC",100.0,100.71249206349206,100.148346,0.7124920634920642,0.148345947265625,Moderate,Poor,Poor,#FFFF00
2025-05-03 09:30:00,"R K Puram, Delhi - DPCC",78.0,79.6253520923521,78.41795,1.6253520923521023,0.4179534912109375,Moderate,Moderate,Moderate,#FFFF00
2025-05-03 10:30:00,"R K Puram, Delhi - DPCC",78.0,79.31718650793653,78.493385,1.317186507936526,0.4933853149414062,Moderate,Moderate,Moderate,#FFFF00
2025-05-03 11:30:00,"R K Puram, Delhi - DPCC",125.0,124.0644801587302,124.80516,0.9355198412698088,0.1948394775390625,Poor,Poor,Poor,#FF7E00
2025-05-03 12:30:00,"R K Puram, Delhi - DPCC",155.0,155.8883888888889,155.06429,0.8883888888888976,0.0642852783203125,Poor,Poor,Poor,#FF7E00
2025-05-03 13:30:00,"R K Puram, Delhi - DPCC",170.0,174.8877936507936,170.13382,4.887793650793611,0.133819580078125,Poor,Poor,Poor,#FF7E00
2025-05-03 14:30:00,"R K Puram, Delhi - DPCC",173.0,174.63696428571427,172.73834,1.6369642857142708,0.26165771484375,Poor,Poor,Poor,#FF7E00
2025-05-03 15:30:00,"R K Puram, Delhi - DPCC",215.0,215.11457142857145,215.10304,0.1145714285714234,0.1030426025390625,Very Poor,Very Poor,Very Poor,#FF0000
2025-05-03 16:30:00,"R K Puram, Delhi - DPCC",220.0,218.63658730158733,219.73775,1.3634126984126738,0.2622528076171875,Very Poor,Very Poor,Very Poor,#FF0000
2025-05-03 17:30:00,"R K Puram, Delhi - DPCC",218.0,217.447003968254,217.80948,0.5529960317460052,0.190521240234375,Very Poor,Very Poor,Very Poor,#FF0000
2025-05-03 18:30:00,"R K Puram, Delhi - DPCC",249.0,245.4007839105339,248.54514,3.599216089466097,0.454864501953125,Very Poor,Very Poor,Very Poor,#FF0000
2025-05-03 19:30:00,"R K Puram, Delhi - DPCC",259.0,257.2032301587302,259.34808,1.7967698412697928,0.34808349609375,Very Poor,Very Poor,Very Poor,#FF0000
2025-05-03 20:30:00,"R K Puram, Delhi - DPCC",198.0,198.7346605339105,198.23369,0.7346605339104997,0.2336883544921875,Poor,Poor,Poor,#FF7E00
2025-05-03 21:30:00,"R K Puram, Delhi - DPCC",186.0,183.9335800865801,185.26692,2.066419913419935,0.7330780029296875,Poor,Poor,Poor,#FF7E00
2025-05-03 22:30:00,"R K Puram, Delhi - DPCC",206.0,206.30912362637363,206.58745,0.3091236263736334,0.5874481201171875,Very Poor,Very Poor,Very Poor,#FF0000
2025-05-03 23:30:00,"R K Puram, Delhi - DPCC",317.0,306.17529761904774,317.3671,10.82470238095226,0.367095947265625,Severe,Severe,Severe,#8F3F97
2025-05-04 00:30:00,"R K Puram, Delhi - DPCC",346.0,346.9488055555555,346.023,0.9488055555555092,0.02301025390625,Severe,Severe,Severe,#8F3F97
2025-05-04 01:30:00,"R K Puram, Delhi - DPCC",349.0,348.66968650793643,348.90704,0.3303134920635671,0.09295654296875,Severe,Severe,Severe,#8F3F97
2025-05-04 02:30:00,"R K Puram, Delhi - DPCC",350.0,346.406996031746,349.82895,3.5930039682539814,0.171051025390625,Severe,Severe,Severe,#8F3F97
2025-05-04 03:30:00,"R K Puram, Delhi - DPCC",317.0,317.0052341269842,317.0244,0.0052341269841917,0.0244140625,Severe,Severe,Severe,#8F3F97
2025-05-04 04:30:00,"R K Puram, Delhi - DPCC",305.0,305.3164559884559,304.9243,0.3164559884559139,0.075714111328125,Severe,Severe,Severe,#8F3F97
2025-05-04 05:30:00,"R K Puram, Delhi - DPCC",500.0,497.01666666666665,499.95792,2.9833333333333485,0.042083740234375,Severe,Severe,Severe,#8F3F97
2025-05-04 06:30:00,"R K Puram, Delhi - DPCC",306.0,322.1887536075036,305.96777,16.1887536075036,0.0322265625,Severe,Severe,Severe,#8F3F97
2025-05-04 07:30:00,"R K Puram, Delhi - DPCC",304.0,311.3483964646465,303.76184,7.348396464646498,0.2381591796875,Severe,Severe,Severe,#8F3F97
2025-05-04 08:30:00,"R K Puram, Delhi - DPCC",155.0,148.8535,154.85912,6.146500000000003,0.1408843994140625,Poor,Poor,Poor,#FF7E00
2025-05-04 09:30:00,"R K Puram, Delhi - DPCC",120.0,123.3657222222222,120.76602,3.365722222222189,0.766021728515625,Poor,Poor,Poor,#FF7E00
2025-05-04 10:30:00,"R K Puram, Delhi - DPCC",77.0,81.20232936507936,77.233215,4.202329365079365,0.23321533203125,Moderate,Moderate,Moderate,#FFFF00
2025-05-04 11:30:00,"R K Puram, Delhi - DPCC",78.0,72.26561904761904,77.64661,5.73438095238096,0.3533935546875,Moderate,Moderate,Moderate,#FFFF00
2025-05-04 12:30:00,"R K Puram, Delhi - DPCC",83.0,81.77259920634921,82.727516,1.2274007936507871,0.2724838256835937,Moderate,Moderate,Moderate,#FFFF00
2025-05-04 13:30:00,"R K Puram, Delhi - DPCC",112.0,111.992626984127,112.106895,0.0073730158730143,0.1068954467773437,Poor,Poor,Poor,#FF7E00
2025-05-04 14:30:00,"R K Puram, Delhi - DPCC",154.0,152.7746547619048,154.265,1.2253452380952012,0.2649993896484375,Poor,Poor,Poor,#FF7E00
2025-05-04 15:30:00,"R K Puram, Delhi - DPCC",185.0,188.41587301587307,184.94612,3.415873015873075,0.0538787841796875,Poor,Poor,Poor,#FF7E00
2025-05-04 16:30:00,"R K Puram, Delhi - DPCC",183.0,186.28475,182.93306,3.284749999999974,0.0669403076171875,Poor,Poor,Poor,#FF7E00
2025-05-04 17:30:00,"R K Puram, Delhi - DPCC",500.0,486.51,499.93506,13.490000000000007,0.06494140625,Severe,Severe,Severe,#8F3F97
2025-05-04 18:30:00,"R K Puram, Delhi - DPCC",102.0,105.8164523809524,101.99496,3.8164523809523994,0.0050430297851562,Poor,Poor,Poor,#FF7E00
2025-05-04 19:30:00,"R K Puram, Delhi - DPCC",102.0,107.1838791486292,102.082985,5.183879148629188,0.0829849243164062,Poor,Poor,Poor,#FF7E00
2025-05-04 20:30:00,"R K Puram, Delhi - DPCC",99.0,99.14753174603176,99.19696,0.1475317460317597,0.19696044921875,Moderate,Moderate,Moderate,#FFFF00
2025-05-04 21:30:00,"R K Puram, Delhi - DPCC",88.0,85.52183730158731,87.34863,2.4781626984126888,0.6513671875,Moderate,Moderate,Moderate,#FFFF00
2025-05-04 22:30:00,"R K Puram, Delhi - DPCC",94.0,93.69843797868798,94.47382,0.3015620213120229,0.4738235473632812,Moderate,Moderate,Moderate,#FFFF00
2025-05-04 23:30:00,"R K Puram, Delhi - DPCC",102.0,101.74682936507936,101.92202,0.2531706349206502,0.0779800415039062,Poor,Poor,Poor,#FF7E00
2025-05-05 00:30:00,"R K Puram, Delhi - DPCC",90.0,90.01703571428574,89.71338,0.0170357142857398,0.28662109375,Moderate,Moderate,Moderate,#FFFF00
2025-05-05 01:30:00,"R K Puram, Delhi - DPCC",79.0,80.67037301587303,79.174774,1.6703730158730252,0.174774169921875,Moderate,Moderate,Moderate,#FFFF00
2025-05-05 02:30:00,"R K Puram, Delhi - DPCC",43.0,53.5791507936508,43.933098,10.579150793650795,0.9330978393554688,Good,Moderate,Good,#00E400
2025-05-05 03:30:00,"R K Puram, Delhi - DPCC",51.0,53.76945238095237,51.20932,2.769452380952373,0.209320068359375,Moderate,Moderate,Moderate,#FFFF00
2025-05-05 04:30:00,"R K Puram, Delhi - DPCC",87.0,83.49973412698414,86.95921,3.500265873015863,0.0407867431640625,Moderate,Moderate,Moderate,#FFFF00
2025-05-05 05:30:00,"R K Puram, Delhi - DPCC",102.0,98.0590238095238,101.73587,3.940976190476192,0.264129638671875,Poor,Moderate,Poor,#FF7E00
2025-05-05 06:30:00,"R K Puram, Delhi - DPCC",77.0,77.48241666666667,77.21606,0.4824166666666656,0.2160568237304687,Moderate,Moderate,Moderate,#FFFF00
2025-05-05 07:30:00,"R K Puram, Delhi - DPCC",500.0,343.59824350649353,499.83752,156.40175649350647,0.1624755859375,Severe,Severe,Severe,#8F3F97
2025-05-05 08:30:00,"R K Puram, Delhi - DPCC",74.0,110.22254545454544,73.791855,36.22254545454544,0.2081451416015625,Moderate,Poor,Moderate,#FFFF00
2025-05-05 09:30:00,"R K Puram, Delhi - DPCC",500.0,499.6025,499.86163,0.3974999999999795,0.13836669921875,Severe,Severe,Severe,#8F3F97
2025-05-05 10:30:00,"R K Puram, Delhi - DPCC",91.0,95.55042857142854,90.82094,4.55042857142854,0.1790618896484375,Moderate,Moderate,Moderate,#FFFF00
2025-05-05 11:30:00,"R K Puram, Delhi - DPCC",85.0,95.86628571428574,85.64352,10.866285714285738,0.6435165405273438,Moderate,Moderate,Moderate,#FFFF00
2025-05-05 12:30:00,"R K Puram, Delhi - DPCC",100.0,99.86850000000004,100.63068,0.1314999999999742,0.63067626953125,Moderate,Moderate,Poor,#FFFF00
2025-05-05 13:30:00,"R K Puram, Delhi - DPCC",112.0,111.7874285714286,112.122635,0.2125714285714082,0.1226348876953125,Poor,Poor,Poor,#FF7E00
2025-05-05 14:30:00,"R K Puram, Delhi - DPCC",135.0,135.39537049062054,135.83292,0.395370490620536,0.832916259765625,Poor,Poor,Poor,#FF7E00
2025-05-05 15:30:00,"R K Puram, Delhi - DPCC",500.0,458.6602777777778,499.9434,41.33972222222218,0.056610107421875,Severe,Severe,Severe,#8F3F97
2025-05-05 16:30:00,"R K Puram, Delhi - DPCC",138.0,139.3787142857143,137.8367,1.378714285714295,0.163299560546875,Poor,Poor,Poor,#FF7E00
2025-05-05 17:30:00,"R K Puram, Delhi - DPCC",166.0,161.98990079365078,166.05574,4.010099206349224,0.0557403564453125,Poor,Poor,Poor,#FF7E00
2025-05-05 18:30:00,"R K Puram, Delhi - DPCC",183.0,181.52887987012983,183.08649,1.471120129870144,0.08648681640625,Poor,Poor,Poor,#FF7E00
2025-05-05 19:30:00,"R K Puram, Delhi - DPCC",228.0,226.03760714285715,227.67998,1.9623928571428733,0.3200225830078125,Very Poor,Very Poor,Very Poor,#FF0000
2025-05-05 20:30:00,"R K Puram, Delhi - DPCC",156.0,157.9207380952381,155.96368,1.9207380952381072,0.03631591796875,Poor,Poor,Poor,#FF7E00
2025-05-05 21:30:00,"R K Puram, Delhi - DPCC",266.0,260.45763888888894,265.38004,5.542361111111063,0.619964599609375,Very Poor,Very Poor,Very Poor,#FF0000
2025-05-05 22:30:00,"R K Puram, Delhi - DPCC",145.0,139.82120274170276,145.53915,5.178797258297237,0.539154052734375,Poor,Poor,Poor,#FF7E00
2025-05-05 23:30:00,"R K Puram, Delhi - DPCC",500.0,477.61550000000005,499.91934,22.384499999999942,0.080657958984375,Severe,Severe,Severe,#8F3F97
2025-05-06 00:30:00,"R K Puram, Delhi - DPCC",83.0,94.690380952381,83.00986,11.690380952381004,0.009857177734375,Moderate,Moderate,Moderate,#FFFF00
2025-05-06 01:30:00,"R K Puram, Delhi - DPCC",95.0,100.38192063492065,95.26576,5.381920634920647,0.2657623291015625,Moderate,Poor,Moderate,#FFFF00
2025-05-06 02:30:00,"R K Puram, Delhi - DPCC",124.0,124.4611958874459,123.81781,0.4611958874458963,0.18218994140625,Poor,Poor,Poor,#FF7E00
2025-05-06 03:30:00,"R K Puram, Delhi - DPCC",149.0,143.74428571428567,148.76753,5.255714285714333,0.2324676513671875,Poor,Poor,Poor,#FF7E00
2025-05-06 04:30:00,"R K Puram, Delhi - DPCC",117.0,118.76538888888888,116.94808,1.765388888888879,0.0519180297851562,Poor,Poor,Poor,#FF7E00
2025-05-06 05:30:00,"R K Puram, Delhi - DPCC",137.0,138.05981313131315,137.0127,1.059813131313149,0.0126953125,Poor,Poor,Poor,#FF7E00
2025-05-06 06:30:00,"R K Puram, Delhi - DPCC",132.0,131.8598174603175,132.15462,0.1401825396825131,0.1546173095703125,Poor,Poor,Poor,#FF7E00
2025-05-06 07:30:00,"R K Puram, Delhi - DPCC",108.0,108.9111785714286,108.44356,0.9111785714285928,0.4435577392578125,Poor,Poor,Poor,#FF7E00
2025-05-06 08:30:00,"R K Puram, Delhi - DPCC",100.0,99.49776190476192,99.753044,0.5022380952380843,0.2469558715820312,Moderate,Moderate,Moderate,#FFFF00
2025-05-06 09:30:00,"R K Puram, Delhi - DPCC",76.0,76.58612698412699,76.12134,0.5861269841269916,0.121337890625,Moderate,Moderate,Moderate,#FFFF00
2025-05-06 10:30:00,"R K Puram, Delhi - DPCC",73.0,71.32285714285717,72.448044,1.677142857142826,0.5519561767578125,Moderate,Moderate,Moderate,#FFFF00
2025-05-06 11:30:00,"R K Puram, Delhi - DPCC",76.0,76.76698520923523,75.798935,0.7669852092352301,0.2010650634765625,Moderate,Moderate,Moderate,#FFFF00
2025-05-06 12:30:00,"R K Puram, Delhi - DPCC",80.0,80.24324206349205,79.950966,0.2432420634920475,0.0490341186523437,Moderate,Moderate,Moderate,#FFFF00
2025-05-06 13:30:00,"R K Puram, Delhi - DPCC",108.0,107.37547619047623,108.935524,0.6245238095237653,0.9355239868164062,Poor,Poor,Poor,#FF7E00
2025-05-06 14:30:00,"R K Puram, Delhi - DPCC",126.0,125.52792460317458,125.30959,0.4720753968254172,0.6904067993164062,Poor,Poor,Poor,#FF7E00
2025-05-06 15:30:00,"R K Puram, Delhi - DPCC",150.0,150.44082142857144,150.3225,0.4408214285714393,0.3224945068359375,Poor,Poor,Poor,#FF7E00
2025-05-06 16:30:00,"R K Puram, Delhi - DPCC",166.0,167.4922528860029,166.80875,1.4922528860028876,0.808746337890625,Poor,Poor,Poor,#FF7E00
2025-05-06 17:30:00,"R K Puram, Delhi - DPCC",500.0,500.0,499.78845,0.0,0.2115478515625,Severe,Severe,Severe,#8F3F97
2025-05-06 18:30:00,"R K Puram, Delhi - DPCC",176.0,162.1500606060606,174.72127,13.849939393939394,1.2787322998046875,Poor,Poor,Poor,#FF7E00
2025-05-06 19:30:00,"R K Puram, Delhi - DPCC",156.0,148.27148809523806,155.70016,7.728511904761945,0.299835205078125,Poor,Poor,Poor,#FF7E00
2025-05-06 20:30:00,"R K Puram, Delhi - DPCC",111.0,111.1123531746032,110.52279,0.1123531746032142,0.4772109985351562,Poor,Poor,Poor,#FF7E00
2025-05-06 21:30:00,"R K Puram, Delhi - DPCC",110.0,110.28736904761908,110.44793,0.287369047619066,0.4479293823242187,Poor,Poor,Poor,#FF7E00
2025-05-06 22:30:00,"R K Puram, Delhi - DPCC",107.0,107.38457936507938,107.00559,0.3845793650793752,0.0055923461914062,Poor,Poor,Poor,#FF7E00
2025-05-06 23:30:00,"R K Puram, Delhi - DPCC",106.0,106.0164484126984,106.03107,0.0164484126984092,0.03106689453125,Poor,Poor,Poor,#FF7E00
2025-05-07 00:30:00,"R K Puram, Delhi - DPCC",134.0,128.74927380952377,133.49857,5.250726190476229,0.501434326171875,Poor,Poor,Poor,#FF7E00
2025-05-07 01:30:00,"R K Puram, Delhi - DPCC",115.0,114.00705952380952,114.924324,0.9929404761904692,0.0756759643554687,Poor,Poor,Poor,#FF7E00
2025-05-07 02:30:00,"R K Puram, Delhi - DPCC",124.0,122.75250793650788,123.42511,1.2474920634921176,0.57489013671875,Poor,Poor,Poor,#FF7E00
2025-05-07 03:30:00,"R K Puram, Delhi - DPCC",130.0,130.8203928571429,131.05025,0.820392857142906,1.0502471923828125,Poor,Poor,Poor,#FF7E00
2025-05-07 04:30:00,"R K Puram, Delhi - DPCC",148.0,148.5752142857143,147.97229,0.5752142857143099,0.0277099609375,Poor,Poor,Poor,#FF7E00
2025-05-07 05:30:00,"R K Puram, Delhi - DPCC",150.0,150.39349603174608,149.4563,0.393496031746082,0.543701171875,Poor,Poor,Poor,#FF7E00
2025-05-07 06:30:00,"R K Puram, Delhi - DPCC",138.0,137.4955555555556,137.6632,0.5044444444444025,0.3368072509765625,Poor,Poor,Poor,#FF7E00
2025-05-07 07:30:00,"R K Puram, Delhi - DPCC",113.0,112.83235714285716,113.09249,0.1676428571428374,0.0924911499023437,Poor,Poor,Poor,#FF7E00
2025-05-07 08:30:00,"R K Puram, Delhi - DPCC",76.0,76.00042460317462,75.98767,0.000424603174622,0.0123291015625,Moderate,Moderate,Moderate,#FFFF00
2025-05-07 09:30:00,"R K Puram, Delhi - DPCC",91.0,90.98546142746144,91.388885,0.0145385725385693,0.388885498046875,Moderate,Moderate,Moderate,#FFFF00
2025-05-07 10:30:00,"R K Puram, Delhi - DPCC",104.0,103.93994047619046,103.324,0.0600595238095422,0.6760025024414062,Poor,Poor,Poor,#FF7E00
2025-05-07 11:30:00,"R K Puram, Delhi - DPCC",107.0,107.40075793650794,106.875885,0.4007579365079436,0.124114990234375,Poor,Poor,Poor,#FF7E00
2025-05-07 12:30:00,"R K Puram, Delhi - DPCC",106.0,106.09450793650792,106.11981,0.0945079365079237,0.11981201171875,Poor,Poor,Poor,#FF7E00
2025-05-07 13:30:00,"R K Puram, Delhi - DPCC",91.0,91.31546717171716,91.35733,0.3154671717171737,0.357330322265625,Moderate,Moderate,Moderate,#FFFF00
2025-05-07 14:30:00,"R K Puram, Delhi - DPCC",132.0,132.16894444444446,131.2511,0.1689444444444632,0.7489013671875,Poor,Poor,Poor,#FF7E00
2025-05-07 15:30:00,"R K Puram, Delhi - DPCC",123.0,127.3870086580086,122.672646,4.387008658008611,0.3273544311523437,Poor,Poor,Poor,#FF7E00
2025-05-07 16:30:00,"R K Puram, Delhi - DPCC",500.0,458.94725,499.96973,41.05275000000006,0.0302734375,Severe,Severe,Severe,#8F3F97
2025-05-07 17:30:00,"R K Puram, Delhi - DPCC",111.0,111.12631746031748,111.07062,0.1263174603174661,0.07061767578125,Poor,Poor,Poor,#FF7E00
2025-05-07 18:30:00,"R K Puram, Delhi - DPCC",121.0,130.61119444444438,122.71029,9.61119444444438,1.7102890014648438,Poor,Poor,Poor,#FF7E00
2025-05-07 19:30:00,"R K Puram, Delhi - DPCC",146.0,142.95139285714285,145.75555,3.0486071428571506,0.24444580078125,Poor,Poor,Poor,#FF7E00
2025-05-07 20:30:00,"R K Puram, Delhi - DPCC",177.0,176.82131637806637,176.92917,0.1786836219336294,0.070831298828125,Poor,Poor,Poor,#FF7E00
2025-05-07 21:30:00,"R K Puram, Delhi - DPCC",209.0,211.44030219780217,208.98955,2.4403021978021684,0.0104522705078125,Very Poor,Very Poor,Very Poor,#FF0000
2025-05-07 22:30:00,"R K Puram, Delhi - DPCC",300.0,291.30493253968257,300.2218,8.695067460317432,0.2218017578125,Very Poor,Very Poor,Severe,#FF0000
2025-05-07 23:30:00,"R K Puram, Delhi - DPCC",336.0,336.91535714285715,335.91083,0.9153571428571468,0.08917236328125,Severe,Severe,Severe,#8F3F97
2025-05-08 00:30:00,"R K Puram, Delhi - DPCC",353.0,351.2080317460316,353.1026,1.7919682539684345,0.10260009765625,Severe,Severe,Severe,#8F3F97
2025-05-08 01:30:00,"R K Puram, Delhi - DPCC",324.0,325.1406309523809,324.14694,1.1406309523808886,0.146942138671875,Severe,Severe,Severe,#8F3F97
2025-05-08 02:30:00,"R K Puram, Delhi - DPCC",329.0,327.0053888888889,328.74875,1.994611111111112,0.251251220703125,Severe,Severe,Severe,#8F3F97
2025-05-08 03:30:00,"R K Puram, Delhi - DPCC",290.0,291.1449231601732,290.40622,1.144923160173164,0.406219482421875,Very Poor,Very Poor,Very Poor,#FF0000
2025-05-08 04:30:00,"R K Puram, Delhi - DPCC",214.0,217.91509920634925,213.88188,3.915099206349226,0.1181182861328125,Very Poor,Very Poor,Very Poor,#FF0000
2025-05-08 05:30:00,"R K Puram, Delhi - DPCC",149.0,148.06229365079366,149.09444,0.9377063492063372,0.0944366455078125,Poor,Poor,Poor,#FF7E00
2025-05-08 07:30:00,"R K Puram, Delhi - DPCC",129.0,132.5308575036075,128.9497,3.530857503607507,0.05029296875,Poor,Poor,Poor,#FF7E00
2025-05-08 08:30:00,"R K Puram, Delhi - DPCC",108.0,109.65979761904762,107.70494,1.6597976190476231,0.2950592041015625,Poor,Poor,Poor,#FF7E00
2025-05-08 09:30:00,"R K Puram, Delhi - DPCC",80.0,81.19899639249641,80.78553,1.1989963924964115,0.7855300903320312,Moderate,Moderate,Moderate,#FFFF00
2025-05-08 10:30:00,"R K Puram, Delhi - DPCC",89.0,89.80317532467531,89.21191,0.8031753246753084,0.2119064331054687,Moderate,Moderate,Moderate,#FFFF00
2025-05-08 11:30:00,"R K Puram, Delhi - DPCC",94.0,93.61114432789432,94.233696,0.3888556721056773,0.2336959838867187,Moderate,Moderate,Moderate,#FFFF00
2025-05-08 12:30:00,"R K Puram, Delhi - DPCC",106.0,106.28284126984128,106.26159,0.2828412698412705,0.2615890502929687,Poor,Poor,Poor,#FF7E00
2025-05-08 13:30:00,"R K Puram, Delhi - DPCC",121.0,121.1447261904762,120.19041,0.1447261904761916,0.8095932006835938,Poor,Poor,Poor,#FF7E00
2025-05-08 14:30:00,"R K Puram, Delhi - DPCC",133.0,140.50562698412696,133.14215,7.505626984126962,0.14215087890625,Poor,Poor,Poor,#FF7E00
2025-05-08 15:30:00,"R K Puram, Delhi - DPCC",142.0,142.11145238095236,142.46524,0.1114523809523575,0.465240478515625,Poor,Poor,Poor,#FF7E00
2025-05-08 16:30:00,"R K Puram, Delhi - DPCC",153.0,155.06932936507937,153.40016,2.069329365079369,0.4001617431640625,Poor,Poor,Poor,#FF7E00
2025-05-08 17:30:00,"R K Puram, Delhi - DPCC",500.0,490.525111111111,499.60165,9.474888888888984,0.398345947265625,Severe,Severe,Severe,#8F3F97
2025-05-08 18:30:00,"R K Puram, Delhi - DPCC",302.0,327.5849325396824,302.15067,25.584932539682427,0.150665283203125,Severe,Severe,Severe,#8F3F97
2025-05-08 19:30:00,"R K Puram, Delhi - DPCC",318.0,320.8876071428571,318.05887,2.887607142857121,0.058868408203125,Severe,Severe,Severe,#8F3F97
2025-05-08 20:30:00,"R K Puram, Delhi - DPCC",252.0,250.38860966810967,250.7606,1.6113903318902771,1.2393951416015625,Very Poor,Very Poor,Very Poor,#FF0000
2025-05-08 21:30:00,"R K Puram, Delhi - DPCC",500.0,500.0,500.05435,0.0,0.054351806640625,Severe,Severe,Severe,#8F3F97
2025-05-08 22:30:00,"R K Puram, Delhi - DPCC",176.0,176.00368650793655,175.74274,0.0036865079365497,0.25726318359375,Poor,Poor,Poor,#FF7E00
2025-05-08 23:30:00,"R K Puram, Delhi - DPCC",174.0,167.0727261904762,173.40164,6.927273809523797,0.598358154296875,Poor,Poor,Poor,#FF7E00
2025-05-09 00:30:00,"R K Puram, Delhi - DPCC",209.0,212.6304807692308,209.01578,3.630480769230786,0.015777587890625,Very Poor,Very Poor,Very Poor,#FF0000
2025-05-09 01:30:00,"R K Puram, Delhi - DPCC",235.0,235.30538095238092,235.03471,0.3053809523809434,0.0347137451171875,Very Poor,Very Poor,Very Poor,#FF0000
2025-05-09 02:30:00,"R K Puram, Delhi - DPCC",216.0,216.20508730158733,215.93715,0.2050873015873264,0.0628509521484375,Very Poor,Very Poor,Very Poor,#FF0000
2025-05-09 03:30:00,"R K Puram, Delhi - DPCC",216.0,217.53594841269845,215.57837,1.5359484126984455,0.421630859375,Very Poor,Very Poor,Very Poor,#FF0000
2025-05-09 04:30:00,"R K Puram, Delhi - DPCC",500.0,411.8572500000001,499.8297,88.14274999999992,0.1702880859375,Severe,Severe,Severe,#8F3F97
2025-05-09 05:30:00,"R K Puram, Delhi - DPCC",118.0,123.78885353535348,119.347946,5.788853535353482,1.3479461669921875,Poor,Poor,Poor,#FF7E00
2025-05-09 06:30:00,"R K Puram, Delhi - DPCC",106.0,105.11011507936506,105.2406,0.8898849206349411,0.7593994140625,Poor,Poor,Poor,#FF7E00
2025-05-09 07:30:00,"R K Puram, Delhi - DPCC",74.0,75.52463888888892,74.53159,1.5246388888889155,0.5315933227539062,Moderate,Moderate,Moderate,#FFFF00
2025-05-09 08:30:00,"R K Puram, Delhi - DPCC",72.0,69.84102380952382,71.52634,2.158976190476181,0.473663330078125,Moderate,Moderate,Moderate,#FFFF00
2025-05-09 09:30:00,"R K Puram, Delhi - DPCC",68.0,67.05532828282833,68.172935,0.9446717171716728,0.1729354858398437,Moderate,Moderate,Moderate,#FFFF00
2025-05-09 10:30:00,"R K Puram, Delhi - DPCC",78.0,78.42863888888891,77.89429,0.4286388888889121,0.105712890625,Moderate,Moderate,Moderate,#FFFF00
2025-05-09 11:30:00,"R K Puram, Delhi - DPCC",82.0,82.281873015873,82.0656,0.2818730158730034,0.0655975341796875,Moderate,Moderate,Moderate,#FFFF00
2025-05-09 12:30:00,"R K Puram, Delhi - DPCC",83.0,82.84475396825397,83.303375,0.1552460317460315,0.303375244140625,Moderate,Moderate,Moderate,#FFFF00
2025-05-09 13:30:00,"R K Puram, Delhi - DPCC",106.0,105.8601904761905,106.14211,0.1398095238095038,0.1421127319335937,Poor,Poor,Poor,#FF7E00
2025-05-09 14:30:00,"R K Puram, Delhi - DPCC",133.0,140.93987698412698,132.70108,7.9398769841269825,0.298919677734375,Poor,Poor,Poor,#FF7E00
2025-05-09 15:30:00,"R K Puram, Delhi - DPCC",177.0,179.08296031746033,177.04437,2.082960317460333,0.04437255859375,Poor,Poor,Poor,#FF7E00
2025-05-09 16:30:00,"R K Puram, Delhi - DPCC",186.0,186.45481673881676,185.94502,0.4548167388167314,0.0549774169921875,Poor,Poor,Poor,#FF7E00
2025-05-09 17:30:00,"R K Puram, Delhi - DPCC",142.0,156.16605194805197,142.16199,14.166051948051972,0.1619873046875,Poor,Poor,Poor,#FF7E00
2025-05-09 18:30:00,"R K Puram, Delhi - DPCC",164.0,164.92093939393942,163.5908,0.9209393939394204,0.4091949462890625,Poor,Poor,Poor,#FF7E00
2025-05-09 19:30:00,"R K Puram, Delhi - DPCC",215.0,217.32976190476188,215.04585,2.329761904761881,0.0458526611328125,Very Poor,Very Poor,Very Poor,#FF0000
2025-05-09 20:30:00,"R K Puram, Delhi - DPCC",204.0,203.80938492063493,204.1057,0.1906150793650454,0.1056976318359375,Very Poor,Very Poor,Very Poor,#FF0000
2025-05-09 21:30:00,"R K Puram, Delhi - DPCC",252.0,252.9815317460317,252.22841,0.9815317460316636,0.2284088134765625,Very Poor,Very Poor,Very Poor,#FF0000
2025-05-09 22:30:00,"R K Puram, Delhi - DPCC",305.0,305.0015631313131,304.6182,0.0015631313131052,0.381805419921875,Severe,Severe,Severe,#8F3F97
2025-05-09 23:30:00,"R K Puram, Delhi - DPCC",308.0,308.1049361471861,307.0245,0.1049361471861516,0.975494384765625,Severe,Severe,Severe,#8F3F97
2025-05-10 00:30:00,"R K Puram, Delhi - DPCC",326.0,327.53330952380946,326.24554,1.5333095238094645,0.24554443359375,Severe,Severe,Severe,#8F3F97
2025-05-10 01:30:00,"R K Puram, Delhi - DPCC",373.0,357.9099603174603,372.35516,15.090039682539723,0.64483642578125,Severe,Severe,Severe,#8F3F97
2025-05-10 02:30:00,"R K Puram, Delhi - DPCC",310.0,335.3159126984127,310.5336,25.31591269841272,0.533599853515625,Severe,Severe,Severe,#8F3F97
2025-05-10 03:30:00,"R K Puram, Delhi - DPCC",500.0,498.4316666666666,499.7712,1.5683333333333849,0.228790283203125,Severe,Severe,Severe,#8F3F97
2025-05-10 04:30:00,"R K Puram, Delhi - DPCC",256.0,262.739996031746,256.1408,6.739996031745989,0.14080810546875,Very Poor,Very Poor,Very Poor,#FF0000
2025-05-10 05:30:00,"R K Puram, Delhi - DPCC",136.0,139.3101313131313,136.39897,3.310131313131308,0.3989715576171875,Poor,Poor,Poor,#FF7E00
2025-05-10 06:30:00,"R K Puram, Delhi - DPCC",102.0,105.04952200577203,102.17087,3.049522005772033,0.170867919921875,Poor,Poor,Poor,#FF7E00
2025-05-10 07:30:00,"R K Puram, Delhi - DPCC",73.0,72.32284523809525,72.93871,0.6771547619047453,0.0612869262695312,Moderate,Moderate,Moderate,#FFFF00
2025-05-10 08:30:00,"R K Puram, Delhi - DPCC",69.0,67.26591269841273,68.78333,1.734087301587266,0.2166671752929687,Moderate,Moderate,Moderate,#FFFF00
2025-05-10 09:30:00,"R K Puram, Delhi - DPCC",82.0,82.25402020202021,81.971344,0.2540202020202144,0.028656005859375,Moderate,Moderate,Moderate,#FFFF00
2025-05-10 10:30:00,"R K Puram, Delhi - DPCC",132.0,131.10453174603174,131.53166,0.8954682539682608,0.4683380126953125,Poor,Poor,Poor,#FF7E00
2025-05-10 11:30:00,"R K Puram, Delhi - DPCC",99.0,99.43725000000002,99.63139,0.4372500000000201,0.6313934326171875,Moderate,Moderate,Moderate,#FFFF00
2025-05-10 12:30:00,"R K Puram, Delhi - DPCC",102.0,101.76523809523808,101.404625,0.2347619047619105,0.5953750610351562,Poor,Poor,Poor,#FF7E00
2025-05-10 13:30:00,"R K Puram, Delhi - DPCC",123.0,123.46867532467532,123.42449,0.4686753246753312,0.4244918823242187,Poor,Poor,Poor,#FF7E00
2025-05-10 14:30:00,"R K Puram, Delhi - DPCC",172.0,170.80294733044735,171.68379,1.197052669552647,0.3162078857421875,Poor,Poor,Poor,#FF7E00
2025-05-10 15:30:00,"R K Puram, Delhi - DPCC",139.0,139.55042424242427,139.33987,0.5504242424242705,0.339874267578125,Poor,Poor,Poor,#FF7E00
2025-05-10 16:30:00,"R K Puram, Delhi - DPCC",159.0,148.16575,158.8516,10.834249999999995,0.148406982421875,Poor,Poor,Poor,#FF7E00
2025-05-10 17:30:00,"R K Puram, Delhi - DPCC",218.0,217.5224087301587,218.07639,0.477591269841298,0.076385498046875,Very Poor,Very Poor,Very Poor,#FF0000
2025-05-10 19:30:00,"R K Puram, Delhi - DPCC",500.0,455.0728095238095,498.67712,44.9271904761905,1.3228759765625,Severe,Severe,Severe,#8F3F97
2025-05-10 20:30:00,"R K Puram, Delhi - DPCC",157.0,159.0591865079365,157.4355,2.059186507936488,0.4355010986328125,Poor,Poor,Poor,#FF7E00
2025-05-10 21:30:00,"R K Puram, Delhi - DPCC",161.0,159.637496031746,161.25551,1.3625039682540034,0.2555084228515625,Poor,Poor,Poor,#FF7E00
2025-05-10 22:30:00,"R K Puram, Delhi - DPCC",204.0,204.63191666666663,204.02461,0.6319166666666547,0.0246124267578125,Very Poor,Very Poor,Very Poor,#FF0000
2025-05-10 23:30:00,"R K Puram, Delhi - DPCC",198.0,194.47546139971143,197.88098,3.524538600288537,0.1190185546875,Poor,Poor,Poor,#FF7E00
2025-05-11 00:30:00,"R K Puram, Delhi - DPCC",110.0,111.0441547619048,109.72981,1.0441547619047924,0.2701873779296875,Poor,Poor,Poor,#FF7E00
2025-05-11 01:30:00,"R K Puram, Delhi - DPCC",500.0,500.0,499.86902,0.0,0.1309814453125,Severe,Severe,Severe,#8F3F97
2025-05-11 02:30:00,"R K Puram, Delhi - DPCC",500.0,500.0,499.91388,0.0,0.08612060546875,Severe,Severe,Severe,#8F3F97
2025-05-11 03:30:00,"R K Puram, Delhi - DPCC",245.0,254.2124567099568,244.86768,9.212456709956797,0.13232421875,Very Poor,Very Poor,Very Poor,#FF0000
2025-05-11 04:30:00,"R K Puram, Delhi - DPCC",208.0,211.1373412698413,208.2337,3.137341269841301,0.23370361328125,Very Poor,Very Poor,Very Poor,#FF0000
2025-05-11 05:30:00,"R K Puram, Delhi - DPCC",138.0,138.52675793650795,138.2915,0.5267579365079484,0.29150390625,Poor,Poor,Poor,#FF7E00
2025-05-11 06:30:00,"R K Puram, Delhi - DPCC",95.0,98.68269083694084,96.392166,3.682690836940836,1.3921661376953125,Moderate,Moderate,Moderate,#FFFF00
2025-05-11 07:30:00,"R K Puram, Delhi - DPCC",96.0,93.48145743145744,95.66169,2.518542568542557,0.3383102416992187,Moderate,Moderate,Moderate,#FFFF00
2025-05-11 08:30:00,"R K Puram, Delhi - DPCC",94.0,90.4089375901876,93.52878,3.591062409812409,0.471221923828125,Moderate,Moderate,Moderate,#FFFF00
2025-05-11 09:30:00,"R K Puram, Delhi - DPCC",87.0,82.49283333333332,86.795525,4.507166666666677,0.2044754028320312,Moderate,Moderate,Moderate,#FFFF00
2025-05-11 10:30:00,"R K Puram, Delhi - DPCC",88.0,88.42049206349208,88.15231,0.4204920634920768,0.152313232421875,Moderate,Moderate,Moderate,#FFFF00
2025-05-11 11:30:00,"R K Puram, Delhi - DPCC",80.0,80.54158838383837,80.09949,0.5415883838383735,0.0994873046875,Moderate,Moderate,Moderate,#FFFF00
2025-05-11 12:30:00,"R K Puram, Delhi - DPCC",110.0,109.97416666666666,109.73395,0.0258333333333382,0.26605224609375,Poor,Poor,Poor,#FF7E00
2025-05-11 13:30:00,"R K Puram, Delhi - DPCC",164.0,165.0468650793651,164.79758,1.0468650793650909,0.797576904296875,Poor,Poor,Poor,#FF7E00
2025-05-11 14:30:00,"R K Puram, Delhi - DPCC",264.0,261.7841904761905,263.74103,2.2158095238095257,0.25897216796875,Very Poor,Very Poor,Very Poor,#FF0000
2025-05-11 15:30:00,"R K Puram, Delhi - DPCC",434.0,417.8289971139974,434.02463,16.17100288600261,0.024627685546875,Severe,Severe,Severe,#8F3F97
2025-05-11 16:30:00,"R K Puram, Delhi - DPCC",114.0,110.78918686868688,113.49374,3.2108131313131167,0.5062637329101562,Poor,Poor,Poor,#FF7E00
2025-05-11 17:30:00,"R K Puram, Delhi - DPCC",67.0,89.35121428571432,67.382355,22.35121428571432,0.382354736328125,Moderate,Moderate,Moderate,#FFFF00
2025-05-11 18:30:00,"R K Puram, Delhi - DPCC",92.0,90.57882614607615,91.644135,1.4211738539238468,0.355865478515625,Moderate,Moderate,Moderate,#FFFF00
2025-05-11 19:30:00,"R K Puram, Delhi - DPCC",500.0,304.4226666666667,499.05563,195.57733333333329,0.944366455078125,Severe,Severe,Severe,#8F3F97
2025-05-11 20:30:00,"R K Puram, Delhi - DPCC",68.0,109.83877813852816,68.19692,41.83877813852816,0.1969223022460937,Moderate,Poor,Moderate,#FFFF00
2025-05-11 21:30:00,"R K Puram, Delhi - DPCC",106.0,141.15361363636364,106.80756,35.153613636363644,0.8075637817382812,Poor,Poor,Poor,#FF7E00
2025-05-11 22:30:00,"R K Puram, Delhi - DPCC",112.0,112.14051984126984,111.94062,0.1405198412698354,0.0593795776367187,Poor,Poor,Poor,#FF7E00
2025-05-11 23:30:00,"R K Puram, Delhi - DPCC",500.0,426.90791666666667,499.51993,73.09208333333333,0.480072021484375,Severe,Severe,Severe,#8F3F97
2025-05-12 00:30:00,"R K Puram, Delhi - DPCC",90.0,93.88551190476193,89.93463,3.885511904761927,0.06536865234375,Moderate,Moderate,Moderate,#FFFF00
2025-05-12 01:30:00,"R K Puram, Delhi - DPCC",101.0,103.0859112554113,100.74155,2.085911255411304,0.258453369140625,Poor,Poor,Poor,#FF7E00
2025-05-12 02:30:00,"R K Puram, Delhi - DPCC",120.0,120.34112301587304,119.63617,0.3411230158730376,0.36383056640625,Poor,Poor,Poor,#FF7E00
2025-05-12 03:30:00,"R K Puram, Delhi - DPCC",500.0,470.25957142857135,499.9685,29.74042857142865,0.031494140625,Severe,Severe,Severe,#8F3F97
2025-05-12 04:30:00,"R K Puram, Delhi - DPCC",128.0,138.73712301587295,128.15674,10.737123015872951,0.15673828125,Poor,Poor,Poor,#FF7E00
2025-05-12 05:30:00,"R K Puram, Delhi - DPCC",500.0,477.4803571428571,499.96964,22.519642857142912,0.030364990234375,Severe,Severe,Severe,#8F3F97
2025-05-12 06:30:00,"R K Puram, Delhi - DPCC",126.0,128.9289841269841,126.33412,2.9289841269840906,0.3341217041015625,Poor,Poor,Poor,#FF7E00
2025-05-12 07:30:00,"R K Puram, Delhi - DPCC",110.0,108.41670238095236,109.81605,1.5832976190476415,0.1839523315429687,Poor,Poor,Poor,#FF7E00
2025-05-12 08:30:00,"R K Puram, Delhi - DPCC",96.0,93.80218290043292,95.84641,2.1978170995670894,0.1535873413085937,Moderate,Moderate,Moderate,#FFFF00
2025-05-12 09:30:00,"R K Puram, Delhi - DPCC",106.0,106.70457936507935,106.22079,0.7045793650793541,0.2207870483398437,Poor,Poor,Poor,#FF7E00
2025-05-12 10:30:00,"R K Puram, Delhi - DPCC",117.0,117.78381349206347,117.319756,0.7838134920634872,0.3197555541992187,Poor,Poor,Poor,#FF7E00
2025-05-12 11:30:00,"R K Puram, Delhi - DPCC",118.0,118.2566587301587,118.359566,0.2566587301587049,0.3595657348632812,Poor,Poor,Poor,#FF7E00
2025-05-12 12:30:00,"R K Puram, Delhi - DPCC",115.0,114.94689466089464,114.373695,0.0531053391053717,0.6263046264648438,Poor,Poor,Poor,#FF7E00
2025-05-12 13:30:00,"R K Puram, Delhi - DPCC",176.0,177.04384812409816,175.96265,1.0438481240981616,0.037353515625,Poor,Poor,Poor,#FF7E00
2025-05-12 14:30:00,"R K Puram, Delhi - DPCC",303.0,292.14152380952385,302.8374,10.858476190476154,0.16259765625,Severe,Very Poor,Severe,#8F3F97
2025-05-12 15:30:00,"R K Puram, Delhi - DPCC",333.0,339.3461626984128,332.98346,6.3461626984127975,0.01654052734375,Severe,Severe,Severe,#8F3F97
2025-05-12 16:30:00,"R K Puram, Delhi - DPCC",500.0,499.47,500.05222,0.5299999999999727,0.052215576171875,Severe,Severe,Severe,#8F3F97
2025-05-12 17:30:00,"R K Puram, Delhi - DPCC",138.0,137.93080555555554,138.05484,0.0691944444444629,0.054840087890625,Poor,Poor,Poor,#FF7E00
2025-05-12 18:30:00,"R K Puram, Delhi - DPCC",104.0,106.19016089466092,103.61613,2.1901608946609343,0.3838729858398437,Poor,Poor,Poor,#FF7E00
2025-05-12 19:30:00,"R K Puram, Delhi - DPCC",107.0,108.11979761904762,107.46789,1.1197976190476169,0.4678878784179687,Poor,Poor,Poor,#FF7E00
2025-05-12 20:30:00,"R K Puram, Delhi - DPCC",114.0,113.73566269841268,113.51935,0.264337301587318,0.48065185546875,Poor,Poor,Poor,#FF7E00
2025-05-12 21:30:00,"R K Puram, Delhi - DPCC",112.0,112.21221031746032,111.93771,0.2122103174603182,0.062286376953125,Poor,Poor,Poor,#FF7E00
2025-05-12 22:30:00,"R K Puram, Delhi - DPCC",70.0,70.58725000000001,70.03029,0.5872500000000116,0.0302886962890625,Moderate,Moderate,Moderate,#FFFF00
2025-05-12 23:30:00,"R K Puram, Delhi - DPCC",56.0,58.602726190476176,56.320366,2.602726190476176,0.3203659057617187,Moderate,Moderate,Moderate,#FFFF00
2025-05-13 00:30:00,"R K Puram, Delhi - DPCC",57.0,57.79471428571427,56.865883,0.7947142857142708,0.1341171264648437,Moderate,Moderate,Moderate,#FFFF00
2025-05-13 01:30:00,"R K Puram, Delhi - DPCC",60.0,59.06580158730156,60.080635,0.9341984126984428,0.0806350708007812,Moderate,Moderate,Moderate,#FFFF00
2025-05-13 02:30:00,"R K Puram, Delhi - DPCC",93.0,88.32391056166053,92.70363,4.676089438339474,0.2963714599609375,Moderate,Moderate,Moderate,#FFFF00
2025-05-13 03:30:00,"R K Puram, Delhi - DPCC",112.0,111.23300793650792,112.00698,0.7669920634920686,0.0069808959960937,Poor,Poor,Poor,#FF7E00
2025-05-13 04:30:00,"R K Puram, Delhi - DPCC",117.0,117.74964682539684,117.35447,0.7496468253968374,0.3544692993164062,Poor,Poor,Poor,#FF7E00
2025-05-13 05:30:00,"R K Puram, Delhi - DPCC",116.0,115.27534704184704,115.842964,0.7246529581529586,0.1570358276367187,Poor,Poor,Poor,#FF7E00
2025-05-13 06:30:00,"R K Puram, Delhi - DPCC",114.0,113.88049206349208,114.16104,0.1195079365079294,0.161041259765625,Poor,Poor,Poor,#FF7E00
2025-05-13 07:30:00,"R K Puram, Delhi - DPCC",120.0,119.77299206349204,119.6422,0.2270079365079453,0.3578033447265625,Poor,Poor,Poor,#FF7E00
2025-05-13 08:30:00,"R K Puram, Delhi - DPCC",136.0,136.83025360750364,136.64369,0.8302536075036357,0.6436920166015625,Poor,Poor,Poor,#FF7E00
2025-05-13 09:30:00,"R K Puram, Delhi - DPCC",146.0,144.8834206349206,145.68774,1.1165793650793887,0.312255859375,Poor,Poor,Poor,#FF7E00
2025-05-13 10:30:00,"R K Puram, Delhi - DPCC",147.0,143.79059523809522,146.90532,3.2094047619047785,0.0946807861328125,Poor,Poor,Poor,#FF7E00
2025-05-13 11:30:00,"R K Puram, Delhi - DPCC",124.0,124.23184668109668,124.14862,0.2318466810966839,0.14862060546875,Poor,Poor,Poor,#FF7E00
2025-05-13 12:30:00,"R K Puram, Delhi - DPCC",105.0,105.17999603174604,105.296234,0.1799960317460289,0.296234130859375,Poor,Poor,Poor,#FF7E00
2025-05-13 13:30:00,"R K Puram, Delhi - DPCC",114.0,114.59354761904764,113.88779,0.5935476190476265,0.112213134765625,Poor,Poor,Poor,#FF7E00
2025-05-13 14:30:00,"R K Puram, Delhi - DPCC",110.0,109.67005952380951,109.74661,0.3299404761904725,0.253387451171875,Poor,Poor,Poor,#FF7E00
2025-05-13 15:30:00,"R K Puram, Delhi - DPCC",500.0,472.73364285714285,500.08545,27.266357142857142,0.08544921875,Severe,Severe,Severe,#8F3F97
2025-05-13 16:30:00,"R K Puram, Delhi - DPCC",75.0,84.70266450216447,75.40259,9.702664502164469,0.402587890625,Moderate,Moderate,Moderate,#FFFF00
2025-05-13 17:30:00,"R K Puram, Delhi - DPCC",58.0,128.74135894660895,59.843452,70.74135894660895,1.8434524536132808,Moderate,Poor,Moderate,#FFFF00
2025-05-13 18:30:00,"R K Puram, Delhi - DPCC",86.0,85.0387380952381,86.02347,0.9612619047618978,0.023468017578125,Moderate,Moderate,Moderate,#FFFF00
2025-05-13 19:30:00,"R K Puram, Delhi - DPCC",99.0,97.2177023809524,98.590416,1.782297619047597,0.4095840454101562,Moderate,Moderate,Moderate,#FFFF00
2025-05-13 20:30:00,"R K Puram, Delhi - DPCC",110.0,109.36961904761904,109.696785,0.6303809523809463,0.3032150268554687,Poor,Poor,Poor,#FF7E00
2025-05-13 21:30:00,"R K Puram, Delhi - DPCC",101.0,100.99797222222224,100.90882,0.0020277777777693,0.0911788940429687,Poor,Poor,Poor,#FF7E00
2025-05-13 22:30:00,"R K Puram, Delhi - DPCC",80.0,81.58033730158728,80.24973,1.580337301587278,0.2497329711914062,Moderate,Moderate,Moderate,#FFFF00
2025-05-13 23:30:00,"R K Puram, Delhi - DPCC",65.0,64.58924603174604,64.75205,0.4107539682539567,0.2479476928710937,Moderate,Moderate,Moderate,#FFFF00
2025-05-14 00:30:00,"R K Puram, Delhi - DPCC",101.0,99.50395238095238,100.80874,1.4960476190476155,0.1912612915039062,Poor,Moderate,Poor,#FF7E00
2025-05-14 01:30:00,"R K Puram, Delhi - DPCC",113.0,113.147119047619,112.89244,0.1471190476190145,0.1075592041015625,Poor,Poor,Poor,#FF7E00
2025-05-14 02:30:00,"R K Puram, Delhi - DPCC",162.0,154.11982034632035,161.96901,7.880179653679647,0.0309906005859375,Poor,Poor,Poor,#FF7E00
2025-05-14 03:30:00,"R K Puram, Delhi - DPCC",131.0,131.86969047619047,130.76062,0.8696904761904705,0.2393798828125,Poor,Poor,Poor,#FF7E00
2025-05-14 04:30:00,"R K Puram, Delhi - DPCC",132.0,132.29785317460318,131.832,0.2978531746031763,0.167999267578125,Poor,Poor,Poor,#FF7E00
2025-05-14 05:30:00,"R K Puram, Delhi - DPCC",139.0,138.74742857142857,138.93655,0.2525714285714286,0.063446044921875,Poor,Poor,Poor,#FF7E00
2025-05-14 06:30:00,"R K Puram, Delhi - DPCC",145.0,144.54678751803752,144.20087,0.4532124819624812,0.79913330078125,Poor,Poor,Poor,#FF7E00
2025-05-14 07:30:00,"R K Puram, Delhi - DPCC",141.0,140.67156349206348,140.43553,0.3284365079365159,0.5644683837890625,Poor,Poor,Poor,#FF7E00
2025-05-14 08:30:00,"R K Puram, Delhi - DPCC",152.0,150.1856944444445,151.56386,1.814305555555535,0.4361419677734375,Poor,Poor,Poor,#FF7E00
2025-05-14 09:30:00,"R K Puram, Delhi - DPCC",134.0,133.89223593073598,134.35309,0.1077640692640216,0.35308837890625,Poor,Poor,Poor,#FF7E00
2025-05-14 10:30:00,"R K Puram, Delhi - DPCC",109.0,110.35393650793652,109.08607,1.353936507936524,0.0860671997070312,Poor,Poor,Poor,#FF7E00
2025-05-14 11:30:00,"R K Puram, Delhi - DPCC",86.0,86.01789285714285,85.867966,0.0178928571428542,0.1320343017578125,Moderate,Moderate,Moderate,#FFFF00
2025-05-14 12:30:00,"R K Puram, Delhi - DPCC",112.0,112.3550476190476,111.94161,0.3550476190475962,0.0583877563476562,Poor,Poor,Poor,#FF7E00
2025-05-14 13:30:00,"R K Puram, Delhi - DPCC",160.0,161.98308333333335,159.80151,1.9830833333333544,0.198486328125,Poor,Poor,Poor,#FF7E00
2025-05-14 14:30:00,"R K Puram, Delhi - DPCC",224.0,229.8853650793651,224.09633,5.885365079365101,0.0963287353515625,Very Poor,Very Poor,Very Poor,#FF0000
2025-05-14 15:30:00,"R K Puram, Delhi - DPCC",242.0,245.0825696248197,241.88799,3.082569624819712,0.1120147705078125,Very Poor,Very Poor,Very Poor,#FF0000
2025-05-14 16:30:00,"R K Puram, Delhi - DPCC",463.0,438.6817510822512,462.84854,24.31824891774886,0.151458740234375,Severe,Severe,Severe,#8F3F97
2025-05-14 17:30:00,"R K Puram, Delhi - DPCC",37.0,248.0989206349206,37.280247,211.0989206349206,0.2802467346191406,Good,Very Poor,Good,#00E400
2025-05-14 18:30:00,"R K Puram, Delhi - DPCC",47.0,175.7206966089466,47.77427,128.7206966089466,0.7742691040039062,Good,Poor,Good,#00E400
2025-05-14 19:30:00,"R K Puram, Delhi - DPCC",54.0,55.80419047619048,53.851055,1.8041904761904772,0.1489448547363281,Moderate,Moderate,Moderate,#FFFF00
2025-05-14 20:30:00,"R K Puram, Delhi - DPCC",47.0,54.317007936507935,47.24809,7.317007936507935,0.2480888366699218,Good,Moderate,Good,#00E400
2025-05-14 21:30:00,"R K Puram, Delhi - DPCC",47.0,53.236103174603166,47.21403,6.236103174603166,0.2140312194824218,Good,Moderate,Good,#00E400
2025-05-14 22:30:00,"R K Puram, Delhi - DPCC",68.0,67.25600396825398,67.99791,0.7439960317460219,0.0020904541015625,Moderate,Moderate,Moderate,#FFFF00
2025-05-14 23:30:00,"R K Puram, Delhi - DPCC",74.0,72.10396825396826,73.965096,1.8960317460317384,0.0349044799804687,Moderate,Moderate,Moderate,#FFFF00
2025-05-15 00:30:00,"R K Puram, Delhi - DPCC",87.0,79.3139920634921,87.05089,7.686007936507906,0.0508880615234375,Moderate,Moderate,Moderate,#FFFF00
2025-05-15 01:30:00,"R K Puram, Delhi - DPCC",94.0,86.41534920634922,93.9323,7.5846507936507805,0.0677032470703125,Moderate,Moderate,Moderate,#FFFF00
2025-05-15 02:30:00,"R K Puram, Delhi - DPCC",59.0,66.7132023809524,59.040993,7.713202380952396,0.0409927368164062,Moderate,Moderate,Moderate,#FFFF00
2025-05-15 03:30:00,"R K Puram, Delhi - DPCC",44.0,54.41375793650792,44.415638,10.41375793650792,0.4156379699707031,Good,Moderate,Good,#00E400
2025-05-15 04:30:00,"R K Puram, Delhi - DPCC",58.0,57.25308333333332,57.834045,0.746916666666678,0.16595458984375,Moderate,Moderate,Moderate,#FFFF00
2025-05-15 05:30:00,"R K Puram, Delhi - DPCC",459.0,355.3905616883118,457.54562,103.60943831168822,1.454376220703125,Severe,Severe,Severe,#8F3F97
2025-05-15 06:30:00,"R K Puram, Delhi - DPCC",357.0,349.36072619047627,356.81323,7.639273809523729,0.186767578125,Severe,Severe,Severe,#8F3F97
2025-05-15 07:30:00,"R K Puram, Delhi - DPCC",216.0,215.26258982683984,215.97603,0.737410173160157,0.0239715576171875,Very Poor,Very Poor,Very Poor,#FF0000
2025-05-15 08:30:00,"R K Puram, Delhi - DPCC",202.0,202.2126269841269,201.84576,0.2126269841268993,0.15423583984375,Very Poor,Very Poor,Very Poor,#FF0000
2025-05-15 09:30:00,"R K Puram, Delhi - DPCC",240.0,246.89804242979244,239.78087,6.89804242979244,0.2191314697265625,Very Poor,Very Poor,Very Poor,#FF0000
2025-05-15 10:30:00,"R K Puram, Delhi - DPCC",237.0,237.63748290598292,237.03786,0.6374829059829494,0.0378570556640625,Very Poor,Very Poor,Very Poor,#FF0000
2025-05-15 11:30:00,"R K Puram, Delhi - DPCC",173.0,172.6905476190476,173.03246,0.3094523809523934,0.0324554443359375,Poor,Poor,Poor,#FF7E00
2025-05-15 12:30:00,"R K Puram, Delhi - DPCC",142.0,141.91024639249636,142.53407,0.0897536075036384,0.5340728759765625,Poor,Poor,Poor,#FF7E00
2025-05-15 13:30:00,"R K Puram, Delhi - DPCC",500.0,495.947,499.68823,4.053000000000054,0.311767578125,Severe,Severe,Severe,#8F3F97
2025-05-15 14:30:00,"R K Puram, Delhi - DPCC",191.0,184.01203571428567,191.51906,6.987964285714327,0.5190582275390625,Poor,Poor,Poor,#FF7E00
2025-05-15 15:30:00,"R K Puram, Delhi - DPCC",229.0,229.89417857142857,229.89456,0.8941785714285686,0.894561767578125,Very Poor,Very Poor,Very Poor,#FF0000
2025-05-15 16:30:00,"R K Puram, Delhi - DPCC",280.0,288.4544365079365,280.14636,8.45443650793652,0.1463623046875,Very Poor,Very Poor,Very Poor,#FF0000
2025-05-15 17:30:00,"R K Puram, Delhi - DPCC",239.0,239.27349999999987,239.1647,0.2734999999998706,0.164703369140625,Very Poor,Very Poor,Very Poor,#FF0000
2025-05-15 18:30:00,"R K Puram, Delhi - DPCC",245.0,245.77976406926405,244.35936,0.7797640692640471,0.6406402587890625,Very Poor,Very Poor,Very Poor,#FF0000
2025-05-15 19:30:00,"R K Puram, Delhi - DPCC",266.0,278.2704862914863,265.92828,12.270486291486293,0.07171630859375,Very Poor,Very Poor,Very Poor,#FF0000
2025-05-15 20:30:00,"R K Puram, Delhi - DPCC",256.0,256.9868571428571,256.84543,0.9868571428571044,0.845428466796875,Very Poor,Very Poor,Very Poor,#FF0000
2025-05-15 21:30:00,"R K Puram, Delhi - DPCC",314.0,314.6540873015872,322.0704,0.6540873015871966,8.070404052734375,Severe,Severe,Severe,#8F3F97
2025-05-15 22:30:00,"R K Puram, Delhi - DPCC",335.0,334.60763888888886,338.0685,0.3923611111111427,3.068511962890625,Severe,Severe,Severe,#8F3F97
2025-05-15 23:30:00,"R K Puram, Delhi - DPCC",349.0,347.4452817460317,344.31708,1.5547182539683035,4.68292236328125,Severe,Severe,Severe,#8F3F97
2025-05-16 00:30:00,"R K Puram, Delhi - DPCC",340.0,341.36171428571424,339.9016,1.3617142857142426,0.098388671875,Severe,Severe,Severe,#8F3F97
2025-05-16 01:30:00,"R K Puram, Delhi - DPCC",332.0,334.08006746031737,266.91077,2.080067460317366,65.0892333984375,Severe,Severe,Very Poor,#8F3F97
2025-05-16 02:30:00,"R K Puram, Delhi - DPCC",500.0,373.0085476190478,368.9265,126.99145238095218,131.073486328125,Severe,Severe,Severe,#8F3F97
2025-05-16 03:30:00,"R K Puram, Delhi - DPCC",314.0,316.8123214285713,321.0684,2.812321428571352,7.068389892578125,Severe,Severe,Severe,#8F3F97
2025-05-16 04:30:00,"R K Puram, Delhi - DPCC",195.0,184.59246861471863,197.16,10.407531385281374,2.160003662109375,Poor,Poor,Poor,#FF7E00
2025-05-16 05:30:00,"R K Puram, Delhi - DPCC",157.0,155.1522579365079,158.02388,1.847742063492092,1.0238800048828125,Poor,Poor,Poor,#FF7E00
2025-05-16 06:30:00,"R K Puram, Delhi - DPCC",155.0,149.87610714285714,151.1722,5.123892857142863,3.827804565429688,Poor,Poor,Poor,#FF7E00
2025-05-16 07:30:00,"R K Puram, Delhi - DPCC",165.0,165.04239862914866,165.63234,0.0423986291486642,0.6323394775390625,Poor,Poor,Poor,#FF7E00
2025-05-16 08:30:00,"R K Puram, Delhi - DPCC",169.0,168.30848412698413,168.00389,0.6915158730158737,0.9961090087890624,Poor,Poor,Poor,#FF7E00
2025-05-16 09:30:00,"R K Puram, Delhi - DPCC",199.0,200.5314444444444,195.77458,1.531444444444361,3.2254180908203125,Poor,Very Poor,Poor,#FF7E00
2025-05-16 10:30:00,"R K Puram, Delhi - DPCC",278.0,270.88295851370856,286.7256,7.117041486291441,8.7255859375,Very Poor,Very Poor,Very Poor,#FF0000
2025-05-16 11:30:00,"R K Puram, Delhi - DPCC",182.0,181.59996031746027,186.04706,0.4000396825397274,4.04705810546875,Poor,Poor,Poor,#FF7E00
2025-05-16 12:30:00,"R K Puram, Delhi - DPCC",145.0,146.23214285714286,145.58417,1.2321428571428612,0.58416748046875,Poor,Poor,Poor,#FF7E00
2025-05-16 13:30:00,"R K Puram, Delhi - DPCC",111.0,110.11914682539684,111.11552,0.8808531746031605,0.1155166625976562,Poor,Poor,Poor,#FF7E00
2025-05-16 14:30:00,"R K Puram, Delhi - DPCC",114.0,112.74161111111113,114.40073,1.2583888888888737,0.400726318359375,Poor,Poor,Poor,#FF7E00
2025-05-16 15:30:00,"R K Puram, Delhi - DPCC",118.0,120.3896468253968,117.69263,2.3896468253967957,0.307373046875,Poor,Poor,Poor,#FF7E00
2025-05-16 16:30:00,"R K Puram, Delhi - DPCC",125.0,123.22642460317458,121.9911,1.7735753968254215,3.0089035034179688,Poor,Poor,Poor,#FF7E00
2025-05-16 17:30:00,"R K Puram, Delhi - DPCC",116.0,115.90167640692638,113.42991,0.0983235930736157,2.5700912475585938,Poor,Poor,Poor,#FF7E00
2025-05-16 18:30:00,"R K Puram, Delhi - DPCC",97.0,95.07518145743148,98.37823,1.9248185425685165,1.3782272338867188,Moderate,Moderate,Moderate,#FFFF00
2025-05-16 19:30:00,"R K Puram, Delhi - DPCC",96.0,93.78334812409815,95.60333,2.216651875901846,0.39666748046875,Moderate,Moderate,Moderate,#FFFF00
2025-05-16 20:30:00,"R K Puram, Delhi - DPCC",101.0,100.77606746031746,100.91601,0.2239325396825364,0.0839920043945312,Poor,Poor,Poor,#FF7E00
2025-05-16 21:30:00,"R K Puram, Delhi - DPCC",104.0,103.87842063492062,98.77977,0.1215793650793841,5.220230102539063,Poor,Poor,Moderate,#FF7E00
2025-05-16 22:30:00,"R K Puram, Delhi - DPCC",95.0,92.37473304473303,93.017265,2.625266955266966,1.9827346801757808,Moderate,Moderate,Moderate,#FFFF00
2025-05-16 23:30:00,"R K Puram, Delhi - DPCC",84.0,88.23789285714285,86.54137,4.237892857142853,2.541366577148437,Moderate,Moderate,Moderate,#FFFF00
2025-05-17 00:30:00,"R K Puram, Delhi - DPCC",110.0,109.732,109.29975,0.2679999999999864,0.7002487182617188,Poor,Poor,Poor,#FF7E00
2025-05-17 01:30:00,"R K Puram, Delhi - DPCC",136.0,133.51044444444446,128.14592,2.4895555555555404,7.854080200195312,Poor,Poor,Poor,#FF7E00
2025-05-17 02:30:00,"R K Puram, Delhi - DPCC",179.0,177.63205844155848,184.03651,1.367941558441515,5.0365142822265625,Poor,Poor,Poor,#FF7E00
2025-05-17 03:30:00,"R K Puram, Delhi - DPCC",153.0,158.83550793650795,150.77777,5.835507936507952,2.22222900390625,Poor,Poor,Poor,#FF7E00
2025-05-17 04:30:00,"R K Puram, Delhi - DPCC",144.0,148.36257720057725,144.08925,4.362577200577249,0.0892486572265625,Poor,Poor,Poor,#FF7E00
2025-05-17 05:30:00,"R K Puram, Delhi - DPCC",128.0,129.31988095238094,128.81332,1.3198809523809416,0.813323974609375,Poor,Poor,Poor,#FF7E00
2025-05-17 06:30:00,"R K Puram, Delhi - DPCC",146.0,144.83353571428572,145.79303,1.1664642857142835,0.20697021484375,Poor,Poor,Poor,#FF7E00
2025-05-17 07:30:00,"R K Puram, Delhi - DPCC",160.0,159.77694047619048,161.90372,0.2230595238095247,1.903717041015625,Poor,Poor,Poor,#FF7E00
2025-05-17 08:30:00,"R K Puram, Delhi - DPCC",147.0,145.3289365079365,149.29121,1.671063492063496,2.2912139892578125,Poor,Poor,Poor,#FF7E00
2025-05-17 09:30:00,"R K Puram, Delhi - DPCC",171.0,170.08285317460314,170.82092,0.9171468253968555,0.1790771484375,Poor,Poor,Poor,#FF7E00
2025-05-17 10:30:00,"R K Puram, Delhi - DPCC",201.0,201.54201587301588,198.95087,0.5420158730158846,2.04913330078125,Very Poor,Very Poor,Poor,#FF0000
2025-05-17 11:30:00,"R K Puram, Delhi - DPCC",500.0,465.0171926406926,462.6483,34.9828073593074,37.35171508789063,Severe,Severe,Severe,#8F3F97
2025-05-17 12:30:00,"R K Puram, Delhi - DPCC",96.0,114.46947222222224,104.76984,18.46947222222224,8.76983642578125,Moderate,Poor,Poor,#FFFF00
2025-05-17 13:30:00,"R K Puram, Delhi - DPCC",500.0,291.0377976190477,437.3403,208.9622023809523,62.659698486328125,Severe,Very Poor,Severe,#8F3F97
2025-05-17 14:30:00,"R K Puram, Delhi - DPCC",99.0,116.07046428571428,99.59379,17.07046428571428,0.5937881469726562,Moderate,Poor,Moderate,#FFFF00
2025-05-17 15:30:00,"R K Puram, Delhi - DPCC",107.0,120.31078174603174,120.1666,13.310781746031736,13.166603088378906,Poor,Poor,Poor,#FF7E00
2025-05-17 16:30:00,"R K Puram, Delhi - DPCC",54.0,65.82345238095238,63.88844,11.823452380952377,9.888439178466797,Moderate,Moderate,Moderate,#FFFF00
2025-05-17 17:30:00,"R K Puram, Delhi - DPCC",57.0,61.67784451659449,63.976944,4.67784451659449,6.9769439697265625,Moderate,Moderate,Moderate,#FFFF00
2025-05-17 18:30:00,"R K Puram, Delhi - DPCC",78.0,74.19755952380953,70.63002,3.802440476190469,7.369979858398437,Moderate,Moderate,Moderate,#FFFF00
2025-05-17 19:30:00,"R K Puram, Delhi - DPCC",80.0,80.45338492063492,79.88434,0.4533849206349174,0.11566162109375,Moderate,Moderate,Moderate,#FFFF00
2025-05-17 20:30:00,"R K Puram, Delhi - DPCC",74.0,74.46637806637807,73.48071,0.4663780663780699,0.519287109375,Moderate,Moderate,Moderate,#FFFF00
2025-05-17 21:30:00,"R K Puram, Delhi - DPCC",91.0,89.0452380952381,88.866394,1.9547619047618952,2.13360595703125,Moderate,Moderate,Moderate,#FFFF00
2025-05-17 22:30:00,"R K Puram, Delhi - DPCC",94.0,91.61792857142858,92.04779,2.3820714285714217,1.95220947265625,Moderate,Moderate,Moderate,#FFFF00
2025-05-17 23:30:00,"R K Puram, Delhi - DPCC",75.0,76.943509018759,76.10669,1.943509018759002,1.106689453125,Moderate,Moderate,Moderate,#FFFF00
2025-05-18 00:30:00,"R K Puram, Delhi - DPCC",119.0,120.34255158730156,118.83328,1.342551587301557,0.166717529296875,Poor,Poor,Poor,#FF7E00
2025-05-18 01:30:00,"R K Puram, Delhi - DPCC",153.0,153.28241666666665,154.7218,0.2824166666666485,1.7218017578125,Poor,Poor,Poor,#FF7E00
2025-05-18 02:30:00,"R K Puram, Delhi - DPCC",182.0,190.25434812409813,187.96274,8.25434812409813,5.962738037109375,Poor,Poor,Poor,#FF7E00
2025-05-18 03:30:00,"R K Puram, Delhi - DPCC",158.0,167.2560386002886,161.96976,9.256038600288605,3.969757080078125,Poor,Poor,Poor,#FF7E00
2025-05-18 04:30:00,"R K Puram, Delhi - DPCC",144.0,151.0151746031746,144.45505,7.015174603174614,0.455047607421875,Poor,Poor,Poor,#FF7E00
2025-05-18 05:30:00,"R K Puram, Delhi - DPCC",145.0,148.85060714285714,144.84412,3.850607142857143,0.1558837890625,Poor,Poor,Poor,#FF7E00
2025-05-18 06:30:00,"R K Puram, Delhi - DPCC",163.0,162.120477994228,164.93433,0.879522005772003,1.934326171875,Poor,Poor,Poor,#FF7E00
2025-05-18 07:30:00,"R K Puram, Delhi - DPCC",156.0,153.21725000000004,156.47118,2.7827499999999645,0.4711761474609375,Poor,Poor,Poor,#FF7E00
2025-05-18 08:30:00,"R K Puram, Delhi - DPCC",150.0,149.2495,151.22028,0.7504999999999882,1.22027587890625,Poor,Poor,Poor,#FF7E00
2025-05-18 09:30:00,"R K Puram, Delhi - DPCC",161.0,158.84019047619046,161.66039,2.1598095238095425,0.6603851318359375,Poor,Poor,Poor,#FF7E00
2025-05-18 10:30:00,"R K Puram, Delhi - DPCC",184.0,183.06644047619045,205.22266,0.9335595238095492,21.22265625,Poor,Poor,Very Poor,#FF7E00
2025-05-18 11:30:00,"R K Puram, Delhi - DPCC",188.0,190.649746031746,209.53545,2.649746031745991,21.535446166992188,Poor,Poor,Very Poor,#FF7E00
2025-05-18 12:30:00,"R K Puram, Delhi - DPCC",195.0,196.41026984126984,195.19409,1.4102698412698371,0.194091796875,Poor,Poor,Poor,#FF7E00
2025-05-18 13:30:00,"R K Puram, Delhi - DPCC",500.0,498.6233333333333,499.85474,1.3766666666666652,0.145263671875,Severe,Severe,Severe,#8F3F97
2025-05-18 14:30:00,"R K Puram, Delhi - DPCC",195.0,195.16014285714283,163.76306,0.16014285714283,31.2369384765625,Poor,Poor,Poor,#FF7E00
2025-05-18 15:30:00,"R K Puram, Delhi - DPCC",198.0,201.70802380952372,202.50287,3.708023809523752,4.50286865234375,Poor,Very Poor,Very Poor,#FF7E00
2025-05-18 16:30:00,"R K Puram, Delhi - DPCC",192.0,193.89184126984125,187.96268,1.891841269841251,4.037322998046875,Poor,Poor,Poor,#FF7E00
2025-05-18 17:30:00,"R K Puram, Delhi - DPCC",171.0,177.63863492063493,174.00664,6.638634920634928,3.0066375732421875,Poor,Poor,Poor,#FF7E00
2025-05-18 18:30:00,"R K Puram, Delhi - DPCC",191.0,190.6768881673881,190.73976,0.3231118326118576,0.2602386474609375,Poor,Poor,Poor,#FF7E00
2025-05-18 19:30:00,"R K Puram, Delhi - DPCC",500.0,399.56014285714286,438.00803,100.43985714285714,61.991973876953125,Severe,Severe,Severe,#8F3F97
2025-05-18 20:30:00,"R K Puram, Delhi - DPCC",183.0,187.3495851370852,183.5088,4.3495851370852,0.5088043212890625,Poor,Poor,Poor,#FF7E00
2025-05-18 21:30:00,"R K Puram, Delhi - DPCC",225.0,224.96715873015876,225.11057,0.0328412698412705,0.110565185546875,Very Poor,Very Poor,Very Poor,#FF0000
2025-05-18 22:30:00,"R K Puram, Delhi - DPCC",209.0,209.07025457875463,209.3075,0.0702545787546569,0.3074951171875,Very Poor,Very Poor,Very Poor,#FF0000
2025-05-18 23:30:00,"R K Puram, Delhi - DPCC",140.0,142.68305555555557,143.88867,2.683055555555569,3.888671875,Poor,Poor,Poor,#FF7E00
2025-05-19 00:30:00,"R K Puram, Delhi - DPCC",157.0,151.70735606060603,155.18263,5.292643939393969,1.8173675537109373,Poor,Poor,Poor,#FF7E00
2025-05-19 01:30:00,"R K Puram, Delhi - DPCC",145.0,142.786753968254,144.76646,2.213246031745996,0.2335357666015625,Poor,Poor,Poor,#FF7E00
2025-05-19 02:30:00,"R K Puram, Delhi - DPCC",153.0,149.79346067821066,156.86464,3.206539321789336,3.8646392822265625,Poor,Poor,Poor,#FF7E00
2025-05-19 03:30:00,"R K Puram, Delhi - DPCC",148.0,148.76164285714285,149.39685,0.7616428571428457,1.3968505859375,Poor,Poor,Poor,#FF7E00
2025-05-19 04:30:00,"R K Puram, Delhi - DPCC",148.0,148.7354761904762,149.41829,0.7354761904761915,1.4182891845703125,Poor,Poor,Poor,#FF7E00
2025-05-19 05:30:00,"R K Puram, Delhi - DPCC",158.0,160.81417857142853,160.46458,2.814178571428528,2.464584350585937,Poor,Poor,Poor,#FF7E00
2025-05-19 06:30:00,"R K Puram, Delhi - DPCC",158.0,158.21721428571425,159.68744,0.2172142857142489,1.68743896484375,Poor,Poor,Poor,#FF7E00
2025-05-19 07:30:00,"R K Puram, Delhi - DPCC",163.0,162.58037878787877,164.04486,0.4196212121212284,1.04486083984375,Poor,Poor,Poor,#FF7E00
2025-05-19 08:30:00,"R K Puram, Delhi - DPCC",177.0,178.5796457431457,204.17206,1.5796457431457045,27.17205810546875,Poor,Poor,Very Poor,#FF7E00
2025-05-19 09:30:00,"R K Puram, Delhi - DPCC",185.0,183.49051587301585,208.04626,1.509484126984148,23.0462646484375,Poor,Poor,Very Poor,#FF7E00
2025-05-19 10:30:00,"R K Puram, Delhi - DPCC",188.0,188.63079509379503,208.48761,0.6307950937950579,20.48760986328125,Poor,Poor,Very Poor,#FF7E00
2025-05-19 11:30:00,"R K Puram, Delhi - DPCC",194.0,195.93030952380943,195.26884,1.930309523809456,1.2688446044921875,Poor,Poor,Poor,#FF7E00
2025-05-19 12:30:00,"R K Puram, Delhi - DPCC",194.0,192.61194444444445,194.16953,1.3880555555555532,0.169525146484375,Poor,Poor,Poor,#FF7E00
2025-05-19 13:30:00,"R K Puram, Delhi - DPCC",197.0,194.3867380952381,195.33586,2.613261904761941,1.6641387939453125,Poor,Poor,Poor,#FF7E00
2025-05-19 14:30:00,"R K Puram, Delhi - DPCC",239.0,233.1020714285714,234.98595,5.897928571428594,4.0140533447265625,Very Poor,Very Poor,Very Poor,#FF0000
2025-05-19 15:30:00,"R K Puram, Delhi - DPCC",239.0,246.7806944444444,250.83823,7.780694444444407,11.838226318359377,Very Poor,Very Poor,Very Poor,#FF0000
2025-05-19 16:30:00,"R K Puram, Delhi - DPCC",217.0,222.0874285714286,221.41895,5.087428571428603,4.4189453125,Very Poor,Very Poor,Very Poor,#FF0000
2025-05-19 17:30:00,"R K Puram, Delhi - DPCC",186.0,183.86708730158725,186.93019,2.1329126984127527,0.9301910400390624,Poor,Poor,Poor,#FF7E00
2025-05-19 18:30:00,"R K Puram, Delhi - DPCC",187.0,186.6529877344877,186.72676,0.3470122655122623,0.2732391357421875,Poor,Poor,Poor,#FF7E00
2025-05-19 19:30:00,"R K Puram, Delhi - DPCC",176.0,179.34669047619045,178.37285,3.346690476190446,2.3728485107421875,Poor,Poor,Poor,#FF7E00
2025-05-19 20:30:00,"R K Puram, Delhi - DPCC",165.0,166.96777164502168,166.81601,1.967771645021685,1.816009521484375,Poor,Poor,Poor,#FF7E00
2025-05-19 21:30:00,"R K Puram, Delhi - DPCC",500.0,500.0,499.70102,0.0,0.298980712890625,Severe,Severe,Severe,#8F3F97
2025-05-19 22:30:00,"R K Puram, Delhi - DPCC",210.0,213.37466666666663,205.92642,3.374666666666627,4.073577880859375,Very Poor,Very Poor,Very Poor,#FF0000
2025-05-19 23:30:00,"R K Puram, Delhi - DPCC",155.0,156.2683322510822,150.55779,1.2683322510821995,4.4422149658203125,Poor,Poor,Poor,#FF7E00
2025-05-20 00:30:00,"R K Puram, Delhi - DPCC",152.0,151.7728650793651,151.2215,0.22713492063491,0.77850341796875,Poor,Poor,Poor,#FF7E00
2025-05-20 01:30:00,"R K Puram, Delhi - DPCC",126.0,125.28638888888892,128.40125,0.7136111111110921,2.4012451171875,Poor,Poor,Poor,#FF7E00
2025-05-20 02:30:00,"R K Puram, Delhi - DPCC",500.0,473.8906190476189,478.9539,26.10938095238106,21.046112060546875,Severe,Severe,Severe,#8F3F97
2025-05-20 03:30:00,"R K Puram, Delhi - DPCC",121.0,124.04133730158723,125.32615,3.041337301587248,4.326148986816406,Poor,Poor,Poor,#FF7E00
2025-05-20 04:30:00,"R K Puram, Delhi - DPCC",129.0,137.19987301587298,145.93512,8.199873015872981,16.93511962890625,Poor,Poor,Poor,#FF7E00
2025-05-20 05:30:00,"R K Puram, Delhi - DPCC",139.0,140.69704761904765,141.81651,1.6970476190476518,2.816513061523437,Poor,Poor,Poor,#FF7E00
2025-05-20 06:30:00,"R K Puram, Delhi - DPCC",158.0,159.6160555555555,158.0086,1.616055555555505,0.00860595703125,Poor,Poor,Poor,#FF7E00
2025-05-20 07:30:00,"R K Puram, Delhi - DPCC",167.0,167.22393650793651,168.12021,0.2239365079365143,1.120208740234375,Poor,Poor,Poor,#FF7E00
2025-05-20 08:30:00,"R K Puram, Delhi - DPCC",198.0,196.17441666666664,196.11394,1.8255833333333555,1.8860626220703125,Poor,Poor,Poor,#FF7E00
2025-05-20 09:30:00,"R K Puram, Delhi - DPCC",228.0,234.4993095238095,241.7123,6.499309523809501,13.712295532226562,Very Poor,Very Poor,Very Poor,#FF0000
2025-05-20 10:30:00,"R K Puram, Delhi - DPCC",224.0,230.6620238095238,239.13112,6.662023809523788,15.131118774414062,Very Poor,Very Poor,Very Poor,#FF0000
2025-05-20 11:30:00,"R K Puram, Delhi - DPCC",227.0,229.15148809523808,226.36919,2.1514880952380797,0.6308135986328125,Very Poor,Very Poor,Very Poor,#FF0000
2025-05-20 12:30:00,"R K Puram, Delhi - DPCC",246.0,252.6571507936508,243.33267,6.6571507936507714,2.667327880859375,Very Poor,Very Poor,Very Poor,#FF0000
2025-05-20 13:30:00,"R K Puram, Delhi - DPCC",500.0,500.0,498.85202,0.0,1.147979736328125,Severe,Severe,Severe,#8F3F97
2025-05-20 15:30:00,"R K Puram, Delhi - DPCC",231.0,233.7518253968253,227.03973,2.7518253968252964,3.96026611328125,Very Poor,Very Poor,Very Poor,#FF0000
2025-05-20 16:30:00,"R K Puram, Delhi - DPCC",500.0,499.47,499.99673,0.5299999999999727,0.003265380859375,Severe,Severe,Severe,#8F3F97
2025-05-20 17:30:00,"R K Puram, Delhi - DPCC",195.0,194.2318809523809,166.48192,0.7681190476190807,28.518081665039062,Poor,Poor,Poor,#FF7E00
2025-05-20 18:30:00,"R K Puram, Delhi - DPCC",164.0,169.74794336219347,169.28761,5.747943362193468,5.287612915039063,Poor,Poor,Poor,#FF7E00
2025-05-20 19:30:00,"R K Puram, Delhi - DPCC",165.0,165.22868434343437,164.58331,0.2286843434343666,0.41668701171875,Poor,Poor,Poor,#FF7E00
2025-05-20 20:30:00,"R K Puram, Delhi - DPCC",168.0,167.6387976190476,167.72745,0.3612023809523919,0.272552490234375,Poor,Poor,Poor,#FF7E00
2025-05-20 21:30:00,"R K Puram, Delhi - DPCC",205.0,205.8840357142857,210.82962,0.8840357142856874,5.829620361328125,Very Poor,Very Poor,Very Poor,#FF0000
2025-05-20 22:30:00,"R K Puram, Delhi - DPCC",500.0,407.0063571428572,413.73322,92.99364285714285,86.26678466796875,Severe,Severe,Severe,#8F3F97
2025-05-20 23:30:00,"R K Puram, Delhi - DPCC",173.0,169.13717063492072,168.36452,3.8628293650792784,4.6354827880859375,Poor,Poor,Poor,#FF7E00
2025-05-21 00:30:00,"R K Puram, Delhi - DPCC",178.0,171.61955555555562,175.46783,6.380444444444379,2.53216552734375,Poor,Poor,Poor,#FF7E00
2025-05-21 01:30:00,"R K Puram, Delhi - DPCC",174.0,174.22616269841262,172.9962,0.2261626984126223,1.0037994384765625,Poor,Poor,Poor,#FF7E00
2025-05-21 02:30:00,"R K Puram, Delhi - DPCC",156.0,156.41153174603176,155.92093,0.4115317460317556,0.079071044921875,Poor,Poor,Poor,#FF7E00
2025-05-21 03:30:00,"R K Puram, Delhi - DPCC",146.0,146.53628571428575,147.07117,0.5362857142857536,1.0711669921875,Poor,Poor,Poor,#FF7E00
2025-05-21 04:30:00,"R K Puram, Delhi - DPCC",153.0,152.9977103174603,151.5248,0.0022896825396969,1.4752044677734375,Poor,Poor,Poor,#FF7E00
2025-05-21 05:30:00,"R K Puram, Delhi - DPCC",146.0,145.17537698412698,147.02014,0.8246230158730157,1.0201416015625,Poor,Poor,Poor,#FF7E00
2025-05-21 06:30:00,"R K Puram, Delhi - DPCC",155.0,154.35306746031748,151.98103,0.6469325396825241,3.0189666748046875,Poor,Poor,Poor,#FF7E00
2025-05-21 07:30:00,"R K Puram, Delhi - DPCC",155.0,154.4819246031746,151.9266,0.5180753968253953,3.073394775390625,Poor,Poor,Poor,#FF7E00
2025-05-21 08:30:00,"R K Puram, Delhi - DPCC",157.0,157.03691269841266,159.53247,0.0369126984126637,2.532470703125,Poor,Poor,Poor,#FF7E00
2025-05-21 09:30:00,"R K Puram, Delhi - DPCC",164.0,164.26344624819626,164.21838,0.26344624819626,0.2183837890625,Poor,Poor,Poor,#FF7E00
2025-05-21 10:30:00,"R K Puram, Delhi - DPCC",500.0,500.0,499.67358,0.0,0.326416015625,Severe,Severe,Severe,#8F3F97
2025-05-21 11:30:00,"R K Puram, Delhi - DPCC",336.0,343.9191547619048,314.3324,7.919154761904792,21.6676025390625,Severe,Severe,Severe,#8F3F97
2025-05-21 12:30:00,"R K Puram, Delhi - DPCC",316.0,322.9773174603174,309.41925,6.977317460317408,6.58074951171875,Severe,Severe,Severe,#8F3F97
2025-05-21 13:30:00,"R K Puram, Delhi - DPCC",184.0,184.13587301587305,174.7477,0.1358730158730168,9.252304077148438,Poor,Poor,Poor,#FF7E00
2025-05-21 14:30:00,"R K Puram, Delhi - DPCC",171.0,170.35714682539682,170.98671,0.6428531746031751,0.0132904052734375,Poor,Poor,Poor,#FF7E00
2025-05-21 15:30:00,"R K Puram, Delhi - DPCC",106.0,168.96852777777775,165.40489,62.96852777777775,59.40489196777344,Poor,Poor,Poor,#FF7E00
2025-05-21 16:30:00,"R K Puram, Delhi - DPCC",49.0,66.85452777777776,61.14,17.85452777777776,12.139999389648438,Good,Moderate,Moderate,#00E400
2025-05-21 17:30:00,"R K Puram, Delhi - DPCC",42.0,57.66073737373736,54.65766,15.660737373737362,12.65766143798828,Good,Moderate,Moderate,#00E400
2025-05-21 18:30:00,"R K Puram, Delhi - DPCC",32.0,56.44424134199133,45.090473,24.44424134199133,13.090473175048828,Good,Moderate,Good,#00E400
2025-05-21 19:30:00,"R K Puram, Delhi - DPCC",40.0,58.766384199134194,48.048973,18.766384199134198,8.048973083496094,Good,Moderate,Good,#00E400
2025-05-21 20:30:00,"R K Puram, Delhi - DPCC",45.0,59.54122943722944,49.387764,14.54122943722944,4.387763977050781,Good,Moderate,Good,#00E400
2025-05-21 21:30:00,"R K Puram, Delhi - DPCC",48.0,58.26590800865801,47.83499,10.265908008658007,0.165008544921875,Good,Moderate,Good,#00E400
2025-05-21 22:30:00,"R K Puram, Delhi - DPCC",68.0,61.14889610389611,61.045876,6.8511038961038935,6.954124450683594,Moderate,Moderate,Moderate,#FFFF00
2025-05-21 23:30:00,"R K Puram, Delhi - DPCC",68.0,64.62284523809524,70.42372,3.3771547619047624,2.4237213134765625,Moderate,Moderate,Moderate,#FFFF00
2025-05-22 00:30:00,"R K Puram, Delhi - DPCC",55.0,62.12321753246755,62.881466,7.1232175324675495,7.881465911865234,Moderate,Moderate,Moderate,#FFFF00
2025-05-22 01:30:00,"R K Puram, Delhi - DPCC",40.0,61.77277705627706,55.97787,21.772777056277057,15.97787094116211,Good,Moderate,Moderate,#00E400
2025-05-22 02:30:00,"R K Puram, Delhi - DPCC",54.0,63.07876118326119,55.88803,9.078761183261186,1.888031005859375,Moderate,Moderate,Moderate,#FFFF00
2025-05-22 03:30:00,"R K Puram, Delhi - DPCC",64.0,64.42193975468976,57.391174,0.4219397546897596,6.60882568359375,Moderate,Moderate,Moderate,#FFFF00
2025-05-22 04:30:00,"R K Puram, Delhi - DPCC",72.0,70.16882936507936,69.758,1.831170634920639,2.2419967651367188,Moderate,Moderate,Moderate,#FFFF00
2025-05-22 05:30:00,"R K Puram, Delhi - DPCC",79.0,81.19976587301586,76.43662,2.199765873015864,2.5633773803710938,Moderate,Moderate,Moderate,#FFFF00
2025-05-22 06:30:00,"R K Puram, Delhi - DPCC",69.0,69.75917460317461,68.72114,0.759174603174614,0.2788619995117187,Moderate,Moderate,Moderate,#FFFF00
2025-05-22 07:30:00,"R K Puram, Delhi - DPCC",500.0,280.61618290043293,472.10538,219.38381709956707,27.89462280273437,Severe,Very Poor,Severe,#8F3F97
2025-05-22 08:30:00,"R K Puram, Delhi - DPCC",62.0,267.0761948051948,468.73782,205.0761948051948,406.7378234863281,Moderate,Very Poor,Severe,#FFFF00
2025-05-22 09:30:00,"R K Puram, Delhi - DPCC",49.0,249.38373376623383,261.3848,200.38373376623383,212.38479614257807,Good,Very Poor,Very Poor,#00E400
2025-05-22 10:30:00,"R K Puram, Delhi - DPCC",56.0,61.74969372294372,54.02643,5.749693722943718,1.97357177734375,Moderate,Moderate,Moderate,#FFFF00
2025-05-22 11:30:00,"R K Puram, Delhi - DPCC",54.0,61.64538419913421,57.871998,7.645384199134213,3.871997833251953,Moderate,Moderate,Moderate,#FFFF00
2025-05-22 12:30:00,"R K Puram, Delhi - DPCC",56.0,61.84788419913421,58.006523,5.847884199134214,2.0065231323242188,Moderate,Moderate,Moderate,#FFFF00
2025-05-22 13:30:00,"R K Puram, Delhi - DPCC",80.0,81.78842857142858,82.134384,1.7884285714285824,2.134384155273437,Moderate,Moderate,Moderate,#FFFF00
2025-05-22 14:30:00,"R K Puram, Delhi - DPCC",121.0,117.05782142857144,113.828896,3.9421785714285695,7.171104431152344,Poor,Poor,Poor,#FF7E00
2025-05-22 15:30:00,"R K Puram, Delhi - DPCC",131.0,129.83015873015873,131.04362,1.169841269841271,0.0436248779296875,Poor,Poor,Poor,#FF7E00
2025-05-22 16:30:00,"R K Puram, Delhi - DPCC",120.0,121.7811666666666,119.15516,1.781166666666607,0.8448410034179688,Poor,Poor,Poor,#FF7E00
2025-05-22 17:30:00,"R K Puram, Delhi - DPCC",107.0,109.00415476190476,110.35287,2.0041547619047577,3.352867126464844,Poor,Poor,Poor,#FF7E00
2025-05-22 18:30:00,"R K Puram, Delhi - DPCC",106.0,106.58424603174602,107.40868,0.5842460317460194,1.4086837768554688,Poor,Poor,Poor,#FF7E00
2025-05-22 19:30:00,"R K Puram, Delhi - DPCC",98.0,99.08282936507938,100.61751,1.0828293650793768,2.6175079345703125,Moderate,Moderate,Poor,#FFFF00
2025-05-22 20:30:00,"R K Puram, Delhi - DPCC",101.0,101.15730952380954,103.03251,0.1573095238095447,2.032508850097656,Poor,Poor,Poor,#FF7E00
2025-05-22 21:30:00,"R K Puram, Delhi - DPCC",120.0,120.58932864357864,119.39213,0.5893286435786251,0.6078720092773438,Poor,Poor,Poor,#FF7E00
2025-05-22 22:30:00,"R K Puram, Delhi - DPCC",160.0,131.0308207070707,133.8073,28.96917929292931,26.192703247070312,Poor,Poor,Poor,#FF7E00
2025-05-22 23:30:00,"R K Puram, Delhi - DPCC",500.0,471.7265714285714,491.63766,28.27342857142861,8.362335205078125,Severe,Severe,Severe,#8F3F97
2025-05-23 00:30:00,"R K Puram, Delhi - DPCC",82.0,418.81610317460303,432.83804,336.81610317460303,350.8380432128906,Moderate,Severe,Severe,#FFFF00
2025-05-23 01:30:00,"R K Puram, Delhi - DPCC",82.0,231.8341865079366,139.49628,149.8341865079366,57.49627685546875,Moderate,Very Poor,Poor,#FFFF00
2025-05-23 02:30:00,"R K Puram, Delhi - DPCC",94.0,116.49857178932176,95.964134,22.49857178932176,1.9641342163085935,Moderate,Poor,Moderate,#FFFF00
2025-05-23 03:30:00,"R K Puram, Delhi - DPCC",80.0,109.20262734487731,87.063255,29.202627344877328,7.063255310058594,Moderate,Poor,Moderate,#FFFF00
2025-05-23 04:30:00,"R K Puram, Delhi - DPCC",82.0,111.1822702020202,88.35545,29.18227020202019,6.3554534912109375,Moderate,Poor,Moderate,#FFFF00
2025-05-23 05:30:00,"R K Puram, Delhi - DPCC",88.0,109.721126984127,88.76786,21.72112698412701,0.7678604125976562,Moderate,Poor,Moderate,#FFFF00
2025-05-23 06:30:00,"R K Puram, Delhi - DPCC",114.0,104.74490873015873,92.37621,9.255091269841271,21.62378692626953,Poor,Poor,Moderate,#FF7E00
2025-05-23 07:30:00,"R K Puram, Delhi - DPCC",97.0,98.84907539682536,82.4609,1.84907539682537,14.539100646972656,Moderate,Moderate,Moderate,#FFFF00
2025-05-23 08:30:00,"R K Puram, Delhi - DPCC",100.0,107.58048809523808,97.843895,7.580488095238067,2.1561050415039062,Moderate,Poor,Moderate,#FFFF00
2025-05-23 09:30:00,"R K Puram, Delhi - DPCC",114.0,111.78927020202018,100.077415,2.2107297979798237,13.922584533691406,Poor,Poor,Poor,#FF7E00
2025-05-23 10:30:00,"R K Puram, Delhi - DPCC",114.0,121.57134310134306,110.97115,7.571343101343061,3.028846740722656,Poor,Poor,Poor,#FF7E00
2025-05-23 11:30:00,"R K Puram, Delhi - DPCC",119.0,126.93915873015877,133.98996,7.939158730158766,14.989959716796877,Poor,Poor,Poor,#FF7E00
2025-05-23 12:30:00,"R K Puram, Delhi - DPCC",123.0,137.7766468253968,137.24107,14.776646825396796,14.241073608398438,Poor,Poor,Poor,#FF7E00
2025-05-23 13:30:00,"R K Puram, Delhi - DPCC",122.0,149.87138095238092,127.258224,27.87138095238092,5.258224487304688,Poor,Poor,Poor,#FF7E00
2025-05-23 14:30:00,"R K Puram, Delhi - DPCC",170.0,190.2221468253969,177.13747,20.222146825396862,7.137466430664063,Poor,Poor,Poor,#FF7E00
2025-05-23 15:30:00,"R K Puram, Delhi - DPCC",189.0,234.84992460317463,195.18294,45.84992460317463,6.1829376220703125,Poor,Very Poor,Poor,#FF7E00
2025-05-23 16:30:00,"R K Puram, Delhi - DPCC",175.0,240.00909920634925,183.69533,65.00909920634925,8.695327758789062,Poor,Very Poor,Poor,#FF7E00
2025-05-23 17:30:00,"R K Puram, Delhi - DPCC",181.0,241.568376984127,188.95172,60.56837698412701,7.95172119140625,Poor,Very Poor,Poor,#FF7E00
2025-05-23 18:30:00,"R K Puram, Delhi - DPCC",171.0,238.3913055555556,179.64258,67.39130555555562,8.642578125,Poor,Very Poor,Poor,#FF7E00
2025-05-23 19:30:00,"R K Puram, Delhi - DPCC",165.0,233.79602777777785,175.00284,68.79602777777785,10.002838134765623,Poor,Very Poor,Poor,#FF7E00
2025-05-23 20:30:00,"R K Puram, Delhi - DPCC",143.0,218.60531349206352,156.27856,75.60531349206352,13.278564453125,Poor,Very Poor,Poor,#FF7E00
2025-05-23 21:30:00,"R K Puram, Delhi - DPCC",145.0,200.73770238095244,154.40811,55.73770238095244,9.408111572265623,Poor,Very Poor,Poor,#FF7E00
2025-05-23 22:30:00,"R K Puram, Delhi - DPCC",185.0,235.59919047619044,191.87134,50.59919047619045,6.871337890625,Poor,Very Poor,Poor,#FF7E00
2025-05-23 23:30:00,"R K Puram, Delhi - DPCC",122.0,194.414011904762,136.34671,72.41401190476196,14.346710205078123,Poor,Poor,Poor,#FF7E00
2025-05-24 00:30:00,"R K Puram, Delhi - DPCC",122.0,161.5620079365079,127.13411,39.56200793650791,5.1341094970703125,Poor,Poor,Poor,#FF7E00
2025-05-24 01:30:00,"R K Puram, Delhi - DPCC",112.0,137.82548015873016,116.293015,25.82548015873016,4.293014526367188,Poor,Poor,Poor,#FF7E00
2025-05-24 02:30:00,"R K Puram, Delhi - DPCC",112.0,137.1644642857143,116.65532,25.164464285714303,4.655319213867188,Poor,Poor,Poor,#FF7E00
2025-05-24 03:30:00,"R K Puram, Delhi - DPCC",25.0,124.4664246031746,108.063644,99.4664246031746,83.06364440917969,Good,Poor,Poor,#00E400
2025-05-24 04:30:00,"R K Puram, Delhi - DPCC",17.0,109.56723412698412,88.27991,92.56723412698412,71.2799072265625,Good,Poor,Moderate,#00E400
2025-05-24 05:30:00,"R K Puram, Delhi - DPCC",19.0,111.3361507936508,85.66253,92.3361507936508,66.66252899169922,Good,Poor,Moderate,#00E400
2025-05-24 06:30:00,"R K Puram, Delhi - DPCC",18.0,112.48976190476188,85.75758,94.48976190476188,67.75758361816406,Good,Poor,Moderate,#00E400
2025-05-24 07:30:00,"R K Puram, Delhi - DPCC",20.0,112.60892857142856,85.85037,92.60892857142856,65.85037231445312,Good,Poor,Moderate,#00E400
2025-05-24 08:30:00,"R K Puram, Delhi - DPCC",23.0,112.29142857142855,85.908005,89.29142857142857,62.90800476074219,Good,Poor,Moderate,#00E400
2025-05-24 09:30:00,"R K Puram, Delhi - DPCC",25.0,112.45309523809524,85.74626,87.45309523809523,60.74626159667969,Good,Poor,Moderate,#00E400
2025-05-24 10:30:00,"R K Puram, Delhi - DPCC",26.0,112.27059523809524,85.593285,86.27059523809523,59.5932846069336,Good,Poor,Moderate,#00E400
2025-05-24 11:30:00,"R K Puram, Delhi - DPCC",26.0,112.23842857142856,85.401276,86.23842857142856,59.401275634765625,Good,Poor,Moderate,#00E400
2025-05-24 12:30:00,"R K Puram, Delhi - DPCC",22.0,112.23842857142856,85.703,90.23842857142856,63.7030029296875,Good,Poor,Moderate,#00E400
2025-05-24 13:30:00,"R K Puram, Delhi - DPCC",36.0,111.83628571428572,85.726204,75.83628571428571,49.72620391845703,Good,Poor,Moderate,#00E400
2025-05-24 14:30:00,"R K Puram, Delhi - DPCC",34.0,111.90838095238098,85.81789,77.90838095238098,51.81788635253906,Good,Poor,Moderate,#00E400
2025-05-24 15:30:00,"R K Puram, Delhi - DPCC",39.0,113.11463095238098,88.46132,74.11463095238098,49.46131896972656,Good,Poor,Moderate,#00E400
2025-05-24 16:30:00,"R K Puram, Delhi - DPCC",34.0,111.91488095238095,87.124374,77.91488095238095,53.12437438964844,Good,Poor,Moderate,#00E400
2025-05-24 17:30:00,"R K Puram, Delhi - DPCC",33.0,111.91488095238095,87.281654,78.91488095238095,54.28165435791016,Good,Poor,Moderate,#00E400
2025-05-24 18:30:00,"R K Puram, Delhi - DPCC",28.0,112.02043650793652,87.281654,84.02043650793652,59.28165435791016,Good,Poor,Moderate,#00E400
2025-05-24 19:30:00,"R K Puram, Delhi - DPCC",15.0,112.2961507936508,87.281654,97.2961507936508,72.28165435791016,Good,Poor,Moderate,#00E400
2025-05-24 20:30:00,"R K Puram, Delhi - DPCC",7.0,112.2961507936508,91.634476,105.2961507936508,84.63447570800781,Good,Poor,Moderate,#00E400
2025-05-24 21:30:00,"R K Puram, Delhi - DPCC",12.0,112.2961507936508,91.70734,100.2961507936508,79.70733642578125,Good,Poor,Moderate,#00E400
2025-05-24 22:30:00,"R K Puram, Delhi - DPCC",16.0,112.49307936507935,86.97197,96.49307936507935,70.97196960449219,Good,Poor,Moderate,#00E400
2025-05-24 23:30:00,"R K Puram, Delhi - DPCC",18.0,112.59848412698412,87.001656,94.59848412698412,69.00165557861328,Good,Poor,Moderate,#00E400
2025-05-25 00:30:00,"R K Puram, Delhi - DPCC",17.0,112.49331746031744,90.70315,95.49331746031744,73.7031478881836,Good,Poor,Moderate,#00E400
2025-05-25 01:30:00,"R K Puram, Delhi - DPCC",21.0,112.49331746031744,90.43306,91.49331746031744,69.43305969238281,Good,Poor,Moderate,#00E400
2025-05-25 02:30:00,"R K Puram, Delhi - DPCC",23.0,112.49331746031744,90.43306,89.49331746031744,67.43305969238281,Good,Poor,Moderate,#00E400
2025-05-25 03:30:00,"R K Puram, Delhi - DPCC",20.0,112.52498412698412,90.18869,92.52498412698412,70.18869018554688,Good,Poor,Moderate,#00E400
2025-05-25 04:30:00,"R K Puram, Delhi - DPCC",17.0,112.52498412698412,90.237335,95.52498412698412,73.23733520507812,Good,Poor,Moderate,#00E400
2025-05-25 05:30:00,"R K Puram, Delhi - DPCC",25.0,112.52498412698412,85.99492,87.52498412698411,60.99491882324219,Good,Poor,Moderate,#00E400
2025-05-25 06:30:00,"R K Puram, Delhi - DPCC",24.0,112.52498412698412,85.99492,88.52498412698411,61.99491882324219,Good,Poor,Moderate,#00E400
2025-04-01 00:30:00,"Punjabi Bagh, Delhi - DPCC",224.0,222.38656746031745,224.11197,1.6134325396825488,0.111968994140625,Very Poor,Very Poor,Very Poor,#FF0000
2025-04-01 01:30:00,"Punjabi Bagh, Delhi - DPCC",500.0,489.739,499.87247,10.260999999999967,0.127532958984375,Severe,Severe,Severe,#8F3F97
2025-04-01 02:30:00,"Punjabi Bagh, Delhi - DPCC",346.0,345.2270248917749,345.27893,0.7729751082251255,0.7210693359375,Severe,Severe,Severe,#8F3F97
2025-04-01 03:30:00,"Punjabi Bagh, Delhi - DPCC",341.0,346.10652886002885,341.74966,5.106528860028845,0.749664306640625,Severe,Severe,Severe,#8F3F97
2025-04-01 04:30:00,"Punjabi Bagh, Delhi - DPCC",354.0,352.03453679653694,353.8669,1.9654632034630597,0.133087158203125,Severe,Severe,Severe,#8F3F97
2025-04-01 05:30:00,"Punjabi Bagh, Delhi - DPCC",204.0,204.06630952380948,204.32347,0.0663095238094797,0.3234710693359375,Very Poor,Very Poor,Very Poor,#FF0000
2025-04-01 06:30:00,"Punjabi Bagh, Delhi - DPCC",118.0,118.31310714285716,118.22333,0.3131071428571488,0.22332763671875,Poor,Poor,Poor,#FF7E00
2025-04-01 07:30:00,"Punjabi Bagh, Delhi - DPCC",110.0,109.2681904761905,110.31521,0.7318095238095026,0.3152084350585937,Poor,Poor,Poor,#FF7E00
2025-04-01 08:30:00,"Punjabi Bagh, Delhi - DPCC",110.0,109.04869047619049,109.56272,0.9513095238095276,0.4372787475585937,Poor,Poor,Poor,#FF7E00
2025-04-01 09:30:00,"Punjabi Bagh, Delhi - DPCC",110.0,109.89032142857144,109.89844,0.1096785714285601,0.1015625,Poor,Poor,Poor,#FF7E00
2025-04-01 10:30:00,"Punjabi Bagh, Delhi - DPCC",109.0,109.54011111111112,108.90189,0.5401111111111163,0.0981063842773437,Poor,Poor,Poor,#FF7E00
2025-04-01 11:30:00,"Punjabi Bagh, Delhi - DPCC",108.0,109.0955476190476,108.530914,1.0955476190475937,0.530914306640625,Poor,Poor,Poor,#FF7E00
2025-04-01 12:30:00,"Punjabi Bagh, Delhi - DPCC",500.0,500.0,499.91006,0.0,0.089935302734375,Severe,Severe,Severe,#8F3F97
2025-04-01 13:30:00,"Punjabi Bagh, Delhi - DPCC",111.0,109.30136507936506,110.79879,1.6986349206349445,0.2012100219726562,Poor,Poor,Poor,#FF7E00
2025-04-01 14:30:00,"Punjabi Bagh, Delhi - DPCC",171.0,172.8582738095238,170.63254,1.8582738095238085,0.367462158203125,Poor,Poor,Poor,#FF7E00
2025-04-01 15:30:00,"Punjabi Bagh, Delhi - DPCC",500.0,500.0,499.93582,0.0,0.064178466796875,Severe,Severe,Severe,#8F3F97
2025-04-01 16:30:00,"Punjabi Bagh, Delhi - DPCC",500.0,500.0,499.9065,0.0,0.093505859375,Severe,Severe,Severe,#8F3F97
2025-04-01 17:30:00,"Punjabi Bagh, Delhi - DPCC",303.0,308.1211428571429,303.05786,5.1211428571429,0.057861328125,Severe,Severe,Severe,#8F3F97
2025-04-01 18:30:00,"Punjabi Bagh, Delhi - DPCC",500.0,500.0,499.93958,0.0,0.0604248046875,Severe,Severe,Severe,#8F3F97
2025-04-01 19:30:00,"Punjabi Bagh, Delhi - DPCC",500.0,498.1653333333333,499.95633,1.834666666666692,0.043670654296875,Severe,Severe,Severe,#8F3F97
2025-04-01 20:30:00,"Punjabi Bagh, Delhi - DPCC",500.0,500.0,499.89713,0.0,0.102874755859375,Severe,Severe,Severe,#8F3F97
2025-04-01 21:30:00,"Punjabi Bagh, Delhi - DPCC",308.0,312.62321031746035,307.76898,4.623210317460348,0.23101806640625,Severe,Severe,Severe,#8F3F97
2025-04-01 22:30:00,"Punjabi Bagh, Delhi - DPCC",500.0,500.0,499.84937,0.0,0.150634765625,Severe,Severe,Severe,#8F3F97
2025-04-01 23:30:00,"Punjabi Bagh, Delhi - DPCC",300.0,314.95838275613266,300.80655,14.958382756132664,0.806549072265625,Very Poor,Severe,Severe,#FF0000
2025-04-02 00:30:00,"Punjabi Bagh, Delhi - DPCC",311.0,318.2620494227993,311.20837,7.262049422799293,0.2083740234375,Severe,Severe,Severe,#8F3F97
2025-04-02 01:30:00,"Punjabi Bagh, Delhi - DPCC",403.0,400.65466666666657,402.69418,2.3453333333334285,0.305816650390625,Severe,Severe,Severe,#8F3F97
2025-04-02 02:30:00,"Punjabi Bagh, Delhi - DPCC",477.0,436.52220634920633,476.72247,40.47779365079367,0.27752685546875,Severe,Severe,Severe,#8F3F97
2025-04-02 03:30:00,"Punjabi Bagh, Delhi - DPCC",427.0,430.7208452380952,427.00592,3.720845238095194,0.00592041015625,Severe,Severe,Severe,#8F3F97
2025-04-02 04:30:00,"Punjabi Bagh, Delhi - DPCC",352.0,359.8107243867245,352.29282,7.810724386724473,0.292816162109375,Severe,Severe,Severe,#8F3F97
2025-04-02 05:30:00,"Punjabi Bagh, Delhi - DPCC",252.0,257.62534920634914,251.04105,5.625349206349142,0.958953857421875,Very Poor,Very Poor,Very Poor,#FF0000
2025-04-02 06:30:00,"Punjabi Bagh, Delhi - DPCC",169.0,169.90393686868686,168.5066,0.9039368686868556,0.4933929443359375,Poor,Poor,Poor,#FF7E00
2025-04-02 07:30:00,"Punjabi Bagh, Delhi - DPCC",144.0,144.70580158730155,144.0042,0.7058015873015506,0.0041961669921875,Poor,Poor,Poor,#FF7E00
2025-04-02 08:30:00,"Punjabi Bagh, Delhi - DPCC",108.0,108.37782142857142,108.639854,0.3778214285714227,0.6398544311523438,Poor,Poor,Poor,#FF7E00
2025-04-02 09:30:00,"Punjabi Bagh, Delhi - DPCC",500.0,500.0,499.94238,0.0,0.0576171875,Severe,Severe,Severe,#8F3F97
2025-04-02 10:30:00,"Punjabi Bagh, Delhi - DPCC",500.0,500.0,499.8038,0.0,0.196197509765625,Severe,Severe,Severe,#8F3F97
2025-04-02 11:30:00,"Punjabi Bagh, Delhi - DPCC",90.0,97.36317551892552,90.5605,7.36317551892553,0.5605010986328125,Moderate,Moderate,Moderate,#FFFF00
2025-04-02 12:30:00,"Punjabi Bagh, Delhi - DPCC",108.0,104.66664285714285,108.12542,3.333357142857153,0.1254196166992187,Poor,Poor,Poor,#FF7E00
2025-04-02 13:30:00,"Punjabi Bagh, Delhi - DPCC",500.0,486.289,499.8715,13.711000000000013,0.128509521484375,Severe,Severe,Severe,#8F3F97
2025-04-02 14:30:00,"Punjabi Bagh, Delhi - DPCC",159.0,160.8323373015873,158.88686,1.8323373015873017,0.1131439208984375,Poor,Poor,Poor,#FF7E00
2025-04-02 15:30:00,"Punjabi Bagh, Delhi - DPCC",204.0,216.79529761904763,204.34357,12.79529761904763,0.34356689453125,Very Poor,Very Poor,Very Poor,#FF0000
2025-04-02 16:30:00,"Punjabi Bagh, Delhi - DPCC",303.0,305.0080952380952,302.86197,2.0080952380952226,0.138031005859375,Severe,Severe,Severe,#8F3F97
2025-04-02 17:30:00,"Punjabi Bagh, Delhi - DPCC",301.0,301.6791136363637,301.53235,0.679113636363752,0.5323486328125,Severe,Severe,Severe,#8F3F97
2025-04-02 18:30:00,"Punjabi Bagh, Delhi - DPCC",303.0,305.14280952380955,302.97833,2.1428095238095466,0.02166748046875,Severe,Severe,Severe,#8F3F97
2025-04-02 19:30:00,"Punjabi Bagh, Delhi - DPCC",304.0,304.7470357142857,304.0623,0.7470357142856869,0.062286376953125,Severe,Severe,Severe,#8F3F97
2025-04-02 20:30:00,"Punjabi Bagh, Delhi - DPCC",303.0,302.8778095238095,303.13867,0.1221904761904966,0.138671875,Severe,Severe,Severe,#8F3F97
2025-04-02 21:30:00,"Punjabi Bagh, Delhi - DPCC",249.0,248.9021111111111,248.42029,0.0978888888888889,0.5797119140625,Very Poor,Very Poor,Very Poor,#FF0000
2025-04-02 22:30:00,"Punjabi Bagh, Delhi - DPCC",242.0,243.12171428571435,242.90605,1.1217142857143472,0.9060516357421876,Very Poor,Very Poor,Very Poor,#FF0000
2025-04-02 23:30:00,"Punjabi Bagh, Delhi - DPCC",283.0,283.61751984127,281.88434,0.6175198412699956,1.11566162109375,Very Poor,Very Poor,Very Poor,#FF0000
2025-04-03 00:30:00,"Punjabi Bagh, Delhi - DPCC",293.0,290.00201587301586,292.85147,2.997984126984136,0.148529052734375,Very Poor,Very Poor,Very Poor,#FF0000
2025-04-03 01:30:00,"Punjabi Bagh, Delhi - DPCC",252.0,251.4327204184704,251.21696,0.5672795815295899,0.7830352783203125,Very Poor,Very Poor,Very Poor,#FF0000
2025-04-03 02:30:00,"Punjabi Bagh, Delhi - DPCC",266.0,273.3332619047619,266.6478,7.333261904761912,0.647796630859375,Very Poor,Very Poor,Very Poor,#FF0000
2025-04-03 03:30:00,"Punjabi Bagh, Delhi - DPCC",303.0,340.8125,303.2951,37.8125,0.29510498046875,Severe,Severe,Severe,#8F3F97
2025-04-03 04:30:00,"Punjabi Bagh, Delhi - DPCC",312.0,313.4445943223444,312.2341,1.4445943223444146,0.234100341796875,Severe,Severe,Severe,#8F3F97
2025-04-03 05:30:00,"Punjabi Bagh, Delhi - DPCC",228.0,228.41399206349212,227.97792,0.4139920634921452,0.0220794677734375,Very Poor,Very Poor,Very Poor,#FF0000
2025-04-03 06:30:00,"Punjabi Bagh, Delhi - DPCC",137.0,153.31095238095236,137.61555,16.310952380952358,0.6155548095703125,Poor,Poor,Poor,#FF7E00
2025-04-03 07:30:00,"Punjabi Bagh, Delhi - DPCC",116.0,123.53796825396824,115.85724,7.537968253968245,0.14276123046875,Poor,Poor,Poor,#FF7E00
2025-04-03 08:30:00,"Punjabi Bagh, Delhi - DPCC",102.0,106.78256349206347,102.06782,4.782563492063474,0.0678176879882812,Poor,Poor,Poor,#FF7E00
2025-04-03 09:30:00,"Punjabi Bagh, Delhi - DPCC",92.0,90.7456825396825,92.077156,1.2543174603174947,0.0771560668945312,Moderate,Moderate,Moderate,#FFFF00
2025-04-03 10:30:00,"Punjabi Bagh, Delhi - DPCC",78.0,79.03698665223668,78.12882,1.0369866522366775,0.1288223266601562,Moderate,Moderate,Moderate,#FFFF00
2025-04-03 11:30:00,"Punjabi Bagh, Delhi - DPCC",500.0,269.92733028083035,499.69235,230.07266971916965,0.307647705078125,Severe,Very Poor,Severe,#8F3F97
2025-04-03 12:30:00,"Punjabi Bagh, Delhi - DPCC",111.0,151.82101984126984,110.99022,40.821019841269845,0.0097808837890625,Poor,Poor,Poor,#FF7E00
2025-04-03 13:30:00,"Punjabi Bagh, Delhi - DPCC",163.0,170.30728571428563,163.04092,7.307285714285655,0.040924072265625,Poor,Poor,Poor,#FF7E00
2025-04-03 14:30:00,"Punjabi Bagh, Delhi - DPCC",311.0,322.1929087301588,310.99756,11.192908730158765,0.00244140625,Severe,Severe,Severe,#8F3F97
2025-04-03 15:30:00,"Punjabi Bagh, Delhi - DPCC",327.0,309.62773809523804,326.60812,17.372261904761956,0.391876220703125,Severe,Severe,Severe,#8F3F97
2025-04-03 16:30:00,"Punjabi Bagh, Delhi - DPCC",195.0,197.71756746031755,195.10379,2.7175674603175253,0.103790283203125,Poor,Poor,Poor,#FF7E00
2025-04-03 17:30:00,"Punjabi Bagh, Delhi - DPCC",500.0,500.0,500.02148,0.0,0.021484375,Severe,Severe,Severe,#8F3F97
2025-04-03 18:30:00,"Punjabi Bagh, Delhi - DPCC",284.0,281.82228571428584,283.66873,2.17771428571416,0.331268310546875,Very Poor,Very Poor,Very Poor,#FF0000
2025-04-03 19:30:00,"Punjabi Bagh, Delhi - DPCC",284.0,285.104142857143,283.75516,1.1041428571430174,0.244842529296875,Very Poor,Very Poor,Very Poor,#FF0000
2025-04-03 20:30:00,"Punjabi Bagh, Delhi - DPCC",249.0,251.31983152958156,249.17632,2.319831529581535,0.1763153076171875,Very Poor,Very Poor,Very Poor,#FF0000
2025-04-03 21:30:00,"Punjabi Bagh, Delhi - DPCC",286.0,288.2009523809524,287.3031,2.200952380952401,1.3031005859375,Very Poor,Very Poor,Very Poor,#FF0000
2025-04-03 22:30:00,"Punjabi Bagh, Delhi - DPCC",500.0,498.67,499.84778,1.329999999999984,0.1522216796875,Severe,Severe,Severe,#8F3F97
2025-04-03 23:30:00,"Punjabi Bagh, Delhi - DPCC",301.0,301.05731168831176,301.30484,0.0573116883117563,0.304840087890625,Severe,Severe,Severe,#8F3F97
2025-04-04 00:30:00,"Punjabi Bagh, Delhi - DPCC",313.0,312.6811242646244,312.99826,0.3188757353756273,0.001739501953125,Severe,Severe,Severe,#8F3F97
2025-04-04 01:30:00,"Punjabi Bagh, Delhi - DPCC",339.0,338.84230952380955,339.493,0.1576904761904529,0.493011474609375,Severe,Severe,Severe,#8F3F97
2025-04-04 02:30:00,"Punjabi Bagh, Delhi - DPCC",423.0,431.1398095238093,423.00244,8.139809523809333,0.00244140625,Severe,Severe,Severe,#8F3F97
2025-04-04 03:30:00,"Punjabi Bagh, Delhi - DPCC",500.0,493.18700000000007,499.95944,6.812999999999931,0.040557861328125,Severe,Severe,Severe,#8F3F97
2025-04-04 04:30:00,"Punjabi Bagh, Delhi - DPCC",329.0,344.83082142857137,328.56183,15.830821428571369,0.43817138671875,Severe,Severe,Severe,#8F3F97
2025-04-04 05:30:00,"Punjabi Bagh, Delhi - DPCC",266.0,273.78551587301587,266.85037,7.785515873015868,0.850372314453125,Very Poor,Very Poor,Very Poor,#FF0000
2025-04-04 06:30:00,"Punjabi Bagh, Delhi - DPCC",216.0,217.49379148629149,215.89035,1.4937914862914852,0.109649658203125,Very Poor,Very Poor,Very Poor,#FF0000
2025-04-04 07:30:00,"Punjabi Bagh, Delhi - DPCC",117.0,122.2000238095238,116.99018,5.200023809523813,0.0098190307617187,Poor,Poor,Poor,#FF7E00
2025-04-04 08:30:00,"Punjabi Bagh, Delhi - DPCC",115.0,119.59277564102564,114.95222,4.592775641025639,0.0477828979492187,Poor,Poor,Poor,#FF7E00
2025-04-04 09:30:00,"Punjabi Bagh, Delhi - DPCC",125.0,135.10846825396823,124.806625,10.108468253968226,0.1933746337890625,Poor,Poor,Poor,#FF7E00
2025-04-04 10:30:00,"Punjabi Bagh, Delhi - DPCC",108.0,114.33566666666668,108.331665,6.335666666666668,0.3316650390625,Poor,Poor,Poor,#FF7E00
2025-04-04 11:30:00,"Punjabi Bagh, Delhi - DPCC",113.0,112.195242979243,113.01376,0.8047570207569947,0.013763427734375,Poor,Poor,Poor,#FF7E00
2025-04-04 12:30:00,"Punjabi Bagh, Delhi - DPCC",123.0,123.10182905982904,122.63585,0.1018290598290292,0.3641510009765625,Poor,Poor,Poor,#FF7E00
2025-04-04 13:30:00,"Punjabi Bagh, Delhi - DPCC",142.0,142.3542023809524,141.7852,0.3542023809523869,0.2147979736328125,Poor,Poor,Poor,#FF7E00
2025-04-04 14:30:00,"Punjabi Bagh, Delhi - DPCC",163.0,163.26798015873013,162.84381,0.2679801587301256,0.15618896484375,Poor,Poor,Poor,#FF7E00
2025-04-04 15:30:00,"Punjabi Bagh, Delhi - DPCC",159.0,159.68509523809524,159.05576,0.6850952380952435,0.055755615234375,Poor,Poor,Poor,#FF7E00
2025-04-04 16:30:00,"Punjabi Bagh, Delhi - DPCC",146.0,146.6471111111111,146.16942,0.6471111111110872,0.1694183349609375,Poor,Poor,Poor,#FF7E00
2025-04-04 17:30:00,"Punjabi Bagh, Delhi - DPCC",500.0,500.0,499.998,0.0,0.00201416015625,Severe,Severe,Severe,#8F3F97
2025-04-04 18:30:00,"Punjabi Bagh, Delhi - DPCC",128.0,155.72051984126986,128.5755,27.720519841269866,0.57550048828125,Poor,Poor,Poor,#FF7E00
2025-04-04 19:30:00,"Punjabi Bagh, Delhi - DPCC",122.0,122.04305158730158,122.20287,0.0430515873015764,0.2028732299804687,Poor,Poor,Poor,#FF7E00
2025-04-04 20:30:00,"Punjabi Bagh, Delhi - DPCC",106.0,105.72327380952382,106.092415,0.2767261904761824,0.0924148559570312,Poor,Poor,Poor,#FF7E00
2025-04-04 21:30:00,"Punjabi Bagh, Delhi - DPCC",126.0,125.77648412698416,125.21475,0.2235158730158417,0.785247802734375,Poor,Poor,Poor,#FF7E00
2025-04-04 22:30:00,"Punjabi Bagh, Delhi - DPCC",121.0,118.38038095238096,121.02435,2.6196190476190395,0.02435302734375,Poor,Poor,Poor,#FF7E00
2025-04-04 23:30:00,"Punjabi Bagh, Delhi - DPCC",500.0,496.6306666666667,499.93497,3.369333333333316,0.065032958984375,Severe,Severe,Severe,#8F3F97
2025-04-05 00:30:00,"Punjabi Bagh, Delhi - DPCC",224.0,218.23751587301595,223.1573,5.762484126984049,0.8426971435546875,Very Poor,Very Poor,Very Poor,#FF0000
2025-04-05 01:30:00,"Punjabi Bagh, Delhi - DPCC",500.0,500.0,499.99646,0.0,0.0035400390625,Severe,Severe,Severe,#8F3F97
2025-04-05 02:30:00,"Punjabi Bagh, Delhi - DPCC",500.0,500.0,499.95956,0.0,0.040435791015625,Severe,Severe,Severe,#8F3F97
2025-04-05 03:30:00,"Punjabi Bagh, Delhi - DPCC",500.0,500.0,499.96655,0.0,0.033447265625,Severe,Severe,Severe,#8F3F97
2025-04-05 04:30:00,"Punjabi Bagh, Delhi - DPCC",500.0,500.0,499.86475,0.0,0.13525390625,Severe,Severe,Severe,#8F3F97
2025-04-05 05:30:00,"Punjabi Bagh, Delhi - DPCC",227.0,253.5996904761905,227.56068,26.59969047619049,0.5606842041015625,Very Poor,Very Poor,Very Poor,#FF0000
2025-04-05 06:30:00,"Punjabi Bagh, Delhi - DPCC",125.0,126.74216666666663,125.85213,1.7421666666666482,0.8521270751953125,Poor,Poor,Poor,#FF7E00
2025-04-05 07:30:00,"Punjabi Bagh, Delhi - DPCC",112.0,112.12022222222224,111.67786,0.1202222222222531,0.3221435546875,Poor,Poor,Poor,#FF7E00
2025-04-05 08:30:00,"Punjabi Bagh, Delhi - DPCC",109.0,107.8302738095238,109.13439,1.1697261904761973,0.1343917846679687,Poor,Poor,Poor,#FF7E00
2025-04-05 09:30:00,"Punjabi Bagh, Delhi - DPCC",102.0,102.37617027417028,101.65791,0.3761702741702919,0.3420867919921875,Poor,Poor,Poor,#FF7E00
2025-04-05 10:30:00,"Punjabi Bagh, Delhi - DPCC",106.0,106.07419841269844,106.34744,0.0741984126984363,0.347442626953125,Poor,Poor,Poor,#FF7E00
2025-04-05 11:30:00,"Punjabi Bagh, Delhi - DPCC",112.0,111.23925,111.457466,0.7607499999999874,0.5425338745117188,Poor,Poor,Poor,#FF7E00
2025-04-05 12:30:00,"Punjabi Bagh, Delhi - DPCC",500.0,499.4225,499.84143,0.5774999999999864,0.1585693359375,Severe,Severe,Severe,#8F3F97
2025-04-05 13:30:00,"Punjabi Bagh, Delhi - DPCC",119.0,118.30796428571428,118.80762,0.6920357142857227,0.1923828125,Poor,Poor,Poor,#FF7E00
2025-04-05 14:30:00,"Punjabi Bagh, Delhi - DPCC",159.0,158.66939285714284,159.08493,0.3306071428571613,0.084930419921875,Poor,Poor,Poor,#FF7E00
2025-04-05 15:30:00,"Punjabi Bagh, Delhi - DPCC",190.0,190.34956746031747,190.10516,0.3495674603174734,0.10516357421875,Poor,Poor,Poor,#FF7E00
2025-04-05 16:30:00,"Punjabi Bagh, Delhi - DPCC",239.0,240.91032106782103,238.9092,1.9103210678210587,0.0908050537109375,Very Poor,Very Poor,Very Poor,#FF0000
2025-04-05 17:30:00,"Punjabi Bagh, Delhi - DPCC",273.0,274.94252380952383,271.97937,1.9425238095238344,1.0206298828125,Very Poor,Very Poor,Very Poor,#FF0000
2025-04-05 18:30:00,"Punjabi Bagh, Delhi - DPCC",312.0,312.0250427350428,311.97696,0.0250427350428026,0.023040771484375,Severe,Severe,Severe,#8F3F97
2025-04-05 19:30:00,"Punjabi Bagh, Delhi - DPCC",316.0,318.32387301587295,315.48495,2.323873015872948,0.515045166015625,Severe,Severe,Severe,#8F3F97
2025-04-05 20:30:00,"Punjabi Bagh, Delhi - DPCC",500.0,500.0,500.05692,0.0,0.056915283203125,Severe,Severe,Severe,#8F3F97
2025-04-05 21:30:00,"Punjabi Bagh, Delhi - DPCC",500.0,500.0,499.87836,0.0,0.12164306640625,Severe,Severe,Severe,#8F3F97
2025-04-05 22:30:00,"Punjabi Bagh, Delhi - DPCC",500.0,500.0,499.95004,0.0,0.049957275390625,Severe,Severe,Severe,#8F3F97
2025-04-05 23:30:00,"Punjabi Bagh, Delhi - DPCC",500.0,500.0,499.96365,0.0,0.036346435546875,Severe,Severe,Severe,#8F3F97
2025-04-06 00:30:00,"Punjabi Bagh, Delhi - DPCC",500.0,497.785,499.95007,2.214999999999975,0.0499267578125,Severe,Severe,Severe,#8F3F97
2025-04-06 01:30:00,"Punjabi Bagh, Delhi - DPCC",311.0,337.6338492063493,311.33325,26.63384920634928,0.333251953125,Severe,Severe,Severe,#8F3F97
2025-04-06 02:30:00,"Punjabi Bagh, Delhi - DPCC",500.0,498.34,500.03284,1.660000000000025,0.0328369140625,Severe,Severe,Severe,#8F3F97
2025-04-06 03:30:00,"Punjabi Bagh, Delhi - DPCC",328.0,332.7606875901876,327.83408,4.760687590187615,0.165924072265625,Severe,Severe,Severe,#8F3F97
2025-04-06 04:30:00,"Punjabi Bagh, Delhi - DPCC",304.0,311.3004880952381,304.54752,7.300488095238109,0.547515869140625,Severe,Severe,Severe,#8F3F97
2025-04-06 05:30:00,"Punjabi Bagh, Delhi - DPCC",204.0,203.81796825396816,203.86774,0.1820317460318392,0.13226318359375,Very Poor,Very Poor,Very Poor,#FF0000
2025-04-06 06:30:00,"Punjabi Bagh, Delhi - DPCC",155.0,157.095134920635,155.18028,2.0951349206349903,0.1802825927734375,Poor,Poor,Poor,#FF7E00
2025-04-06 07:30:00,"Punjabi Bagh, Delhi - DPCC",122.0,121.98270634920638,122.14773,0.0172936507936185,0.1477279663085937,Poor,Poor,Poor,#FF7E00
2025-04-06 08:30:00,"Punjabi Bagh, Delhi - DPCC",98.0,99.77038888888892,98.25702,1.7703888888889168,0.25701904296875,Moderate,Moderate,Moderate,#FFFF00
2025-04-06 09:30:00,"Punjabi Bagh, Delhi - DPCC",90.0,89.90388095238097,90.10878,0.0961190476190267,0.1087799072265625,Moderate,Moderate,Moderate,#FFFF00
2025-04-06 10:30:00,"Punjabi Bagh, Delhi - DPCC",89.0,88.40774206349207,88.87526,0.5922579365079343,0.1247406005859375,Moderate,Moderate,Moderate,#FFFF00
2025-04-06 11:30:00,"Punjabi Bagh, Delhi - DPCC",92.0,90.7509126984127,91.85589,1.249087301587295,0.1441116333007812,Moderate,Moderate,Moderate,#FFFF00
2025-04-06 12:30:00,"Punjabi Bagh, Delhi - DPCC",101.0,100.86451551226553,100.816574,0.1354844877344874,0.1834259033203125,Poor,Poor,Poor,#FF7E00
2025-04-06 13:30:00,"Punjabi Bagh, Delhi - DPCC",124.0,122.60901190476191,124.0542,1.390988095238086,0.05419921875,Poor,Poor,Poor,#FF7E00
2025-04-06 14:30:00,"Punjabi Bagh, Delhi - DPCC",181.0,191.1707301587302,180.8893,10.170730158730208,0.1107025146484375,Poor,Poor,Poor,#FF7E00
2025-04-06 15:30:00,"Punjabi Bagh, Delhi - DPCC",266.0,290.8546150793651,266.01398,24.85461507936509,0.01397705078125,Very Poor,Very Poor,Very Poor,#FF0000
2025-04-06 16:30:00,"Punjabi Bagh, Delhi - DPCC",327.0,366.7445476190477,327.1281,39.74454761904764,0.12811279296875,Severe,Severe,Severe,#8F3F97
2025-04-06 17:30:00,"Punjabi Bagh, Delhi - DPCC",407.0,400.82096825396815,407.1112,6.179031746031853,0.1112060546875,Severe,Severe,Severe,#8F3F97
2025-04-06 18:30:00,"Punjabi Bagh, Delhi - DPCC",369.0,369.98940873015874,369.02502,0.9894087301587432,0.0250244140625,Severe,Severe,Severe,#8F3F97
2025-04-06 19:30:00,"Punjabi Bagh, Delhi - DPCC",349.0,352.05200505050504,349.29562,3.052005050505045,0.295623779296875,Severe,Severe,Severe,#8F3F97
2025-04-06 20:30:00,"Punjabi Bagh, Delhi - DPCC",352.0,349.81385714285733,352.34253,2.18614285714267,0.342529296875,Severe,Severe,Severe,#8F3F97
2025-04-06 21:30:00,"Punjabi Bagh, Delhi - DPCC",351.0,351.24779365079377,350.37204,0.247793650793767,0.627960205078125,Severe,Severe,Severe,#8F3F97
2025-04-06 22:30:00,"Punjabi Bagh, Delhi - DPCC",328.0,328.6322499999999,327.93488,0.6322499999998854,0.06512451171875,Severe,Severe,Severe,#8F3F97
2025-04-06 23:30:00,"Punjabi Bagh, Delhi - DPCC",311.0,313.1612664835165,311.11066,2.161266483516499,0.11065673828125,Severe,Severe,Severe,#8F3F97
2025-04-07 00:30:00,"Punjabi Bagh, Delhi - DPCC",500.0,500.0,499.9406,0.0,0.05938720703125,Severe,Severe,Severe,#8F3F97
2025-04-07 01:30:00,"Punjabi Bagh, Delhi - DPCC",334.0,337.4528095238095,334.0582,3.452809523809492,0.058197021484375,Severe,Severe,Severe,#8F3F97
2025-04-07 02:30:00,"Punjabi Bagh, Delhi - DPCC",355.0,353.4790277777778,354.56915,1.5209722222222126,0.43084716796875,Severe,Severe,Severe,#8F3F97
2025-04-07 03:30:00,"Punjabi Bagh, Delhi - DPCC",373.0,386.3664404761905,372.9036,13.36644047619052,0.096405029296875,Severe,Severe,Severe,#8F3F97
2025-04-07 04:30:00,"Punjabi Bagh, Delhi - DPCC",315.0,317.71949206349205,315.39197,2.719492063492055,0.3919677734375,Severe,Severe,Severe,#8F3F97
2025-04-07 05:30:00,"Punjabi Bagh, Delhi - DPCC",500.0,500.0,499.783,0.0,0.217010498046875,Severe,Severe,Severe,#8F3F97
2025-04-07 06:30:00,"Punjabi Bagh, Delhi - DPCC",214.0,214.340507936508,214.029,0.3405079365080041,0.0290069580078125,Very Poor,Very Poor,Very Poor,#FF0000
2025-04-07 07:30:00,"Punjabi Bagh, Delhi - DPCC",112.0,113.3850476190476,113.20416,1.3850476190476115,1.20416259765625,Poor,Poor,Poor,#FF7E00
2025-04-07 08:30:00,"Punjabi Bagh, Delhi - DPCC",102.0,103.1156746031746,102.28073,1.115674603174611,0.280731201171875,Poor,Poor,Poor,#FF7E00
2025-04-07 09:30:00,"Punjabi Bagh, Delhi - DPCC",107.0,105.53539285714284,106.73801,1.4646071428571474,0.261993408203125,Poor,Poor,Poor,#FF7E00
2025-04-07 10:30:00,"Punjabi Bagh, Delhi - DPCC",107.0,106.44755555555554,106.89729,0.5524444444444612,0.1027069091796875,Poor,Poor,Poor,#FF7E00
2025-04-07 11:30:00,"Punjabi Bagh, Delhi - DPCC",121.0,122.07864682539686,121.582085,1.0786468253968593,0.5820846557617188,Poor,Poor,Poor,#FF7E00
2025-04-07 12:30:00,"Punjabi Bagh, Delhi - DPCC",159.0,157.23890476190476,158.85864,1.761095238095237,0.141357421875,Poor,Poor,Poor,#FF7E00
2025-04-07 13:30:00,"Punjabi Bagh, Delhi - DPCC",206.0,204.15271428571432,205.95807,1.8472857142856756,0.04193115234375,Very Poor,Very Poor,Very Poor,#FF0000
2025-04-07 14:30:00,"Punjabi Bagh, Delhi - DPCC",276.0,279.28430952380955,276.16797,3.2843095238095543,0.16796875,Very Poor,Very Poor,Very Poor,#FF0000
2025-04-07 15:30:00,"Punjabi Bagh, Delhi - DPCC",329.0,328.1105595238095,329.08148,0.8894404761904866,0.08148193359375,Severe,Severe,Severe,#8F3F97
2025-04-07 16:30:00,"Punjabi Bagh, Delhi - DPCC",360.0,362.7830804473304,359.50284,2.7830804473304056,0.497161865234375,Severe,Severe,Severe,#8F3F97
2025-04-07 17:30:00,"Punjabi Bagh, Delhi - DPCC",362.0,367.94215584415576,362.1931,5.942155844155764,0.193115234375,Severe,Severe,Severe,#8F3F97
2025-04-07 18:30:00,"Punjabi Bagh, Delhi - DPCC",293.0,292.26938492063493,292.7009,0.7306150793650659,0.299102783203125,Very Poor,Very Poor,Very Poor,#FF0000
2025-04-07 19:30:00,"Punjabi Bagh, Delhi - DPCC",273.0,277.7371428571428,272.80035,4.737142857142771,0.19964599609375,Very Poor,Very Poor,Very Poor,#FF0000
2025-04-07 20:30:00,"Punjabi Bagh, Delhi - DPCC",242.0,242.17378571428577,242.35825,0.1737857142857706,0.358245849609375,Very Poor,Very Poor,Very Poor,#FF0000
2025-04-07 21:30:00,"Punjabi Bagh, Delhi - DPCC",500.0,491.64,499.63458,8.360000000000014,0.36541748046875,Severe,Severe,Severe,#8F3F97
2025-04-07 22:30:00,"Punjabi Bagh, Delhi - DPCC",230.0,229.77019372294376,229.9987,0.229806277056241,0.0012969970703125,Very Poor,Very Poor,Very Poor,#FF0000
2025-04-07 23:30:00,"Punjabi Bagh, Delhi - DPCC",500.0,500.0,499.8373,0.0,0.162689208984375,Severe,Severe,Severe,#8F3F97
2025-04-08 00:30:00,"Punjabi Bagh, Delhi - DPCC",500.0,500.0,499.88083,0.0,0.119171142578125,Severe,Severe,Severe,#8F3F97
2025-04-08 01:30:00,"Punjabi Bagh, Delhi - DPCC",500.0,500.0,499.92862,0.0,0.071380615234375,Severe,Severe,Severe,#8F3F97
2025-04-08 02:30:00,"Punjabi Bagh, Delhi - DPCC",500.0,500.0,499.92688,0.0,0.0731201171875,Severe,Severe,Severe,#8F3F97
2025-04-08 03:30:00,"Punjabi Bagh, Delhi - DPCC",231.0,231.3809538239539,230.86107,0.3809538239538881,0.1389312744140625,Very Poor,Very Poor,Very Poor,#FF0000
2025-04-08 04:30:00,"Punjabi Bagh, Delhi - DPCC",232.0,231.55636652236652,231.96944,0.4436334776334547,0.0305633544921875,Very Poor,Very Poor,Very Poor,#FF0000
2025-04-08 05:30:00,"Punjabi Bagh, Delhi - DPCC",239.0,239.6113567821068,238.8725,0.6113567821067818,0.12750244140625,Very Poor,Very Poor,Very Poor,#FF0000
2025-04-08 06:30:00,"Punjabi Bagh, Delhi - DPCC",228.0,228.2303730158731,228.24803,0.2303730158731127,0.2480316162109375,Very Poor,Very Poor,Very Poor,#FF0000
2025-04-08 07:30:00,"Punjabi Bagh, Delhi - DPCC",211.0,212.1969642857143,211.08244,1.1969642857143017,0.0824432373046875,Very Poor,Very Poor,Very Poor,#FF0000
2025-04-08 08:30:00,"Punjabi Bagh, Delhi - DPCC",500.0,486.76,499.88184,13.240000000000007,0.1181640625,Severe,Severe,Severe,#8F3F97
2025-04-08 09:30:00,"Punjabi Bagh, Delhi - DPCC",500.0,429.6073333333334,499.83673,70.39266666666663,0.16326904296875,Severe,Severe,Severe,#8F3F97
2025-04-08 10:30:00,"Punjabi Bagh, Delhi - DPCC",500.0,412.6711666666666,499.852,87.32883333333336,0.14801025390625,Severe,Severe,Severe,#8F3F97
2025-04-08 11:30:00,"Punjabi Bagh, Delhi - DPCC",169.0,389.2805,169.79657,220.2805,0.79656982421875,Poor,Severe,Poor,#FF7E00
2025-04-08 12:30:00,"Punjabi Bagh, Delhi - DPCC",212.0,211.33106024531023,211.83316,0.6689397546897737,0.166839599609375,Very Poor,Very Poor,Very Poor,#FF0000
2025-04-08 13:30:00,"Punjabi Bagh, Delhi - DPCC",256.0,258.1468373015872,255.94376,2.146837301587197,0.056243896484375,Very Poor,Very Poor,Very Poor,#FF0000
2025-04-08 14:30:00,"Punjabi Bagh, Delhi - DPCC",263.0,270.1473849206349,262.40793,7.14738492063492,0.592071533203125,Very Poor,Very Poor,Very Poor,#FF0000
2025-04-08 15:30:00,"Punjabi Bagh, Delhi - DPCC",306.0,309.499876984127,306.16647,3.499876984127013,0.166473388671875,Severe,Severe,Severe,#8F3F97
2025-04-08 16:30:00,"Punjabi Bagh, Delhi - DPCC",500.0,489.739,499.9159,10.260999999999967,0.0841064453125,Severe,Severe,Severe,#8F3F97
2025-04-08 17:30:00,"Punjabi Bagh, Delhi - DPCC",313.0,317.20413616938623,312.88257,4.204136169386231,0.117431640625,Severe,Severe,Severe,#8F3F97
2025-04-08 18:30:00,"Punjabi Bagh, Delhi - DPCC",300.0,302.3287821067821,300.74417,2.328782106782114,0.744171142578125,Very Poor,Severe,Severe,#FF0000
2025-04-08 19:30:00,"Punjabi Bagh, Delhi - DPCC",266.0,270.77563888888886,266.3406,4.775638888888864,0.340606689453125,Very Poor,Very Poor,Very Poor,#FF0000
2025-04-08 20:30:00,"Punjabi Bagh, Delhi - DPCC",224.0,225.86216666666667,223.92691,1.862166666666667,0.073089599609375,Very Poor,Very Poor,Very Poor,#FF0000
2025-04-08 21:30:00,"Punjabi Bagh, Delhi - DPCC",199.0,202.2902741702741,198.57175,3.2902741702741025,0.428253173828125,Poor,Very Poor,Poor,#FF7E00
2025-04-08 22:30:00,"Punjabi Bagh, Delhi - DPCC",228.0,227.96503968253975,227.90955,0.0349603174602179,0.0904541015625,Very Poor,Very Poor,Very Poor,#FF0000
2025-04-08 23:30:00,"Punjabi Bagh, Delhi - DPCC",252.0,251.08559920634912,251.57729,0.9144007936508842,0.4227142333984375,Very Poor,Very Poor,Very Poor,#FF0000
2025-04-09 00:30:00,"Punjabi Bagh, Delhi - DPCC",211.0,212.36126190476196,210.89919,1.361261904761932,0.1008148193359375,Very Poor,Very Poor,Very Poor,#FF0000
2025-04-11 13:30:00,"Punjabi Bagh, Delhi - DPCC",155.0,152.0119761904762,155.18547,2.98802380952381,0.1854705810546875,Poor,Poor,Poor,#FF7E00
2025-04-11 14:30:00,"Punjabi Bagh, Delhi - DPCC",133.0,129.49898412698408,132.61516,3.501015873015916,0.3848419189453125,Poor,Poor,Poor,#FF7E00
2025-04-11 15:30:00,"Punjabi Bagh, Delhi - DPCC",86.0,88.84588095238094,86.05824,2.845880952380938,0.0582427978515625,Moderate,Moderate,Moderate,#FFFF00
2025-04-11 16:30:00,"Punjabi Bagh, Delhi - DPCC",89.0,84.81328174603175,89.01654,4.186718253968252,0.01654052734375,Moderate,Moderate,Moderate,#FFFF00
2025-04-11 17:30:00,"Punjabi Bagh, Delhi - DPCC",89.0,83.16244227994228,88.87903,5.837557720057717,0.1209716796875,Moderate,Moderate,Moderate,#FFFF00
2025-04-11 18:30:00,"Punjabi Bagh, Delhi - DPCC",83.0,82.39032539682543,83.07196,0.6096746031745681,0.07196044921875,Moderate,Moderate,Moderate,#FFFF00
2025-04-11 19:30:00,"Punjabi Bagh, Delhi - DPCC",69.0,72.49434523809522,69.30072,3.494345238095221,0.30072021484375,Moderate,Moderate,Moderate,#FFFF00
2025-04-11 20:30:00,"Punjabi Bagh, Delhi - DPCC",67.0,66.99361904761905,66.86091,0.006380952380951,0.1390914916992187,Moderate,Moderate,Moderate,#FFFF00
2025-04-11 21:30:00,"Punjabi Bagh, Delhi - DPCC",65.0,66.87885317460317,65.22862,1.8788531746031647,0.2286224365234375,Moderate,Moderate,Moderate,#FFFF00
2025-04-11 22:30:00,"Punjabi Bagh, Delhi - DPCC",74.0,73.99675396825396,73.79675,0.0032460317460447,0.2032470703125,Moderate,Moderate,Moderate,#FFFF00
2025-04-11 23:30:00,"Punjabi Bagh, Delhi - DPCC",84.0,78.7939484126984,83.79533,5.206051587301602,0.2046737670898437,Moderate,Moderate,Moderate,#FFFF00
2025-04-12 00:30:00,"Punjabi Bagh, Delhi - DPCC",89.0,89.74842857142859,88.989265,0.7484285714285903,0.0107345581054687,Moderate,Moderate,Moderate,#FFFF00
2025-04-12 01:30:00,"Punjabi Bagh, Delhi - DPCC",117.0,116.42565079365082,117.15983,0.5743492063491829,0.1598281860351562,Poor,Poor,Poor,#FF7E00
2025-04-12 02:30:00,"Punjabi Bagh, Delhi - DPCC",90.0,88.36374603174603,90.43942,1.6362539682539676,0.439422607421875,Moderate,Moderate,Moderate,#FFFF00
2025-04-12 03:30:00,"Punjabi Bagh, Delhi - DPCC",106.0,108.71366666666664,106.22372,2.7136666666666542,0.2237167358398437,Poor,Poor,Poor,#FF7E00
2025-04-12 04:30:00,"Punjabi Bagh, Delhi - DPCC",500.0,489.267619047619,499.9088,10.732380952380993,0.0911865234375,Severe,Severe,Severe,#8F3F97
2025-04-12 09:30:00,"Punjabi Bagh, Delhi - DPCC",500.0,486.8703333333333,499.96295,13.129666666666765,0.03704833984375,Severe,Severe,Severe,#8F3F97
2025-04-12 10:30:00,"Punjabi Bagh, Delhi - DPCC",120.0,120.10049603174603,119.8417,0.1004960317460472,0.1583023071289062,Poor,Poor,Poor,#FF7E00
2025-04-12 11:30:00,"Punjabi Bagh, Delhi - DPCC",137.0,137.42237987012982,136.4439,0.4223798701298165,0.5561065673828125,Poor,Poor,Poor,#FF7E00
2025-04-12 12:30:00,"Punjabi Bagh, Delhi - DPCC",173.0,173.80576587301584,172.855,0.8057658730158437,0.1450042724609375,Poor,Poor,Poor,#FF7E00
2025-04-12 13:30:00,"Punjabi Bagh, Delhi - DPCC",151.0,151.53374278499277,151.0985,0.5337427849927678,0.0984954833984375,Poor,Poor,Poor,#FF7E00
2025-04-12 14:30:00,"Punjabi Bagh, Delhi - DPCC",133.0,130.33182539682542,132.72655,2.668174603174577,0.2734527587890625,Poor,Poor,Poor,#FF7E00
2025-04-12 15:30:00,"Punjabi Bagh, Delhi - DPCC",141.0,141.30944444444444,140.50507,0.3094444444444377,0.49493408203125,Poor,Poor,Poor,#FF7E00
2025-04-12 16:30:00,"Punjabi Bagh, Delhi - DPCC",118.0,117.3299285714286,117.93874,0.6700714285714042,0.0612564086914062,Poor,Poor,Poor,#FF7E00
2025-04-12 17:30:00,"Punjabi Bagh, Delhi - DPCC",80.0,85.29060317460316,80.07393,5.290603174603163,0.0739288330078125,Moderate,Moderate,Moderate,#FFFF00
2025-04-12 18:30:00,"Punjabi Bagh, Delhi - DPCC",112.0,113.30592063492064,111.703964,1.3059206349206391,0.2960357666015625,Poor,Poor,Poor,#FF7E00
2025-04-12 19:30:00,"Punjabi Bagh, Delhi - DPCC",108.0,106.08704761904764,107.81037,1.9129523809523616,0.1896286010742187,Poor,Poor,Poor,#FF7E00
2025-04-12 20:30:00,"Punjabi Bagh, Delhi - DPCC",105.0,105.5912738095238,105.299385,0.5912738095238126,0.2993850708007812,Poor,Poor,Poor,#FF7E00
2025-04-12 21:30:00,"Punjabi Bagh, Delhi - DPCC",104.0,104.63905555555556,103.6387,0.6390555555555579,0.361297607421875,Poor,Poor,Poor,#FF7E00
2025-04-12 22:30:00,"Punjabi Bagh, Delhi - DPCC",500.0,494.299,499.81952,5.700999999999965,0.18048095703125,Severe,Severe,Severe,#8F3F97
2025-04-12 23:30:00,"Punjabi Bagh, Delhi - DPCC",500.0,500.0,500.056,0.0,0.055999755859375,Severe,Severe,Severe,#8F3F97
2025-04-13 00:30:00,"Punjabi Bagh, Delhi - DPCC",114.0,113.43403266178262,113.83167,0.5659673382173764,0.1683273315429687,Poor,Poor,Poor,#FF7E00
2025-04-13 01:30:00,"Punjabi Bagh, Delhi - DPCC",120.0,119.9521626984127,120.58734,0.0478373015872932,0.58734130859375,Poor,Poor,Poor,#FF7E00
2025-04-13 02:30:00,"Punjabi Bagh, Delhi - DPCC",132.0,131.91497619047618,131.7234,0.0850238095238182,0.2765960693359375,Poor,Poor,Poor,#FF7E00
2025-04-13 03:30:00,"Punjabi Bagh, Delhi - DPCC",134.0,137.79225793650792,134.89946,3.792257936507923,0.8994598388671875,Poor,Poor,Poor,#FF7E00
2025-04-13 04:30:00,"Punjabi Bagh, Delhi - DPCC",169.0,167.72378174603173,168.62453,1.276218253968267,0.3754730224609375,Poor,Poor,Poor,#FF7E00
2025-04-13 05:30:00,"Punjabi Bagh, Delhi - DPCC",155.0,157.14972619047614,155.35881,2.1497261904761444,0.3588104248046875,Poor,Poor,Poor,#FF7E00
2025-04-13 06:30:00,"Punjabi Bagh, Delhi - DPCC",500.0,500.0,500.0153,0.0,0.015289306640625,Severe,Severe,Severe,#8F3F97
2025-04-13 07:30:00,"Punjabi Bagh, Delhi - DPCC",500.0,500.0,499.88144,0.0,0.118560791015625,Severe,Severe,Severe,#8F3F97
2025-04-13 08:30:00,"Punjabi Bagh, Delhi - DPCC",500.0,500.0,499.95914,0.0,0.040863037109375,Severe,Severe,Severe,#8F3F97
2025-04-13 09:30:00,"Punjabi Bagh, Delhi - DPCC",500.0,500.0,499.87723,0.0,0.122772216796875,Severe,Severe,Severe,#8F3F97
2025-04-13 10:30:00,"Punjabi Bagh, Delhi - DPCC",114.0,114.8153650793651,113.91491,0.815365079365094,0.0850906372070312,Poor,Poor,Poor,#FF7E00
2025-04-13 11:30:00,"Punjabi Bagh, Delhi - DPCC",118.0,117.87677380952384,116.08471,0.1232261904761742,1.9152908325195312,Poor,Poor,Poor,#FF7E00
2025-04-13 12:30:00,"Punjabi Bagh, Delhi - DPCC",500.0,494.255,499.94058,5.7450000000000045,0.059417724609375,Severe,Severe,Severe,#8F3F97
2025-04-13 13:30:00,"Punjabi Bagh, Delhi - DPCC",138.0,137.9425238095238,137.53355,0.0574761904761942,0.4664459228515625,Poor,Poor,Poor,#FF7E00
2025-04-13 14:30:00,"Punjabi Bagh, Delhi - DPCC",165.0,164.59828174603174,164.4709,0.4017182539682551,0.5290985107421875,Poor,Poor,Poor,#FF7E00
2025-04-13 15:30:00,"Punjabi Bagh, Delhi - DPCC",178.0,178.16875793650794,178.09575,0.1687579365079443,0.0957489013671875,Poor,Poor,Poor,#FF7E00
2025-04-13 16:30:00,"Punjabi Bagh, Delhi - DPCC",500.0,500.0,499.87888,0.0,0.121124267578125,Severe,Severe,Severe,#8F3F97
2025-04-13 17:30:00,"Punjabi Bagh, Delhi - DPCC",232.0,233.25786652236656,232.11392,1.2578665223665553,0.113922119140625,Very Poor,Very Poor,Very Poor,#FF0000
2025-04-13 18:30:00,"Punjabi Bagh, Delhi - DPCC",500.0,500.0,499.9303,0.0,0.0697021484375,Severe,Severe,Severe,#8F3F97
2025-04-13 19:30:00,"Punjabi Bagh, Delhi - DPCC",179.0,179.945873015873,178.24728,0.9458730158729908,0.752716064453125,Poor,Poor,Poor,#FF7E00
2025-04-13 20:30:00,"Punjabi Bagh, Delhi - DPCC",204.0,203.21490476190476,204.37946,0.7850952380952663,0.37945556640625,Very Poor,Very Poor,Very Poor,#FF0000
2025-04-13 21:30:00,"Punjabi Bagh, Delhi - DPCC",215.0,214.61994227994225,214.95221,0.3800577200577493,0.04779052734375,Very Poor,Very Poor,Very Poor,#FF0000
2025-04-13 22:30:00,"Punjabi Bagh, Delhi - DPCC",276.0,276.6310952380953,275.9031,0.6310952380953267,0.096893310546875,Very Poor,Very Poor,Very Poor,#FF0000
2025-04-13 23:30:00,"Punjabi Bagh, Delhi - DPCC",306.0,305.606876984127,306.1327,0.3931230158730159,0.1326904296875,Severe,Severe,Severe,#8F3F97
2025-04-14 00:30:00,"Punjabi Bagh, Delhi - DPCC",303.0,303.04214285714284,302.9452,0.042142857142835,0.0548095703125,Severe,Severe,Severe,#8F3F97
2025-04-14 01:30:00,"Punjabi Bagh, Delhi - DPCC",301.0,300.85887445887454,301.8839,0.1411255411254615,0.8839111328125,Severe,Severe,Severe,#8F3F97
2025-04-14 02:30:00,"Punjabi Bagh, Delhi - DPCC",266.0,266.04760714285715,266.9731,0.0476071428571458,0.973114013671875,Very Poor,Very Poor,Very Poor,#FF0000
2025-04-14 03:30:00,"Punjabi Bagh, Delhi - DPCC",500.0,496.0358333333333,499.80716,3.9641666666666993,0.192840576171875,Severe,Severe,Severe,#8F3F97
2025-04-14 04:30:00,"Punjabi Bagh, Delhi - DPCC",193.0,194.87490512265512,193.47556,1.8749051226551217,0.475555419921875,Poor,Poor,Poor,#FF7E00
2025-04-14 05:30:00,"Punjabi Bagh, Delhi - DPCC",193.0,193.16346464646463,193.34648,0.1634646464646607,0.3464813232421875,Poor,Poor,Poor,#FF7E00
2025-04-14 06:30:00,"Punjabi Bagh, Delhi - DPCC",142.0,144.73258333333334,141.9147,2.732583333333338,0.085296630859375,Poor,Poor,Poor,#FF7E00
2025-04-14 07:30:00,"Punjabi Bagh, Delhi - DPCC",142.0,143.42801587301585,141.79097,1.428015873015852,0.2090301513671875,Poor,Poor,Poor,#FF7E00
2025-04-14 21:30:00,"Punjabi Bagh, Delhi - DPCC",138.0,138.11476587301587,137.98752,0.1147658730158696,0.012481689453125,Poor,Poor,Poor,#FF7E00
2025-04-14 22:30:00,"Punjabi Bagh, Delhi - DPCC",500.0,499.1016666666667,499.78738,0.8983333333333121,0.212615966796875,Severe,Severe,Severe,#8F3F97
2025-04-14 23:30:00,"Punjabi Bagh, Delhi - DPCC",137.0,137.93434523809523,137.22084,0.9343452380952328,0.2208404541015625,Poor,Poor,Poor,#FF7E00
2025-04-15 00:30:00,"Punjabi Bagh, Delhi - DPCC",140.0,140.32379365079365,139.73035,0.3237936507936467,0.2696533203125,Poor,Poor,Poor,#FF7E00
2025-04-15 01:30:00,"Punjabi Bagh, Delhi - DPCC",158.0,158.59317532467531,158.20381,0.5931753246753146,0.2038116455078125,Poor,Poor,Poor,#FF7E00
2025-04-15 02:30:00,"Punjabi Bagh, Delhi - DPCC",174.0,171.48233730158725,173.68459,2.517662698412749,0.3154144287109375,Poor,Poor,Poor,#FF7E00
2025-04-15 03:30:00,"Punjabi Bagh, Delhi - DPCC",192.0,193.44712698412695,192.13235,1.4471269841269816,0.132354736328125,Poor,Poor,Poor,#FF7E00
2025-04-15 04:30:00,"Punjabi Bagh, Delhi - DPCC",158.0,158.1618650793651,157.96686,0.1618650793650999,0.03314208984375,Poor,Poor,Poor,#FF7E00
2025-04-15 05:30:00,"Punjabi Bagh, Delhi - DPCC",133.0,132.8449365079365,132.30408,0.1550634920635047,0.6959228515625,Poor,Poor,Poor,#FF7E00
2025-04-15 06:30:00,"Punjabi Bagh, Delhi - DPCC",122.0,122.78681349206352,122.294785,0.7868134920635157,0.2947845458984375,Poor,Poor,Poor,#FF7E00
2025-04-15 07:30:00,"Punjabi Bagh, Delhi - DPCC",108.0,108.88851587301586,108.21739,0.8885158730158622,0.2173919677734375,Poor,Poor,Poor,#FF7E00
2025-04-15 08:30:00,"Punjabi Bagh, Delhi - DPCC",109.0,110.21096825396828,109.04468,1.2109682539682751,0.044677734375,Poor,Poor,Poor,#FF7E00
2025-04-15 09:30:00,"Punjabi Bagh, Delhi - DPCC",114.0,114.29120634920632,113.702156,0.2912063492063339,0.2978439331054687,Poor,Poor,Poor,#FF7E00
2025-04-15 10:30:00,"Punjabi Bagh, Delhi - DPCC",106.0,104.63369444444444,106.06868,1.366305555555556,0.0686798095703125,Poor,Poor,Poor,#FF7E00
2025-04-15 11:30:00,"Punjabi Bagh, Delhi - DPCC",100.0,101.40354761904764,99.95434,1.4035476190476288,0.0456619262695312,Moderate,Poor,Moderate,#FFFF00
2025-04-15 12:30:00,"Punjabi Bagh, Delhi - DPCC",58.0,76.05983080808082,59.31352,18.059830808080815,1.313518524169922,Moderate,Moderate,Moderate,#FFFF00
2025-04-16 03:30:00,"Punjabi Bagh, Delhi - DPCC",173.0,179.3979166666667,172.9194,6.397916666666703,0.080596923828125,Poor,Poor,Poor,#FF7E00
2025-04-16 04:30:00,"Punjabi Bagh, Delhi - DPCC",123.0,118.72984523809528,123.00591,4.270154761904735,0.0059127807617187,Poor,Poor,Poor,#FF7E00
2025-04-16 05:30:00,"Punjabi Bagh, Delhi - DPCC",143.0,145.55487301587297,143.42639,2.554873015872971,0.4263916015625,Poor,Poor,Poor,#FF7E00
2025-04-16 06:30:00,"Punjabi Bagh, Delhi - DPCC",141.0,141.1170873015873,140.27817,0.1170873015873041,0.721832275390625,Poor,Poor,Poor,#FF7E00
2025-04-16 07:30:00,"Punjabi Bagh, Delhi - DPCC",136.0,136.22144336219336,136.40372,0.2214433621933551,0.403717041015625,Poor,Poor,Poor,#FF7E00
2025-04-16 08:30:00,"Punjabi Bagh, Delhi - DPCC",137.0,137.23355844155844,136.26093,0.2335584415584435,0.73907470703125,Poor,Poor,Poor,#FF7E00
2025-04-16 09:30:00,"Punjabi Bagh, Delhi - DPCC",131.0,130.89335317460322,130.0994,0.1066468253967798,0.900604248046875,Poor,Poor,Poor,#FF7E00
2025-04-16 10:30:00,"Punjabi Bagh, Delhi - DPCC",121.0,122.54834126984132,122.02304,1.548341269841316,1.023040771484375,Poor,Poor,Poor,#FF7E00
2025-04-16 11:30:00,"Punjabi Bagh, Delhi - DPCC",130.0,129.43045959595963,129.56929,0.5695404040403673,0.4307098388671875,Poor,Poor,Poor,#FF7E00
2025-04-16 12:30:00,"Punjabi Bagh, Delhi - DPCC",500.0,500.0,499.9296,0.0,0.070404052734375,Severe,Severe,Severe,#8F3F97
2025-04-16 13:30:00,"Punjabi Bagh, Delhi - DPCC",187.0,195.8182063492064,188.25381,8.818206349206378,1.253814697265625,Poor,Poor,Poor,#FF7E00
2025-04-16 14:30:00,"Punjabi Bagh, Delhi - DPCC",200.0,202.5502817460317,200.10834,2.550281746031714,0.10833740234375,Poor,Very Poor,Very Poor,#FF7E00
2025-04-16 17:30:00,"Punjabi Bagh, Delhi - DPCC",500.0,500.0,499.9817,0.0,0.018310546875,Severe,Severe,Severe,#8F3F97
2025-04-16 18:30:00,"Punjabi Bagh, Delhi - DPCC",500.0,500.0,499.9024,0.0,0.09759521484375,Severe,Severe,Severe,#8F3F97
2025-04-16 19:30:00,"Punjabi Bagh, Delhi - DPCC",500.0,500.0,499.8255,0.0,0.17449951171875,Severe,Severe,Severe,#8F3F97
2025-04-16 20:30:00,"Punjabi Bagh, Delhi - DPCC",167.0,168.3440530303031,166.92244,1.3440530303030869,0.0775604248046875,Poor,Poor,Poor,#FF7E00
2025-04-16 21:30:00,"Punjabi Bagh, Delhi - DPCC",172.0,172.39894841269842,171.98581,0.3989484126984166,0.014190673828125,Poor,Poor,Poor,#FF7E00
2025-04-16 22:30:00,"Punjabi Bagh, Delhi - DPCC",230.0,226.30320707070703,229.87228,3.696792929292968,0.127716064453125,Very Poor,Very Poor,Very Poor,#FF0000
2025-04-16 23:30:00,"Punjabi Bagh, Delhi - DPCC",218.0,220.2841118326118,218.08981,2.284111832611813,0.089813232421875,Very Poor,Very Poor,Very Poor,#FF0000
2025-04-17 00:30:00,"Punjabi Bagh, Delhi - DPCC",158.0,158.2413492063492,158.29004,0.2413492063492128,0.2900390625,Poor,Poor,Poor,#FF7E00
2025-04-17 01:30:00,"Punjabi Bagh, Delhi - DPCC",134.0,133.13084523809522,134.17012,0.869154761904781,0.1701202392578125,Poor,Poor,Poor,#FF7E00
2025-04-17 02:30:00,"Punjabi Bagh, Delhi - DPCC",148.0,147.98719047619045,148.11812,0.0128095238095511,0.1181182861328125,Poor,Poor,Poor,#FF7E00
2025-04-17 03:30:00,"Punjabi Bagh, Delhi - DPCC",155.0,155.25539285714282,155.12778,0.255392857142823,0.127777099609375,Poor,Poor,Poor,#FF7E00
2025-04-17 04:30:00,"Punjabi Bagh, Delhi - DPCC",152.0,152.26863888888886,151.27934,0.2686388888888587,0.7206573486328125,Poor,Poor,Poor,#FF7E00
2025-04-17 05:30:00,"Punjabi Bagh, Delhi - DPCC",150.0,150.29874603174605,149.73462,0.2987460317460488,0.265380859375,Poor,Poor,Poor,#FF7E00
2025-04-17 06:30:00,"Punjabi Bagh, Delhi - DPCC",147.0,147.0645119047619,147.58516,0.0645119047619005,0.5851593017578125,Poor,Poor,Poor,#FF7E00
2025-04-17 07:30:00,"Punjabi Bagh, Delhi - DPCC",138.0,138.7717142857143,138.20732,0.771714285714296,0.2073211669921875,Poor,Poor,Poor,#FF7E00
2025-04-17 08:30:00,"Punjabi Bagh, Delhi - DPCC",128.0,128.21690800865804,127.32562,0.2169080086580379,0.67437744140625,Poor,Poor,Poor,#FF7E00
2025-04-17 09:30:00,"Punjabi Bagh, Delhi - DPCC",123.0,123.09936904761904,123.13001,0.0993690476190352,0.1300125122070312,Poor,Poor,Poor,#FF7E00
2025-04-17 10:30:00,"Punjabi Bagh, Delhi - DPCC",123.0,122.6225,123.129456,0.3774999999999977,0.12945556640625,Poor,Poor,Poor,#FF7E00
2025-04-17 11:30:00,"Punjabi Bagh, Delhi - DPCC",163.0,162.02851984126983,163.06929,0.9714801587301736,0.0692901611328125,Poor,Poor,Poor,#FF7E00
2025-04-17 12:30:00,"Punjabi Bagh, Delhi - DPCC",500.0,498.345,499.9686,1.6549999999999727,0.031402587890625,Severe,Severe,Severe,#8F3F97
2025-04-17 13:30:00,"Punjabi Bagh, Delhi - DPCC",221.0,218.50262698412695,220.77718,2.4973730158730234,0.2228240966796875,Very Poor,Very Poor,Very Poor,#FF0000
2025-04-17 14:30:00,"Punjabi Bagh, Delhi - DPCC",266.0,267.25046428571426,266.05576,1.2504642857142585,0.055755615234375,Very Poor,Very Poor,Very Poor,#FF0000
2025-04-17 15:30:00,"Punjabi Bagh, Delhi - DPCC",320.0,316.4512579365079,320.3357,3.5487420634921136,0.335693359375,Severe,Severe,Severe,#8F3F97
2025-04-17 16:30:00,"Punjabi Bagh, Delhi - DPCC",374.0,353.5073412698413,373.8582,20.492658730158723,0.141815185546875,Severe,Severe,Severe,#8F3F97
2025-04-17 17:30:00,"Punjabi Bagh, Delhi - DPCC",500.0,494.70200000000006,499.87003,5.297999999999945,0.129974365234375,Severe,Severe,Severe,#8F3F97
2025-04-17 18:30:00,"Punjabi Bagh, Delhi - DPCC",283.0,296.4306904761905,283.9113,13.430690476190478,0.911285400390625,Very Poor,Very Poor,Very Poor,#FF0000
2025-04-17 19:30:00,"Punjabi Bagh, Delhi - DPCC",238.0,235.0569801587301,237.78108,2.9430198412698587,0.2189178466796875,Very Poor,Very Poor,Very Poor,#FF0000
2025-04-17 20:30:00,"Punjabi Bagh, Delhi - DPCC",174.0,179.7414047619048,175.35641,5.741404761904789,1.356414794921875,Poor,Poor,Poor,#FF7E00
2025-04-17 21:30:00,"Punjabi Bagh, Delhi - DPCC",156.0,156.64620634920635,155.78093,0.6462063492063521,0.2190704345703125,Poor,Poor,Poor,#FF7E00
2025-04-17 22:30:00,"Punjabi Bagh, Delhi - DPCC",146.0,145.88821825396823,146.14673,0.1117817460317667,0.146728515625,Poor,Poor,Poor,#FF7E00
2025-04-17 23:30:00,"Punjabi Bagh, Delhi - DPCC",500.0,500.0,499.89786,0.0,0.102142333984375,Severe,Severe,Severe,#8F3F97
2025-04-18 01:30:00,"Punjabi Bagh, Delhi - DPCC",138.0,138.0827738095238,137.65253,0.0827738095238146,0.34747314453125,Poor,Poor,Poor,#FF7E00
2025-04-18 02:30:00,"Punjabi Bagh, Delhi - DPCC",150.0,149.6652936507937,150.74915,0.3347063492063,0.7491455078125,Poor,Poor,Poor,#FF7E00
2025-04-18 03:30:00,"Punjabi Bagh, Delhi - DPCC",169.0,169.73787698412698,169.0019,0.7378769841269843,0.0019073486328125,Poor,Poor,Poor,#FF7E00
2025-04-18 04:30:00,"Punjabi Bagh, Delhi - DPCC",0.0,91.18375396825398,0.3039977,91.18375396825398,0.3039976954460144,Good,Moderate,Good,#00E400
2025-04-18 05:30:00,"Punjabi Bagh, Delhi - DPCC",269.0,264.117130952381,268.77628,4.88286904761901,0.223724365234375,Very Poor,Very Poor,Very Poor,#FF0000
2025-04-18 06:30:00,"Punjabi Bagh, Delhi - DPCC",269.0,267.74325,268.94662,1.256750000000011,0.053375244140625,Very Poor,Very Poor,Very Poor,#FF0000
2025-04-18 07:30:00,"Punjabi Bagh, Delhi - DPCC",500.0,489.79416666666674,499.91895,10.20583333333326,0.0810546875,Severe,Severe,Severe,#8F3F97
2025-04-18 08:30:00,"Punjabi Bagh, Delhi - DPCC",500.0,493.93166666666673,499.8049,6.068333333333271,0.195098876953125,Severe,Severe,Severe,#8F3F97
2025-04-18 09:30:00,"Punjabi Bagh, Delhi - DPCC",162.0,161.65870382395383,162.39891,0.3412961760461712,0.3989105224609375,Poor,Poor,Poor,#FF7E00
2025-04-18 10:30:00,"Punjabi Bagh, Delhi - DPCC",173.0,174.1312976190476,173.00748,1.131297619047615,0.007476806640625,Poor,Poor,Poor,#FF7E00
2025-04-18 11:30:00,"Punjabi Bagh, Delhi - DPCC",180.0,179.70042460317455,179.982,0.2995753968254462,0.01800537109375,Poor,Poor,Poor,#FF7E00
2025-04-18 12:30:00,"Punjabi Bagh, Delhi - DPCC",183.0,183.88691666666665,183.15338,0.8869166666666501,0.15338134765625,Poor,Poor,Poor,#FF7E00
2025-04-18 13:30:00,"Punjabi Bagh, Delhi - DPCC",231.0,229.25882142857145,230.89822,1.741178571428577,0.101776123046875,Very Poor,Very Poor,Very Poor,#FF0000
2025-04-18 14:30:00,"Punjabi Bagh, Delhi - DPCC",500.0,500.0,499.9507,0.0,0.049285888671875,Severe,Severe,Severe,#8F3F97
2025-04-18 15:30:00,"Punjabi Bagh, Delhi - DPCC",500.0,499.1016666666666,499.87997,0.898333333333369,0.120025634765625,Severe,Severe,Severe,#8F3F97
2025-04-18 16:30:00,"Punjabi Bagh, Delhi - DPCC",136.0,136.8495714285715,135.3208,0.8495714285714655,0.67919921875,Poor,Poor,Poor,#FF7E00
2025-04-18 17:30:00,"Punjabi Bagh, Delhi - DPCC",500.0,499.615,499.95312,0.3849999999999909,0.046875,Severe,Severe,Severe,#8F3F97
2025-04-18 18:30:00,"Punjabi Bagh, Delhi - DPCC",82.0,88.41100793650793,82.66963,6.411007936507929,0.6696319580078125,Moderate,Moderate,Moderate,#FFFF00
2025-04-18 19:30:00,"Punjabi Bagh, Delhi - DPCC",70.0,84.90921825396825,70.549095,14.909218253968248,0.5490951538085938,Moderate,Moderate,Moderate,#FFFF00
2025-04-18 20:30:00,"Punjabi Bagh, Delhi - DPCC",62.0,64.66238888888888,62.140835,2.6623888888888843,0.1408348083496093,Moderate,Moderate,Moderate,#FFFF00
2025-04-18 21:30:00,"Punjabi Bagh, Delhi - DPCC",62.0,62.72828318903317,61.99962,0.7282831890331707,0.0003814697265625,Moderate,Moderate,Moderate,#FFFF00
2025-04-18 22:30:00,"Punjabi Bagh, Delhi - DPCC",60.0,62.51258080808079,60.623196,2.5125808080807914,0.6231956481933594,Moderate,Moderate,Moderate,#FFFF00
2025-04-18 23:30:00,"Punjabi Bagh, Delhi - DPCC",74.0,70.63362049062047,73.91938,3.3663795093795272,0.0806198120117187,Moderate,Moderate,Moderate,#FFFF00
2025-04-19 00:30:00,"Punjabi Bagh, Delhi - DPCC",102.0,94.8999917027417,101.74967,7.100008297258299,0.2503280639648437,Poor,Moderate,Poor,#FF7E00
2025-04-19 01:30:00,"Punjabi Bagh, Delhi - DPCC",117.0,116.0759004884005,116.69255,0.9240995115994934,0.3074493408203125,Poor,Poor,Poor,#FF7E00
2025-04-19 02:30:00,"Punjabi Bagh, Delhi - DPCC",134.0,127.32048809523808,133.62617,6.67951190476191,0.3738250732421875,Poor,Poor,Poor,#FF7E00
2025-04-19 03:30:00,"Punjabi Bagh, Delhi - DPCC",139.0,138.67056746031747,139.0402,0.3294325396825286,0.0402069091796875,Poor,Poor,Poor,#FF7E00
2025-04-19 04:30:00,"Punjabi Bagh, Delhi - DPCC",500.0,500.0,499.90555,0.0,0.094451904296875,Severe,Severe,Severe,#8F3F97
2025-04-19 05:30:00,"Punjabi Bagh, Delhi - DPCC",500.0,499.57,499.88535,0.4300000000000068,0.114654541015625,Severe,Severe,Severe,#8F3F97
2025-04-19 06:30:00,"Punjabi Bagh, Delhi - DPCC",500.0,498.345,499.98404,1.6549999999999727,0.015960693359375,Severe,Severe,Severe,#8F3F97
2025-04-19 07:30:00,"Punjabi Bagh, Delhi - DPCC",215.0,222.3169069264069,214.47673,7.316906926406915,0.5232696533203125,Very Poor,Very Poor,Very Poor,#FF0000
2025-04-19 08:30:00,"Punjabi Bagh, Delhi - DPCC",500.0,500.0,500.00504,0.0,0.005035400390625,Severe,Severe,Severe,#8F3F97
2025-04-19 09:30:00,"Punjabi Bagh, Delhi - DPCC",198.0,198.1537402597403,198.18323,0.1537402597402888,0.1832275390625,Poor,Poor,Poor,#FF7E00
2025-04-19 10:30:00,"Punjabi Bagh, Delhi - DPCC",197.0,197.58222835497835,196.81918,0.5822283549783549,0.180816650390625,Poor,Poor,Poor,#FF7E00
2025-04-19 11:30:00,"Punjabi Bagh, Delhi - DPCC",194.0,194.4271868131869,194.0131,0.4271868131868643,0.0131072998046875,Poor,Poor,Poor,#FF7E00
2025-04-19 12:30:00,"Punjabi Bagh, Delhi - DPCC",184.0,183.7847500000001,184.13782,0.2152499999999406,0.1378173828125,Poor,Poor,Poor,#FF7E00
2025-04-19 13:30:00,"Punjabi Bagh, Delhi - DPCC",159.0,159.3321673881674,159.49562,0.3321673881673916,0.4956207275390625,Poor,Poor,Poor,#FF7E00
2025-04-19 14:30:00,"Punjabi Bagh, Delhi - DPCC",134.0,134.4474484126984,134.15158,0.4474484126984066,0.151580810546875,Poor,Poor,Poor,#FF7E00
2025-04-19 15:30:00,"Punjabi Bagh, Delhi - DPCC",126.0,126.00574531024532,126.05423,0.0057453102453308,0.054229736328125,Poor,Poor,Poor,#FF7E00
2025-04-19 16:30:00,"Punjabi Bagh, Delhi - DPCC",500.0,498.9091666666667,499.97485,1.0908333333333076,0.025146484375,Severe,Severe,Severe,#8F3F97
2025-04-19 17:30:00,"Punjabi Bagh, Delhi - DPCC",500.0,500.0,499.867,0.0,0.13299560546875,Severe,Severe,Severe,#8F3F97
2025-04-19 18:30:00,"Punjabi Bagh, Delhi - DPCC",106.0,106.3200119047619,106.39589,0.3200119047618983,0.3958892822265625,Poor,Poor,Poor,#FF7E00
2025-04-19 19:30:00,"Punjabi Bagh, Delhi - DPCC",102.0,101.74433730158732,101.36211,0.2556626984126922,0.6378936767578125,Poor,Poor,Poor,#FF7E00
2025-04-19 20:30:00,"Punjabi Bagh, Delhi - DPCC",97.0,97.42201984126984,96.98538,0.4220198412698295,0.014617919921875,Moderate,Moderate,Moderate,#FFFF00
2025-04-19 21:30:00,"Punjabi Bagh, Delhi - DPCC",86.0,85.88991666666666,85.936714,0.1100833333333355,0.0632858276367187,Moderate,Moderate,Moderate,#FFFF00
2025-04-19 22:30:00,"Punjabi Bagh, Delhi - DPCC",80.0,79.57715476190478,79.90035,0.4228452380952205,0.0996475219726562,Moderate,Moderate,Moderate,#FFFF00
2025-04-19 23:30:00,"Punjabi Bagh, Delhi - DPCC",80.0,79.91726984126984,80.14872,0.0827301587301576,0.1487197875976562,Moderate,Moderate,Moderate,#FFFF00
2025-04-20 00:30:00,"Punjabi Bagh, Delhi - DPCC",82.0,82.17921428571428,81.78118,0.1792142857142806,0.2188186645507812,Moderate,Moderate,Moderate,#FFFF00
2025-04-20 01:30:00,"Punjabi Bagh, Delhi - DPCC",94.0,93.25600793650796,94.16181,0.7439920634920298,0.1618118286132812,Moderate,Moderate,Moderate,#FFFF00
2025-04-20 02:30:00,"Punjabi Bagh, Delhi - DPCC",500.0,484.32725,499.80554,15.672750000000008,0.1944580078125,Severe,Severe,Severe,#8F3F97
2025-04-20 03:30:00,"Punjabi Bagh, Delhi - DPCC",500.0,500.0,499.95053,0.0,0.049468994140625,Severe,Severe,Severe,#8F3F97
2025-04-20 04:30:00,"Punjabi Bagh, Delhi - DPCC",500.0,500.0,499.96976,0.0,0.030242919921875,Severe,Severe,Severe,#8F3F97
2025-04-20 05:30:00,"Punjabi Bagh, Delhi - DPCC",500.0,499.535,500.08902,0.464999999999975,0.089019775390625,Severe,Severe,Severe,#8F3F97
2025-04-20 06:30:00,"Punjabi Bagh, Delhi - DPCC",166.0,166.2654682539683,165.9824,0.2654682539682937,0.0175933837890625,Poor,Poor,Poor,#FF7E00
2025-04-20 07:30:00,"Punjabi Bagh, Delhi - DPCC",178.0,178.21993253968247,177.77267,0.2199325396824747,0.227325439453125,Poor,Poor,Poor,#FF7E00
2025-04-20 08:30:00,"Punjabi Bagh, Delhi - DPCC",178.0,178.12880952380954,177.75061,0.1288095238095365,0.2493896484375,Poor,Poor,Poor,#FF7E00
2025-04-20 09:30:00,"Punjabi Bagh, Delhi - DPCC",172.0,173.25044841269838,171.98965,1.2504484126983757,0.010345458984375,Poor,Poor,Poor,#FF7E00
2025-04-20 10:30:00,"Punjabi Bagh, Delhi - DPCC",161.0,161.1219862914863,160.89375,0.1219862914863085,0.1062469482421875,Poor,Poor,Poor,#FF7E00
2025-04-20 11:30:00,"Punjabi Bagh, Delhi - DPCC",159.0,159.204,159.26587,0.2040000000000077,0.265869140625,Poor,Poor,Poor,#FF7E00
2025-04-20 12:30:00,"Punjabi Bagh, Delhi - DPCC",166.0,166.10862698412697,165.93874,0.1086269841269711,0.0612640380859375,Poor,Poor,Poor,#FF7E00
2025-04-20 13:30:00,"Punjabi Bagh, Delhi - DPCC",168.0,168.64644985569987,168.08553,0.6464498556998706,0.0855255126953125,Poor,Poor,Poor,#FF7E00
2025-04-20 14:30:00,"Punjabi Bagh, Delhi - DPCC",162.0,162.04365620490617,162.11316,0.0436562049061706,0.1131591796875,Poor,Poor,Poor,#FF7E00
2025-04-20 15:30:00,"Punjabi Bagh, Delhi - DPCC",157.0,157.5650833333333,157.6541,0.5650833333332912,0.6540985107421875,Poor,Poor,Poor,#FF7E00
2025-04-20 16:30:00,"Punjabi Bagh, Delhi - DPCC",151.0,150.98056818181817,150.67554,0.0194318181818289,0.324462890625,Poor,Poor,Poor,#FF7E00
2025-04-20 17:30:00,"Punjabi Bagh, Delhi - DPCC",161.0,160.3387070707071,160.82033,0.6612929292928982,0.1796722412109375,Poor,Poor,Poor,#FF7E00
2025-04-20 18:30:00,"Punjabi Bagh, Delhi - DPCC",169.0,169.9333412698413,168.67441,0.9333412698412928,0.325592041015625,Poor,Poor,Poor,#FF7E00
2025-04-20 19:30:00,"Punjabi Bagh, Delhi - DPCC",180.0,179.7533333333334,179.98045,0.2466666666666128,0.0195465087890625,Poor,Poor,Poor,#FF7E00
2025-04-20 20:30:00,"Punjabi Bagh, Delhi - DPCC",192.0,191.69101587301583,192.11377,0.3089841269841429,0.11376953125,Poor,Poor,Poor,#FF7E00
2025-04-20 21:30:00,"Punjabi Bagh, Delhi - DPCC",176.0,177.5599920634921,176.70317,1.5599920634921034,0.7031707763671875,Poor,Poor,Poor,#FF7E00
2025-04-20 22:30:00,"Punjabi Bagh, Delhi - DPCC",169.0,168.47248556998554,168.75526,0.5275144300144632,0.2447357177734375,Poor,Poor,Poor,#FF7E00
2025-04-20 23:30:00,"Punjabi Bagh, Delhi - DPCC",164.0,163.84594444444446,163.7695,0.1540555555555443,0.230499267578125,Poor,Poor,Poor,#FF7E00
2025-04-21 00:30:00,"Punjabi Bagh, Delhi - DPCC",168.0,168.56421825396825,168.32755,0.5642182539682494,0.327545166015625,Poor,Poor,Poor,#FF7E00
2025-04-21 01:30:00,"Punjabi Bagh, Delhi - DPCC",185.0,184.8637063492064,185.04231,0.1362936507936183,0.0423126220703125,Poor,Poor,Poor,#FF7E00
2025-04-21 02:30:00,"Punjabi Bagh, Delhi - DPCC",224.0,223.99153571428565,224.06314,0.0084642857143535,0.063140869140625,Very Poor,Very Poor,Very Poor,#FF0000
2025-04-21 03:30:00,"Punjabi Bagh, Delhi - DPCC",258.0,255.75921645021648,257.63116,2.240783549783515,0.36883544921875,Very Poor,Very Poor,Very Poor,#FF0000
2025-04-21 04:30:00,"Punjabi Bagh, Delhi - DPCC",263.0,265.1489743867245,262.9947,2.1489743867244897,0.00531005859375,Very Poor,Very Poor,Very Poor,#FF0000
2025-04-21 05:30:00,"Punjabi Bagh, Delhi - DPCC",269.0,266.73959740259744,269.0168,2.2604025974025603,0.016815185546875,Very Poor,Very Poor,Very Poor,#FF0000
2025-04-21 06:30:00,"Punjabi Bagh, Delhi - DPCC",270.0,269.16614502164515,269.65262,0.8338549783548501,0.347381591796875,Very Poor,Very Poor,Very Poor,#FF0000
2025-04-21 07:30:00,"Punjabi Bagh, Delhi - DPCC",500.0,498.9091666666666,499.96982,1.0908333333333644,0.030181884765625,Severe,Severe,Severe,#8F3F97
2025-04-21 08:30:00,"Punjabi Bagh, Delhi - DPCC",199.0,201.78665548340555,198.8138,2.786655483405525,0.1862030029296875,Poor,Very Poor,Poor,#FF7E00
2025-04-21 09:30:00,"Punjabi Bagh, Delhi - DPCC",183.0,183.9804880952381,183.21579,0.9804880952380586,0.215789794921875,Poor,Poor,Poor,#FF7E00
2025-04-21 10:30:00,"Punjabi Bagh, Delhi - DPCC",165.0,164.75782539682544,165.29718,0.2421746031745613,0.29718017578125,Poor,Poor,Poor,#FF7E00
2025-04-21 11:30:00,"Punjabi Bagh, Delhi - DPCC",153.0,152.04013888888886,151.44402,0.959861111111138,1.5559844970703125,Poor,Poor,Poor,#FF7E00
2025-04-21 12:30:00,"Punjabi Bagh, Delhi - DPCC",155.0,155.2367857142857,155.34505,0.2367857142857019,0.3450469970703125,Poor,Poor,Poor,#FF7E00
2025-04-21 13:30:00,"Punjabi Bagh, Delhi - DPCC",161.0,161.14100144300147,160.68973,0.1410014430014712,0.310272216796875,Poor,Poor,Poor,#FF7E00
2025-04-21 14:30:00,"Punjabi Bagh, Delhi - DPCC",190.0,190.16874999999996,189.89743,0.1687499999999318,0.102569580078125,Poor,Poor,Poor,#FF7E00
2025-04-21 15:30:00,"Punjabi Bagh, Delhi - DPCC",215.0,216.40782142857145,215.08742,1.4078214285714523,0.0874176025390625,Very Poor,Very Poor,Very Poor,#FF0000
2025-04-21 16:30:00,"Punjabi Bagh, Delhi - DPCC",225.0,223.73561904761905,224.90714,1.264380952380975,0.092864990234375,Very Poor,Very Poor,Very Poor,#FF0000
2025-04-21 17:30:00,"Punjabi Bagh, Delhi - DPCC",216.0,225.61124675324675,216.0196,9.611246753246746,0.0196075439453125,Very Poor,Very Poor,Very Poor,#FF0000
2025-04-21 18:30:00,"Punjabi Bagh, Delhi - DPCC",213.0,215.68498015873024,213.64803,2.684980158730241,0.6480255126953125,Very Poor,Very Poor,Very Poor,#FF0000
2025-04-21 19:30:00,"Punjabi Bagh, Delhi - DPCC",297.0,296.6707142857143,295.36124,0.3292857142856746,1.638763427734375,Very Poor,Very Poor,Very Poor,#FF0000
2025-04-21 20:30:00,"Punjabi Bagh, Delhi - DPCC",500.0,419.3724935064936,499.39178,80.62750649350642,0.60821533203125,Severe,Severe,Severe,#8F3F97
2025-04-21 21:30:00,"Punjabi Bagh, Delhi - DPCC",310.0,318.6935952380952,310.09808,8.693595238095213,0.09808349609375,Severe,Severe,Severe,#8F3F97
2025-04-21 22:30:00,"Punjabi Bagh, Delhi - DPCC",322.0,330.1299801587302,322.74445,8.129980158730177,0.74444580078125,Severe,Severe,Severe,#8F3F97
2025-04-21 23:30:00,"Punjabi Bagh, Delhi - DPCC",339.0,338.844496031746,338.4398,0.1555039682540382,0.560211181640625,Severe,Severe,Severe,#8F3F97
2025-04-22 00:30:00,"Punjabi Bagh, Delhi - DPCC",332.0,331.66001298701286,332.5153,0.3399870129871374,0.515289306640625,Severe,Severe,Severe,#8F3F97
2025-04-22 01:30:00,"Punjabi Bagh, Delhi - DPCC",319.0,320.2140891053391,318.67502,1.2140891053390988,0.324981689453125,Severe,Severe,Severe,#8F3F97
2025-04-22 02:30:00,"Punjabi Bagh, Delhi - DPCC",314.0,315.80787085137086,314.16647,1.8078708513708648,0.166473388671875,Severe,Severe,Severe,#8F3F97
2025-04-22 03:30:00,"Punjabi Bagh, Delhi - DPCC",315.0,314.8490436507936,314.73215,0.1509563492064103,0.267852783203125,Severe,Severe,Severe,#8F3F97
2025-04-22 04:30:00,"Punjabi Bagh, Delhi - DPCC",288.0,285.40125793650793,287.92892,2.598742063492068,0.071075439453125,Very Poor,Very Poor,Very Poor,#FF0000
2025-04-22 05:30:00,"Punjabi Bagh, Delhi - DPCC",281.0,280.04750000000007,280.92822,0.9524999999999296,0.07177734375,Very Poor,Very Poor,Very Poor,#FF0000
2025-04-22 06:30:00,"Punjabi Bagh, Delhi - DPCC",199.0,201.43944660894664,198.7506,2.439446608946639,0.2494049072265625,Poor,Very Poor,Poor,#FF7E00
2025-04-22 07:30:00,"Punjabi Bagh, Delhi - DPCC",166.0,166.5340674603175,165.79456,0.5340674603174875,0.2054443359375,Poor,Poor,Poor,#FF7E00
2025-04-22 08:30:00,"Punjabi Bagh, Delhi - DPCC",161.0,161.39070382395383,160.84433,0.3907038239538281,0.155670166015625,Poor,Poor,Poor,#FF7E00
2025-04-22 09:30:00,"Punjabi Bagh, Delhi - DPCC",166.0,166.25596031746034,165.85213,0.2559603174603353,0.1478729248046875,Poor,Poor,Poor,#FF7E00
2025-04-22 10:30:00,"Punjabi Bagh, Delhi - DPCC",144.0,144.2639444444444,145.51785,0.2639444444444052,1.517852783203125,Poor,Poor,Poor,#FF7E00
2025-04-22 11:30:00,"Punjabi Bagh, Delhi - DPCC",142.0,141.71374999999998,141.55278,0.2862500000000239,0.4472198486328125,Poor,Poor,Poor,#FF7E00
2025-04-22 12:30:00,"Punjabi Bagh, Delhi - DPCC",142.0,142.3037857142857,141.5341,0.3037857142857092,0.4658966064453125,Poor,Poor,Poor,#FF7E00
2025-04-22 13:30:00,"Punjabi Bagh, Delhi - DPCC",147.0,146.71967063492065,147.30095,0.2803293650793534,0.3009490966796875,Poor,Poor,Poor,#FF7E00
2025-04-22 14:30:00,"Punjabi Bagh, Delhi - DPCC",500.0,500.0,499.89417,0.0,0.1058349609375,Severe,Severe,Severe,#8F3F97
2025-04-22 15:30:00,"Punjabi Bagh, Delhi - DPCC",500.0,500.0,499.7654,0.0,0.234588623046875,Severe,Severe,Severe,#8F3F97
2025-04-22 16:30:00,"Punjabi Bagh, Delhi - DPCC",181.0,182.3241984126984,182.11928,1.3241984126983937,1.1192779541015625,Poor,Poor,Poor,#FF7E00
2025-04-22 17:30:00,"Punjabi Bagh, Delhi - DPCC",183.0,184.43906746031743,183.49501,1.4390674603174602,0.4950103759765625,Poor,Poor,Poor,#FF7E00
2025-04-22 18:30:00,"Punjabi Bagh, Delhi - DPCC",203.0,205.98187698412696,202.77696,2.981876984126984,0.2230377197265625,Very Poor,Very Poor,Very Poor,#FF0000
2025-04-22 19:30:00,"Punjabi Bagh, Delhi - DPCC",171.0,173.50909126984126,171.33414,2.509091269841264,0.334136962890625,Poor,Poor,Poor,#FF7E00
2025-04-22 20:30:00,"Punjabi Bagh, Delhi - DPCC",157.0,158.87258730158726,157.88855,1.8725873015872596,0.8885498046875,Poor,Poor,Poor,#FF7E00
2025-04-22 21:30:00,"Punjabi Bagh, Delhi - DPCC",152.0,152.1760284992785,151.09021,0.1760284992784875,0.9097900390625,Poor,Poor,Poor,#FF7E00
2025-04-22 22:30:00,"Punjabi Bagh, Delhi - DPCC",165.0,165.58312301587307,165.12605,0.5831230158730705,0.1260528564453125,Poor,Poor,Poor,#FF7E00
2025-04-22 23:30:00,"Punjabi Bagh, Delhi - DPCC",256.0,256.5132023809523,256.05322,0.5132023809522934,0.05322265625,Very Poor,Very Poor,Very Poor,#FF0000
2025-04-23 00:30:00,"Punjabi Bagh, Delhi - DPCC",346.0,344.543884920635,346.18918,1.45611507936502,0.189178466796875,Severe,Severe,Severe,#8F3F97
2025-04-23 01:30:00,"Punjabi Bagh, Delhi - DPCC",359.0,355.8626865079365,358.52023,3.1373134920635266,0.479766845703125,Severe,Severe,Severe,#8F3F97
2025-04-23 02:30:00,"Punjabi Bagh, Delhi - DPCC",338.0,341.1864137806639,338.52762,3.186413780663884,0.527618408203125,Severe,Severe,Severe,#8F3F97
2025-04-23 03:30:00,"Punjabi Bagh, Delhi - DPCC",313.0,315.19079886779895,312.9134,2.1907988677989465,0.08660888671875,Severe,Severe,Severe,#8F3F97
2025-04-23 04:30:00,"Punjabi Bagh, Delhi - DPCC",500.0,487.2826666666667,499.67975,12.717333333333272,0.32025146484375,Severe,Severe,Severe,#8F3F97
2025-04-23 05:30:00,"Punjabi Bagh, Delhi - DPCC",190.0,192.7749527417028,189.86774,2.7749527417027764,0.13226318359375,Poor,Poor,Poor,#FF7E00
2025-04-23 06:30:00,"Punjabi Bagh, Delhi - DPCC",171.0,171.6207222222222,171.61128,0.6207222222222128,0.6112823486328125,Poor,Poor,Poor,#FF7E00
2025-04-23 07:30:00,"Punjabi Bagh, Delhi - DPCC",147.0,145.91406349206346,146.76962,1.0859365079365375,0.230377197265625,Poor,Poor,Poor,#FF7E00
2025-04-23 08:30:00,"Punjabi Bagh, Delhi - DPCC",151.0,150.615341991342,151.08835,0.3846580086579934,0.088348388671875,Poor,Poor,Poor,#FF7E00
2025-04-23 09:30:00,"Punjabi Bagh, Delhi - DPCC",156.0,156.22855952380954,156.03705,0.2285595238095368,0.03704833984375,Poor,Poor,Poor,#FF7E00
2025-04-23 10:30:00,"Punjabi Bagh, Delhi - DPCC",146.0,146.44117857142854,146.7947,0.4411785714285372,0.7946929931640625,Poor,Poor,Poor,#FF7E00
2025-04-23 11:30:00,"Punjabi Bagh, Delhi - DPCC",132.0,130.6358207070707,131.54831,1.3641792929292933,0.451690673828125,Poor,Poor,Poor,#FF7E00
2025-04-23 12:30:00,"Punjabi Bagh, Delhi - DPCC",500.0,500.0,499.90894,0.0,0.091064453125,Severe,Severe,Severe,#8F3F97
2025-04-23 13:30:00,"Punjabi Bagh, Delhi - DPCC",155.0,155.4744880952381,155.46523,0.4744880952380867,0.4652252197265625,Poor,Poor,Poor,#FF7E00
2025-04-23 14:30:00,"Punjabi Bagh, Delhi - DPCC",193.0,192.4646298146299,192.87434,0.5353701853701125,0.1256561279296875,Poor,Poor,Poor,#FF7E00
2025-04-23 15:30:00,"Punjabi Bagh, Delhi - DPCC",192.0,192.33522222222217,191.886,0.3352222222221712,0.1139984130859375,Poor,Poor,Poor,#FF7E00
2025-04-23 16:30:00,"Punjabi Bagh, Delhi - DPCC",235.0,235.43611471861476,234.90681,0.436114718614732,0.0931854248046875,Very Poor,Very Poor,Very Poor,#FF0000
2025-04-23 17:30:00,"Punjabi Bagh, Delhi - DPCC",228.0,229.7088968253969,227.92137,1.7088968253968917,0.0786285400390625,Very Poor,Very Poor,Very Poor,#FF0000
2025-04-23 18:30:00,"Punjabi Bagh, Delhi - DPCC",339.0,347.93680555555545,339.2726,8.936805555555452,0.272613525390625,Severe,Severe,Severe,#8F3F97
2025-04-23 19:30:00,"Punjabi Bagh, Delhi - DPCC",359.0,357.2554722222222,358.1966,1.7445277777778188,0.80340576171875,Severe,Severe,Severe,#8F3F97
2025-04-23 20:30:00,"Punjabi Bagh, Delhi - DPCC",298.0,325.67434523809527,299.23837,27.67434523809527,1.238372802734375,Very Poor,Severe,Very Poor,#FF0000
2025-04-23 21:30:00,"Punjabi Bagh, Delhi - DPCC",500.0,412.92421825396826,498.72232,87.07578174603174,1.277679443359375,Severe,Severe,Severe,#8F3F97
2025-04-23 22:30:00,"Punjabi Bagh, Delhi - DPCC",300.0,335.45908333333347,300.30072,35.45908333333347,0.30072021484375,Very Poor,Severe,Severe,#FF0000
2025-04-23 23:30:00,"Punjabi Bagh, Delhi - DPCC",361.0,366.98962301587306,360.302,5.989623015873065,0.697998046875,Severe,Severe,Severe,#8F3F97
2025-04-24 00:30:00,"Punjabi Bagh, Delhi - DPCC",500.0,500.0,499.87784,0.0,0.122161865234375,Severe,Severe,Severe,#8F3F97
2025-04-24 01:30:00,"Punjabi Bagh, Delhi - DPCC",290.0,300.5900595238096,289.50195,10.5900595238096,0.498046875,Very Poor,Severe,Very Poor,#FF0000
2025-04-24 02:30:00,"Punjabi Bagh, Delhi - DPCC",223.0,223.93976984126985,223.17122,0.939769841269822,0.1712188720703125,Very Poor,Very Poor,Very Poor,#FF0000
2025-04-24 03:30:00,"Punjabi Bagh, Delhi - DPCC",500.0,490.76933333333335,499.7869,9.23066666666665,0.213104248046875,Severe,Severe,Severe,#8F3F97
2025-04-24 04:30:00,"Punjabi Bagh, Delhi - DPCC",500.0,393.76173809523823,499.72168,106.23826190476176,0.2783203125,Severe,Severe,Severe,#8F3F97
2025-04-24 05:30:00,"Punjabi Bagh, Delhi - DPCC",220.0,220.67336291486285,219.86395,0.6733629148628495,0.13604736328125,Very Poor,Very Poor,Very Poor,#FF0000
2025-04-24 06:30:00,"Punjabi Bagh, Delhi - DPCC",500.0,499.0375,499.91763,0.9624999999999772,0.082366943359375,Severe,Severe,Severe,#8F3F97
2025-04-24 07:30:00,"Punjabi Bagh, Delhi - DPCC",149.0,149.47101984126985,149.53362,0.4710198412698503,0.5336151123046875,Poor,Poor,Poor,#FF7E00
2025-04-24 08:30:00,"Punjabi Bagh, Delhi - DPCC",127.0,127.83618253968253,125.228584,0.8361825396825253,1.7714157104492188,Poor,Poor,Poor,#FF7E00
2025-04-24 09:30:00,"Punjabi Bagh, Delhi - DPCC",125.0,124.70160245310242,125.145966,0.2983975468975757,0.145965576171875,Poor,Poor,Poor,#FF7E00
2025-04-24 10:30:00,"Punjabi Bagh, Delhi - DPCC",118.0,116.8244322344322,118.226456,1.1755677655677914,0.2264556884765625,Poor,Poor,Poor,#FF7E00
2025-04-24 11:30:00,"Punjabi Bagh, Delhi - DPCC",104.0,104.28073015873014,103.983444,0.2807301587301367,0.0165557861328125,Poor,Poor,Poor,#FF7E00
2025-04-24 12:30:00,"Punjabi Bagh, Delhi - DPCC",103.0,103.65365476190476,103.18294,0.6536547619047468,0.1829376220703125,Poor,Poor,Poor,#FF7E00
2025-04-24 13:30:00,"Punjabi Bagh, Delhi - DPCC",118.0,117.5962973137973,118.47172,0.4037026862027062,0.4717178344726562,Poor,Poor,Poor,#FF7E00
2025-04-24 14:30:00,"Punjabi Bagh, Delhi - DPCC",147.0,139.7055119047619,147.03073,7.294488095238108,0.030731201171875,Poor,Poor,Poor,#FF7E00
2025-04-24 15:30:00,"Punjabi Bagh, Delhi - DPCC",179.0,190.5388968253968,179.00626,11.53889682539682,0.006256103515625,Poor,Poor,Poor,#FF7E00
2025-04-24 16:30:00,"Punjabi Bagh, Delhi - DPCC",323.0,338.1070634920636,322.983,15.107063492063617,0.016998291015625,Severe,Severe,Severe,#8F3F97
2025-04-24 17:30:00,"Punjabi Bagh, Delhi - DPCC",414.0,401.9382063492062,413.8268,12.061793650793788,0.173187255859375,Severe,Severe,Severe,#8F3F97
2025-04-24 18:30:00,"Punjabi Bagh, Delhi - DPCC",350.0,355.8956558441558,350.0956,5.895655844155783,0.095611572265625,Severe,Severe,Severe,#8F3F97
2025-04-24 19:30:00,"Punjabi Bagh, Delhi - DPCC",384.0,386.4434444444445,383.54803,2.4434444444444807,0.45196533203125,Severe,Severe,Severe,#8F3F97
2025-04-24 20:30:00,"Punjabi Bagh, Delhi - DPCC",366.0,366.2804484126984,365.99414,0.2804484126983766,0.005859375,Severe,Severe,Severe,#8F3F97
2025-04-24 21:30:00,"Punjabi Bagh, Delhi - DPCC",350.0,351.9341717171717,350.14282,1.9341717171717503,0.142822265625,Severe,Severe,Severe,#8F3F97
2025-04-24 22:30:00,"Punjabi Bagh, Delhi - DPCC",322.0,323.40080952380964,322.56375,1.4008095238096416,0.563751220703125,Severe,Severe,Severe,#8F3F97
2025-04-24 23:30:00,"Punjabi Bagh, Delhi - DPCC",303.0,305.9439761904762,303.18945,2.943976190476178,0.189453125,Severe,Severe,Severe,#8F3F97
2025-04-25 00:30:00,"Punjabi Bagh, Delhi - DPCC",500.0,500.0,499.90814,0.0,0.09185791015625,Severe,Severe,Severe,#8F3F97
2025-04-25 01:30:00,"Punjabi Bagh, Delhi - DPCC",230.0,229.6433167388168,230.11661,0.3566832611832069,0.116607666015625,Very Poor,Very Poor,Very Poor,#FF0000
2025-04-25 02:30:00,"Punjabi Bagh, Delhi - DPCC",273.0,277.7308412698413,273.6666,4.730841269841278,0.666595458984375,Very Poor,Very Poor,Very Poor,#FF0000
2025-04-25 03:30:00,"Punjabi Bagh, Delhi - DPCC",324.0,327.20667857142854,323.1738,3.20667857142854,0.826202392578125,Severe,Severe,Severe,#8F3F97
2025-04-25 04:30:00,"Punjabi Bagh, Delhi - DPCC",362.0,368.6732727272728,362.82416,6.673272727272774,0.82415771484375,Severe,Severe,Severe,#8F3F97
2025-04-25 05:30:00,"Punjabi Bagh, Delhi - DPCC",413.0,409.7114722222222,412.86087,3.288527777777801,0.139129638671875,Severe,Severe,Severe,#8F3F97
2025-04-25 06:30:00,"Punjabi Bagh, Delhi - DPCC",500.0,498.96,499.74594,1.0400000000000205,0.254058837890625,Severe,Severe,Severe,#8F3F97
2025-04-25 07:30:00,"Punjabi Bagh, Delhi - DPCC",500.0,500.0,499.938,0.0,0.06201171875,Severe,Severe,Severe,#8F3F97
2025-04-25 08:30:00,"Punjabi Bagh, Delhi - DPCC",129.0,124.63001587301584,128.57231,4.36998412698415,0.4276885986328125,Poor,Poor,Poor,#FF7E00
2025-04-25 09:30:00,"Punjabi Bagh, Delhi - DPCC",110.0,110.00004761904763,110.30237,4.761904763483926e-05,0.3023681640625,Poor,Poor,Poor,#FF7E00
2025-04-25 10:30:00,"Punjabi Bagh, Delhi - DPCC",118.0,114.91281318681318,117.43791,3.0871868131868183,0.5620880126953125,Poor,Poor,Poor,#FF7E00
2025-04-25 11:30:00,"Punjabi Bagh, Delhi - DPCC",500.0,500.0,499.94653,0.0,0.053466796875,Severe,Severe,Severe,#8F3F97
2025-04-25 12:30:00,"Punjabi Bagh, Delhi - DPCC",142.0,142.27930555555557,142.60435,0.2793055555555668,0.6043548583984375,Poor,Poor,Poor,#FF7E00
2025-04-25 13:30:00,"Punjabi Bagh, Delhi - DPCC",500.0,500.0,499.8914,0.0,0.108612060546875,Severe,Severe,Severe,#8F3F97
2025-04-25 14:30:00,"Punjabi Bagh, Delhi - DPCC",177.0,179.86695238095234,176.62433,2.866952380952341,0.37567138671875,Poor,Poor,Poor,#FF7E00
2025-04-26 04:30:00,"Punjabi Bagh, Delhi - DPCC",338.0,339.6996002886003,338.18396,1.6996002886003223,0.1839599609375,Severe,Severe,Severe,#8F3F97
2025-04-26 05:30:00,"Punjabi Bagh, Delhi - DPCC",218.0,218.08465259740257,218.23204,0.0846525974025667,0.2320404052734375,Very Poor,Very Poor,Very Poor,#FF0000
2025-04-26 06:30:00,"Punjabi Bagh, Delhi - DPCC",116.0,124.5114423076923,116.34172,8.511442307692306,0.3417205810546875,Poor,Poor,Poor,#FF7E00
2025-04-26 07:30:00,"Punjabi Bagh, Delhi - DPCC",102.0,104.57756349206348,102.111496,2.57756349206349,0.1114959716796875,Poor,Poor,Poor,#FF7E00
2025-04-26 08:30:00,"Punjabi Bagh, Delhi - DPCC",87.0,87.63041269841267,87.10822,0.6304126984126697,0.1082229614257812,Moderate,Moderate,Moderate,#FFFF00
2025-04-26 09:30:00,"Punjabi Bagh, Delhi - DPCC",98.0,95.114126984127,97.666214,2.8858730158730026,0.3337860107421875,Moderate,Moderate,Moderate,#FFFF00
2025-04-26 10:30:00,"Punjabi Bagh, Delhi - DPCC",118.0,116.60864652014652,117.62585,1.3913534798534926,0.3741531372070312,Poor,Poor,Poor,#FF7E00
2025-04-26 11:30:00,"Punjabi Bagh, Delhi - DPCC",186.0,185.39842460317456,185.90459,0.6015753968254387,0.0954132080078125,Poor,Poor,Poor,#FF7E00
2025-04-26 12:30:00,"Punjabi Bagh, Delhi - DPCC",410.0,362.9334704184704,409.64307,47.06652958152961,0.35693359375,Severe,Severe,Severe,#8F3F97
2025-04-26 13:30:00,"Punjabi Bagh, Delhi - DPCC",191.0,195.70961935286937,190.47179,4.709619352869368,0.5282135009765625,Poor,Poor,Poor,#FF7E00
2025-04-26 14:30:00,"Punjabi Bagh, Delhi - DPCC",188.0,190.05166666666665,187.85257,2.051666666666648,0.147430419921875,Poor,Poor,Poor,#FF7E00
2025-04-26 15:30:00,"Punjabi Bagh, Delhi - DPCC",500.0,500.0,499.71207,0.0,0.287933349609375,Severe,Severe,Severe,#8F3F97
2025-04-26 16:30:00,"Punjabi Bagh, Delhi - DPCC",187.0,187.0309166666666,186.7053,0.0309166666665987,0.2946929931640625,Poor,Poor,Poor,#FF7E00
2025-04-26 17:30:00,"Punjabi Bagh, Delhi - DPCC",159.0,159.48467063492063,159.43349,0.4846706349206329,0.4334869384765625,Poor,Poor,Poor,#FF7E00
2025-04-26 18:30:00,"Punjabi Bagh, Delhi - DPCC",144.0,144.49232539682535,145.0903,0.4923253968253505,1.090301513671875,Poor,Poor,Poor,#FF7E00
2025-04-26 19:30:00,"Punjabi Bagh, Delhi - DPCC",141.0,141.43296825396828,140.00784,0.4329682539682835,0.992156982421875,Poor,Poor,Poor,#FF7E00
2025-04-26 20:30:00,"Punjabi Bagh, Delhi - DPCC",140.0,140.47,139.95174,0.4699999999999988,0.0482635498046875,Poor,Poor,Poor,#FF7E00
2025-04-26 21:30:00,"Punjabi Bagh, Delhi - DPCC",148.0,148.30519047619046,148.03677,0.3051904761904609,0.036773681640625,Poor,Poor,Poor,#FF7E00
2025-04-26 22:30:00,"Punjabi Bagh, Delhi - DPCC",180.0,179.77436111111118,180.14468,0.2256388888888238,0.144683837890625,Poor,Poor,Poor,#FF7E00
2025-04-26 23:30:00,"Punjabi Bagh, Delhi - DPCC",200.0,200.5155595238096,199.94797,0.5155595238095714,0.052032470703125,Poor,Very Poor,Poor,#FF7E00
2025-04-27 00:30:00,"Punjabi Bagh, Delhi - DPCC",267.0,269.4062341269842,266.8678,2.4062341269842022,0.1322021484375,Very Poor,Very Poor,Very Poor,#FF0000
2025-04-27 01:30:00,"Punjabi Bagh, Delhi - DPCC",336.0,343.50036111111126,335.86652,7.5003611111112605,0.13348388671875,Severe,Severe,Severe,#8F3F97
2025-04-27 02:30:00,"Punjabi Bagh, Delhi - DPCC",270.0,272.9014960317461,270.18936,2.901496031746092,0.189361572265625,Very Poor,Very Poor,Very Poor,#FF0000
2025-04-27 03:30:00,"Punjabi Bagh, Delhi - DPCC",292.0,293.01963095238096,292.12354,1.0196309523809646,0.12353515625,Very Poor,Very Poor,Very Poor,#FF0000
2025-04-27 04:30:00,"Punjabi Bagh, Delhi - DPCC",294.0,290.7324880952381,293.6394,3.267511904761875,0.360595703125,Very Poor,Very Poor,Very Poor,#FF0000
2025-04-27 05:30:00,"Punjabi Bagh, Delhi - DPCC",306.0,290.986261904762,304.82562,15.013738095238011,1.17437744140625,Severe,Very Poor,Severe,#8F3F97
2025-04-27 06:30:00,"Punjabi Bagh, Delhi - DPCC",271.0,269.14639285714287,270.5639,1.853607142857129,0.43609619140625,Very Poor,Very Poor,Very Poor,#FF0000
2025-04-27 07:30:00,"Punjabi Bagh, Delhi - DPCC",249.0,250.3603531746032,249.49446,1.3603531746031765,0.4944610595703125,Very Poor,Very Poor,Very Poor,#FF0000
2025-04-27 08:30:00,"Punjabi Bagh, Delhi - DPCC",161.0,161.6522831890332,160.5322,0.6522831890331986,0.467803955078125,Poor,Poor,Poor,#FF7E00
2025-04-27 09:30:00,"Punjabi Bagh, Delhi - DPCC",115.0,116.44236904761904,115.37429,1.442369047619053,0.3742904663085937,Poor,Poor,Poor,#FF7E00
2025-04-27 10:30:00,"Punjabi Bagh, Delhi - DPCC",104.0,104.93873015873017,103.89171,0.9387301587301522,0.1082916259765625,Poor,Poor,Poor,#FF7E00
2025-04-27 11:30:00,"Punjabi Bagh, Delhi - DPCC",112.0,110.59185714285717,112.021095,1.408142857142849,0.0210952758789062,Poor,Poor,Poor,#FF7E00
2025-04-27 12:30:00,"Punjabi Bagh, Delhi - DPCC",117.0,117.54343650793652,117.35189,0.5434365079365193,0.3518905639648437,Poor,Poor,Poor,#FF7E00
2025-04-27 13:30:00,"Punjabi Bagh, Delhi - DPCC",137.0,132.48023015873014,136.61832,4.519769841269863,0.381683349609375,Poor,Poor,Poor,#FF7E00
2025-04-27 14:30:00,"Punjabi Bagh, Delhi - DPCC",177.0,178.27826587301587,177.28566,1.2782658730158687,0.2856597900390625,Poor,Poor,Poor,#FF7E00
2025-04-27 15:30:00,"Punjabi Bagh, Delhi - DPCC",309.0,307.9138571428572,309.0055,1.0861428571428178,0.0054931640625,Severe,Severe,Severe,#8F3F97
2025-04-27 16:30:00,"Punjabi Bagh, Delhi - DPCC",256.0,257.0273095238095,256.84372,1.0273095238094925,0.843719482421875,Very Poor,Very Poor,Very Poor,#FF0000
2025-04-27 17:30:00,"Punjabi Bagh, Delhi - DPCC",259.0,275.1983571428571,258.93704,16.198357142857105,0.062957763671875,Very Poor,Very Poor,Very Poor,#FF0000
2025-04-27 18:30:00,"Punjabi Bagh, Delhi - DPCC",500.0,500.0,499.95306,0.0,0.04693603515625,Severe,Severe,Severe,#8F3F97
2025-04-27 19:30:00,"Punjabi Bagh, Delhi - DPCC",216.0,216.42994227994237,215.76546,0.4299422799423382,0.2345428466796875,Very Poor,Very Poor,Very Poor,#FF0000
2025-04-27 20:30:00,"Punjabi Bagh, Delhi - DPCC",229.0,228.5075595238096,228.90874,0.4924404761903815,0.0912628173828125,Very Poor,Very Poor,Very Poor,#FF0000
2025-04-27 21:30:00,"Punjabi Bagh, Delhi - DPCC",249.0,249.1859087301587,248.95255,0.185908730158701,0.047454833984375,Very Poor,Very Poor,Very Poor,#FF0000
2025-04-27 22:30:00,"Punjabi Bagh, Delhi - DPCC",235.0,234.4343051948052,234.89278,0.565694805194795,0.1072235107421875,Very Poor,Very Poor,Very Poor,#FF0000
2025-04-27 23:30:00,"Punjabi Bagh, Delhi - DPCC",215.0,215.4179343434344,215.4351,0.417934343434382,0.4351043701171875,Very Poor,Very Poor,Very Poor,#FF0000
2025-04-28 00:30:00,"Punjabi Bagh, Delhi - DPCC",169.0,169.2029325396825,168.82051,0.2029325396825072,0.1794891357421875,Poor,Poor,Poor,#FF7E00
2025-04-28 01:30:00,"Punjabi Bagh, Delhi - DPCC",221.0,221.63480555555543,221.09688,0.6348055555554595,0.0968780517578125,Very Poor,Very Poor,Very Poor,#FF0000
2025-04-28 02:30:00,"Punjabi Bagh, Delhi - DPCC",304.0,304.2749880952381,304.1667,0.2749880952380863,0.16668701171875,Severe,Severe,Severe,#8F3F97
2025-04-28 03:30:00,"Punjabi Bagh, Delhi - DPCC",309.0,310.94329761904766,308.8511,1.9432976190476552,0.148895263671875,Severe,Severe,Severe,#8F3F97
2025-04-28 04:30:00,"Punjabi Bagh, Delhi - DPCC",311.0,311.1116514041515,310.93915,0.1116514041514733,0.06085205078125,Severe,Severe,Severe,#8F3F97
2025-04-28 05:30:00,"Punjabi Bagh, Delhi - DPCC",500.0,430.6423888888889,499.55362,69.35761111111111,0.446380615234375,Severe,Severe,Severe,#8F3F97
2025-04-28 06:30:00,"Punjabi Bagh, Delhi - DPCC",249.0,251.3973751803752,248.90616,2.3973751803752066,0.093841552734375,Very Poor,Very Poor,Very Poor,#FF0000
2025-04-28 07:30:00,"Punjabi Bagh, Delhi - DPCC",239.0,241.63926948051952,239.06221,2.6392694805195163,0.0622100830078125,Very Poor,Very Poor,Very Poor,#FF0000
2025-04-28 08:30:00,"Punjabi Bagh, Delhi - DPCC",239.0,240.1720948773449,238.77719,1.1720948773449038,0.222808837890625,Very Poor,Very Poor,Very Poor,#FF0000
2025-04-28 09:30:00,"Punjabi Bagh, Delhi - DPCC",225.0,224.87440873015876,224.88826,0.1255912698412657,0.1117401123046875,Very Poor,Very Poor,Very Poor,#FF0000
2025-04-28 10:30:00,"Punjabi Bagh, Delhi - DPCC",191.0,205.54128607503608,192.52544,14.541286075036084,1.5254364013671875,Poor,Very Poor,Poor,#FF7E00
2025-04-28 11:30:00,"Punjabi Bagh, Delhi - DPCC",192.0,192.44619444444444,191.98921,0.4461944444444441,0.0107879638671875,Poor,Poor,Poor,#FF7E00
2025-04-28 12:30:00,"Punjabi Bagh, Delhi - DPCC",216.0,217.499503968254,215.96982,1.499503968254004,0.030181884765625,Very Poor,Very Poor,Very Poor,#FF0000
2025-04-28 13:30:00,"Punjabi Bagh, Delhi - DPCC",500.0,500.0,499.94775,0.0,0.05224609375,Severe,Severe,Severe,#8F3F97
2025-04-28 14:30:00,"Punjabi Bagh, Delhi - DPCC",212.0,215.3892229437229,211.98572,3.389222943722899,0.0142822265625,Very Poor,Very Poor,Very Poor,#FF0000
2025-04-28 15:30:00,"Punjabi Bagh, Delhi - DPCC",220.0,220.6786991341992,219.91202,0.6786991341992064,0.087982177734375,Very Poor,Very Poor,Very Poor,#FF0000
2025-04-28 16:30:00,"Punjabi Bagh, Delhi - DPCC",199.0,197.47331132756136,199.04376,1.5266886724386382,0.04376220703125,Poor,Poor,Poor,#FF7E00
2025-04-28 17:30:00,"Punjabi Bagh, Delhi - DPCC",190.0,191.0036785714285,189.70934,1.0036785714285372,0.2906646728515625,Poor,Poor,Poor,#FF7E00
2025-04-28 18:30:00,"Punjabi Bagh, Delhi - DPCC",167.0,167.65133333333327,166.82697,0.6513333333332696,0.17303466796875,Poor,Poor,Poor,#FF7E00
2025-04-28 19:30:00,"Punjabi Bagh, Delhi - DPCC",166.0,166.36717857142855,166.0471,0.3671785714285533,0.0471038818359375,Poor,Poor,Poor,#FF7E00
2025-04-28 20:30:00,"Punjabi Bagh, Delhi - DPCC",161.0,161.5706562049062,161.21954,0.5706562049061858,0.21954345703125,Poor,Poor,Poor,#FF7E00
2025-04-28 21:30:00,"Punjabi Bagh, Delhi - DPCC",183.0,181.5174880952381,182.7076,1.4825119047619353,0.2924041748046875,Poor,Poor,Poor,#FF7E00
2025-04-28 22:30:00,"Punjabi Bagh, Delhi - DPCC",166.0,166.79583730158728,165.81198,0.7958373015872837,0.188018798828125,Poor,Poor,Poor,#FF7E00
2025-04-28 23:30:00,"Punjabi Bagh, Delhi - DPCC",206.0,205.140119047619,205.91588,0.8598809523809905,0.0841217041015625,Very Poor,Very Poor,Very Poor,#FF0000
2025-04-29 00:30:00,"Punjabi Bagh, Delhi - DPCC",149.0,149.61332936507938,148.89879,0.6133293650793803,0.1012115478515625,Poor,Poor,Poor,#FF7E00
2025-04-29 01:30:00,"Punjabi Bagh, Delhi - DPCC",500.0,496.645,500.04413,3.355000000000018,0.04412841796875,Severe,Severe,Severe,#8F3F97
2025-04-29 02:30:00,"Punjabi Bagh, Delhi - DPCC",182.0,181.9846785714286,181.97018,0.0153214285714113,0.029815673828125,Poor,Poor,Poor,#FF7E00
2025-04-29 03:30:00,"Punjabi Bagh, Delhi - DPCC",187.0,187.44390476190463,186.94284,0.4439047619046619,0.057159423828125,Poor,Poor,Poor,#FF7E00
2025-04-29 04:30:00,"Punjabi Bagh, Delhi - DPCC",173.0,173.98153174603175,172.7176,0.9815317460317488,0.2823944091796875,Poor,Poor,Poor,#FF7E00
2025-04-29 05:30:00,"Punjabi Bagh, Delhi - DPCC",171.0,173.12858333333332,171.25232,2.1285833333333244,0.2523193359375,Poor,Poor,Poor,#FF7E00
2025-04-29 06:30:00,"Punjabi Bagh, Delhi - DPCC",181.0,179.85267857142853,181.48138,1.1473214285714732,0.48138427734375,Poor,Poor,Poor,#FF7E00
2025-04-29 07:30:00,"Punjabi Bagh, Delhi - DPCC",188.0,185.58388888888888,187.85991,2.416111111111121,0.1400909423828125,Poor,Poor,Poor,#FF7E00
2025-04-29 08:30:00,"Punjabi Bagh, Delhi - DPCC",178.0,176.53150000000002,177.65999,1.4684999999999775,0.3400115966796875,Poor,Poor,Poor,#FF7E00
2025-04-29 09:30:00,"Punjabi Bagh, Delhi - DPCC",188.0,181.7546666666667,188.20047,6.245333333333292,0.200469970703125,Poor,Poor,Poor,#FF7E00
2025-04-29 10:30:00,"Punjabi Bagh, Delhi - DPCC",188.0,175.0574722222222,187.77147,12.942527777777798,0.2285308837890625,Poor,Poor,Poor,#FF7E00
2025-04-29 11:30:00,"Punjabi Bagh, Delhi - DPCC",163.0,156.61743867243868,162.17392,6.382561327561319,0.826080322265625,Poor,Poor,Poor,#FF7E00
2025-04-29 12:30:00,"Punjabi Bagh, Delhi - DPCC",500.0,500.0,499.96722,0.0,0.03277587890625,Severe,Severe,Severe,#8F3F97
2025-04-29 13:30:00,"Punjabi Bagh, Delhi - DPCC",150.0,149.7168730158731,150.21329,0.283126984126909,0.213287353515625,Poor,Poor,Poor,#FF7E00
2025-04-29 16:30:00,"Punjabi Bagh, Delhi - DPCC",159.0,159.12917063492063,159.32243,0.1291706349206265,0.3224334716796875,Poor,Poor,Poor,#FF7E00
2025-04-29 17:30:00,"Punjabi Bagh, Delhi - DPCC",150.0,149.99139682539683,149.796,0.0086031746031665,0.2039947509765625,Poor,Poor,Poor,#FF7E00
2025-04-29 18:30:00,"Punjabi Bagh, Delhi - DPCC",153.0,146.72210317460315,152.60335,6.277896825396852,0.3966522216796875,Poor,Poor,Poor,#FF7E00
2025-04-29 19:30:00,"Punjabi Bagh, Delhi - DPCC",57.0,83.05692460317461,60.064796,26.056924603174608,3.0647964477539062,Moderate,Moderate,Moderate,#FFFF00
2025-04-30 02:30:00,"Punjabi Bagh, Delhi - DPCC",187.0,186.35494841269835,186.84708,0.6450515873016514,0.152923583984375,Poor,Poor,Poor,#FF7E00
2025-04-30 03:30:00,"Punjabi Bagh, Delhi - DPCC",181.0,180.2325158730159,180.84315,0.7674841269841011,0.1568450927734375,Poor,Poor,Poor,#FF7E00
2025-04-30 04:30:00,"Punjabi Bagh, Delhi - DPCC",188.0,189.44920634920635,188.98637,1.4492063492063494,0.9863739013671876,Poor,Poor,Poor,#FF7E00
2025-04-30 05:30:00,"Punjabi Bagh, Delhi - DPCC",165.0,164.49178968253966,164.5656,0.508210317460339,0.4344024658203125,Poor,Poor,Poor,#FF7E00
2025-04-30 06:30:00,"Punjabi Bagh, Delhi - DPCC",146.0,148.23338095238094,146.1742,2.2333809523809407,0.1741943359375,Poor,Poor,Poor,#FF7E00
2025-04-30 07:30:00,"Punjabi Bagh, Delhi - DPCC",138.0,143.16085714285714,138.77618,5.16085714285714,0.77618408203125,Poor,Poor,Poor,#FF7E00
2025-04-30 08:30:00,"Punjabi Bagh, Delhi - DPCC",140.0,143.63766269841273,140.78691,3.6376626984127256,0.7869110107421875,Poor,Poor,Poor,#FF7E00
2025-04-30 09:30:00,"Punjabi Bagh, Delhi - DPCC",176.0,163.50557539682538,175.46365,12.494424603174622,0.536346435546875,Poor,Poor,Poor,#FF7E00
2025-04-30 10:30:00,"Punjabi Bagh, Delhi - DPCC",190.0,190.5043055555556,189.59839,0.5043055555555611,0.401611328125,Poor,Poor,Poor,#FF7E00
2025-04-30 11:30:00,"Punjabi Bagh, Delhi - DPCC",157.0,153.90655555555554,156.9542,3.093444444444458,0.045806884765625,Poor,Poor,Poor,#FF7E00
2025-04-30 12:30:00,"Punjabi Bagh, Delhi - DPCC",138.0,139.78717460317455,139.44252,1.7871746031745488,1.4425201416015625,Poor,Poor,Poor,#FF7E00
2025-04-30 13:30:00,"Punjabi Bagh, Delhi - DPCC",147.0,147.22040873015874,147.36517,0.2204087301587378,0.36517333984375,Poor,Poor,Poor,#FF7E00
2025-04-30 14:30:00,"Punjabi Bagh, Delhi - DPCC",500.0,500.0,499.79123,0.0,0.208770751953125,Severe,Severe,Severe,#8F3F97
2025-04-30 15:30:00,"Punjabi Bagh, Delhi - DPCC",160.0,160.2559603174603,160.07463,0.2559603174603069,0.0746307373046875,Poor,Poor,Poor,#FF7E00
2025-04-30 16:30:00,"Punjabi Bagh, Delhi - DPCC",500.0,500.0,499.9976,0.0,0.002410888671875,Severe,Severe,Severe,#8F3F97
2025-04-30 17:30:00,"Punjabi Bagh, Delhi - DPCC",141.0,141.82861904761904,140.30647,0.8286190476190427,0.6935272216796875,Poor,Poor,Poor,#FF7E00
2025-04-30 18:30:00,"Punjabi Bagh, Delhi - DPCC",130.0,128.54348015873015,128.80058,1.456519841269852,1.1994171142578125,Poor,Poor,Poor,#FF7E00
2025-04-30 19:30:00,"Punjabi Bagh, Delhi - DPCC",500.0,498.293,499.78607,1.7069999999999936,0.21392822265625,Severe,Severe,Severe,#8F3F97
2025-04-30 20:30:00,"Punjabi Bagh, Delhi - DPCC",149.0,152.56656349206355,150.42743,3.566563492063551,1.42742919921875,Poor,Poor,Poor,#FF7E00
2025-04-30 21:30:00,"Punjabi Bagh, Delhi - DPCC",168.0,167.77041269841268,166.88344,0.2295873015873155,1.1165618896484375,Poor,Poor,Poor,#FF7E00
2025-04-30 22:30:00,"Punjabi Bagh, Delhi - DPCC",196.0,194.50036507936508,195.83128,1.499634920634918,0.1687164306640625,Poor,Poor,Poor,#FF7E00
2025-04-30 23:30:00,"Punjabi Bagh, Delhi - DPCC",201.0,200.1875555555556,200.85606,0.8124444444443952,0.1439361572265625,Very Poor,Very Poor,Very Poor,#FF0000
2025-05-01 04:30:00,"Punjabi Bagh, Delhi - DPCC",197.0,198.5787738095238,196.91943,1.5787738095237955,0.08056640625,Poor,Poor,Poor,#FF7E00
2025-05-01 05:30:00,"Punjabi Bagh, Delhi - DPCC",168.0,168.89580303030303,167.88991,0.8958030303030284,0.1100921630859375,Poor,Poor,Poor,#FF7E00
2025-05-01 06:30:00,"Punjabi Bagh, Delhi - DPCC",160.0,160.52128174603178,160.36496,0.5212817460317751,0.364959716796875,Poor,Poor,Poor,#FF7E00
2025-05-01 07:30:00,"Punjabi Bagh, Delhi - DPCC",155.0,155.52927380952377,155.21924,0.5292738095237723,0.21923828125,Poor,Poor,Poor,#FF7E00
2025-05-01 08:30:00,"Punjabi Bagh, Delhi - DPCC",150.0,150.1823412698413,149.69348,0.182341269841288,0.3065185546875,Poor,Poor,Poor,#FF7E00
2025-05-01 09:30:00,"Punjabi Bagh, Delhi - DPCC",140.0,140.52353571428569,139.93016,0.5235357142856856,0.0698394775390625,Poor,Poor,Poor,#FF7E00
2025-05-01 10:30:00,"Punjabi Bagh, Delhi - DPCC",150.0,146.9942103174603,149.50177,3.0057896825396995,0.49822998046875,Poor,Poor,Poor,#FF7E00
2025-05-01 11:30:00,"Punjabi Bagh, Delhi - DPCC",132.0,134.67989213564215,133.08797,2.679892135642149,1.0879669189453125,Poor,Poor,Poor,#FF7E00
2025-05-01 12:30:00,"Punjabi Bagh, Delhi - DPCC",142.0,141.95494047619047,141.41528,0.0450595238095274,0.584716796875,Poor,Poor,Poor,#FF7E00
2025-05-01 13:30:00,"Punjabi Bagh, Delhi - DPCC",158.0,158.01370238095237,158.08572,0.0137023809523668,0.085723876953125,Poor,Poor,Poor,#FF7E00
2025-05-01 14:30:00,"Punjabi Bagh, Delhi - DPCC",500.0,500.0,499.93866,0.0,0.06134033203125,Severe,Severe,Severe,#8F3F97
2025-05-01 15:30:00,"Punjabi Bagh, Delhi - DPCC",157.0,158.62327380952377,157.99933,1.6232738095237664,0.99932861328125,Poor,Poor,Poor,#FF7E00
2025-05-01 16:30:00,"Punjabi Bagh, Delhi - DPCC",140.0,140.51275396825395,138.23181,0.5127539682539748,1.7681884765625,Poor,Poor,Poor,#FF7E00
2025-05-01 17:30:00,"Punjabi Bagh, Delhi - DPCC",132.0,131.60271753246755,130.83304,0.3972824675324489,1.166961669921875,Poor,Poor,Poor,#FF7E00
2025-05-01 18:30:00,"Punjabi Bagh, Delhi - DPCC",136.0,136.57922943722943,135.93918,0.5792294372294293,0.060821533203125,Poor,Poor,Poor,#FF7E00
2025-05-01 19:30:00,"Punjabi Bagh, Delhi - DPCC",367.0,357.2355616883117,366.56866,9.76443831168831,0.43133544921875,Severe,Severe,Severe,#8F3F97
2025-05-01 20:30:00,"Punjabi Bagh, Delhi - DPCC",324.0,333.21007539682535,324.39297,9.210075396825346,0.392974853515625,Severe,Severe,Severe,#8F3F97
2025-05-01 21:30:00,"Punjabi Bagh, Delhi - DPCC",307.0,309.34261507936515,306.75583,2.342615079365146,0.244171142578125,Severe,Severe,Severe,#8F3F97
2025-05-01 22:30:00,"Punjabi Bagh, Delhi - DPCC",149.0,150.5133531746032,149.54991,1.5133531746031963,0.5499114990234375,Poor,Poor,Poor,#FF7E00
2025-05-01 23:30:00,"Punjabi Bagh, Delhi - DPCC",113.0,118.19001190476196,113.94347,5.1900119047619455,0.9434661865234376,Poor,Poor,Poor,#FF7E00
2025-05-02 00:30:00,"Punjabi Bagh, Delhi - DPCC",80.0,82.98352849927849,80.02642,2.983528499278492,0.0264205932617187,Moderate,Moderate,Moderate,#FFFF00
2025-05-02 01:30:00,"Punjabi Bagh, Delhi - DPCC",70.0,73.83566269841269,69.58694,3.8356626984126905,0.4130630493164062,Moderate,Moderate,Moderate,#FFFF00
2025-05-02 02:30:00,"Punjabi Bagh, Delhi - DPCC",65.0,67.4866904761905,65.49558,2.4866904761905038,0.4955825805664062,Moderate,Moderate,Moderate,#FFFF00
2025-05-02 03:30:00,"Punjabi Bagh, Delhi - DPCC",97.0,85.20022005772007,96.70777,11.799779942279926,0.2922286987304687,Moderate,Moderate,Moderate,#FFFF00
2025-05-02 04:30:00,"Punjabi Bagh, Delhi - DPCC",61.0,66.46325144300144,61.179146,5.46325144300144,0.1791458129882812,Moderate,Moderate,Moderate,#FFFF00
2025-05-02 05:30:00,"Punjabi Bagh, Delhi - DPCC",500.0,375.35284523809526,498.78543,124.64715476190474,1.214569091796875,Severe,Severe,Severe,#8F3F97
2025-05-02 06:30:00,"Punjabi Bagh, Delhi - DPCC",81.0,93.92731024531024,81.41833,12.927310245310238,0.4183273315429687,Moderate,Moderate,Moderate,#FFFF00
2025-05-02 07:30:00,"Punjabi Bagh, Delhi - DPCC",82.0,115.7669054834055,81.89938,33.766905483405495,0.100616455078125,Moderate,Poor,Moderate,#FFFF00
2025-05-02 08:30:00,"Punjabi Bagh, Delhi - DPCC",102.0,99.43236507936508,101.64622,2.567634920634916,0.3537826538085937,Poor,Moderate,Poor,#FF7E00
2025-05-02 09:30:00,"Punjabi Bagh, Delhi - DPCC",100.0,98.73337265512264,100.30335,1.2666273448773495,0.3033523559570312,Moderate,Moderate,Poor,#FFFF00
2025-05-02 10:30:00,"Punjabi Bagh, Delhi - DPCC",102.0,101.08758694083694,101.70831,0.9124130591630576,0.29168701171875,Poor,Poor,Poor,#FF7E00
2025-05-02 11:30:00,"Punjabi Bagh, Delhi - DPCC",93.0,92.30901190476192,93.21436,0.6909880952380831,0.2143630981445312,Moderate,Moderate,Moderate,#FFFF00
2025-05-02 12:30:00,"Punjabi Bagh, Delhi - DPCC",85.0,84.80449206349208,85.13192,0.1955079365079228,0.1319198608398437,Moderate,Moderate,Moderate,#FFFF00
2025-05-02 13:30:00,"Punjabi Bagh, Delhi - DPCC",80.0,80.01441666666669,79.92203,0.0144166666666905,0.077972412109375,Moderate,Moderate,Moderate,#FFFF00
2025-05-02 14:30:00,"Punjabi Bagh, Delhi - DPCC",97.0,96.10703535353538,96.74885,0.8929646464646197,0.2511520385742187,Moderate,Moderate,Moderate,#FFFF00
2025-05-02 15:30:00,"Punjabi Bagh, Delhi - DPCC",130.0,127.72976190476192,129.74802,2.2702380952380707,0.251983642578125,Poor,Poor,Poor,#FF7E00
2025-05-02 16:30:00,"Punjabi Bagh, Delhi - DPCC",151.0,148.32181421356424,150.86198,2.678185786435762,0.1380157470703125,Poor,Poor,Poor,#FF7E00
2025-05-02 17:30:00,"Punjabi Bagh, Delhi - DPCC",156.0,156.3092619047619,155.89655,0.3092619047619109,0.10345458984375,Poor,Poor,Poor,#FF7E00
2025-05-02 18:30:00,"Punjabi Bagh, Delhi - DPCC",297.0,295.06430158730154,296.86646,1.935698412698457,0.133544921875,Very Poor,Very Poor,Very Poor,#FF0000
2025-05-02 19:30:00,"Punjabi Bagh, Delhi - DPCC",330.0,329.48390079365083,330.48538,0.5160992063491676,0.485382080078125,Severe,Severe,Severe,#8F3F97
2025-05-02 20:30:00,"Punjabi Bagh, Delhi - DPCC",332.0,338.388619047619,331.98386,6.388619047618988,0.016143798828125,Severe,Severe,Severe,#8F3F97
2025-05-02 21:30:00,"Punjabi Bagh, Delhi - DPCC",245.0,240.1030634920636,245.25479,4.896936507936431,0.254791259765625,Very Poor,Very Poor,Very Poor,#FF0000
2025-05-02 22:30:00,"Punjabi Bagh, Delhi - DPCC",211.0,198.9750357142858,210.57751,12.02496428571419,0.4224853515625,Very Poor,Poor,Very Poor,#FF0000
2025-05-02 23:30:00,"Punjabi Bagh, Delhi - DPCC",500.0,498.0166666666667,499.99515,1.983333333333292,0.004852294921875,Severe,Severe,Severe,#8F3F97
2025-05-03 00:30:00,"Punjabi Bagh, Delhi - DPCC",201.0,205.22171825396825,201.16447,4.221718253968248,0.1644744873046875,Very Poor,Very Poor,Very Poor,#FF0000
2025-05-03 01:30:00,"Punjabi Bagh, Delhi - DPCC",224.0,225.39217063492072,224.22195,1.392170634920717,0.221954345703125,Very Poor,Very Poor,Very Poor,#FF0000
2025-05-03 02:30:00,"Punjabi Bagh, Delhi - DPCC",231.0,230.35495779220787,230.77466,0.6450422077921303,0.225341796875,Very Poor,Very Poor,Very Poor,#FF0000
2025-05-03 03:30:00,"Punjabi Bagh, Delhi - DPCC",223.0,225.2876785714285,222.9746,2.2876785714285006,0.0254058837890625,Very Poor,Very Poor,Very Poor,#FF0000
2025-05-03 04:30:00,"Punjabi Bagh, Delhi - DPCC",194.0,199.3110519480519,193.9542,5.311051948051897,0.045806884765625,Poor,Poor,Poor,#FF7E00
2025-05-03 05:30:00,"Punjabi Bagh, Delhi - DPCC",500.0,500.0,499.90347,0.0,0.096527099609375,Severe,Severe,Severe,#8F3F97
2025-05-03 06:30:00,"Punjabi Bagh, Delhi - DPCC",167.0,161.31399603174606,165.44093,5.686003968253942,1.5590667724609375,Poor,Poor,Poor,#FF7E00
2025-05-03 07:30:00,"Punjabi Bagh, Delhi - DPCC",141.0,139.15720238095238,140.85999,1.842797619047616,0.1400146484375,Poor,Poor,Poor,#FF7E00
2025-05-03 08:30:00,"Punjabi Bagh, Delhi - DPCC",500.0,500.0,499.98538,0.0,0.014617919921875,Severe,Severe,Severe,#8F3F97
2025-05-03 09:30:00,"Punjabi Bagh, Delhi - DPCC",500.0,497.1183333333333,499.61166,2.8816666666666606,0.388336181640625,Severe,Severe,Severe,#8F3F97
2025-05-03 10:30:00,"Punjabi Bagh, Delhi - DPCC",114.0,134.04034920634925,116.79754,20.040349206349248,2.7975387573242188,Poor,Poor,Poor,#FF7E00
2025-05-03 11:30:00,"Punjabi Bagh, Delhi - DPCC",124.0,125.4827738095238,124.348564,1.482773809523792,0.3485641479492187,Poor,Poor,Poor,#FF7E00
2025-05-03 12:30:00,"Punjabi Bagh, Delhi - DPCC",140.0,138.88155555555556,139.0451,1.1184444444444352,0.95489501953125,Poor,Poor,Poor,#FF7E00
2025-05-03 13:30:00,"Punjabi Bagh, Delhi - DPCC",187.0,186.78883333333323,186.9916,0.2111666666667702,0.0084075927734375,Poor,Poor,Poor,#FF7E00
2025-05-03 14:30:00,"Punjabi Bagh, Delhi - DPCC",194.0,192.51576190476192,193.83932,1.4842380952380836,0.160675048828125,Poor,Poor,Poor,#FF7E00
2025-05-03 15:30:00,"Punjabi Bagh, Delhi - DPCC",163.0,163.65195634920636,163.18143,0.6519563492063583,0.181427001953125,Poor,Poor,Poor,#FF7E00
2025-05-03 16:30:00,"Punjabi Bagh, Delhi - DPCC",500.0,331.81895238095234,498.6014,168.18104761904766,1.398590087890625,Severe,Severe,Severe,#8F3F97
2025-05-03 17:30:00,"Punjabi Bagh, Delhi - DPCC",204.0,204.17936111111115,204.03528,0.1793611111111488,0.0352783203125,Very Poor,Very Poor,Very Poor,#FF0000
2025-05-03 18:30:00,"Punjabi Bagh, Delhi - DPCC",235.0,234.7474242424243,235.04036,0.2525757575756984,0.0403594970703125,Very Poor,Very Poor,Very Poor,#FF0000
2025-05-03 19:30:00,"Punjabi Bagh, Delhi - DPCC",235.0,236.4664361471862,235.02734,1.4664361471861866,0.02734375,Very Poor,Very Poor,Very Poor,#FF0000
2025-05-03 20:30:00,"Punjabi Bagh, Delhi - DPCC",232.0,232.35552525252527,232.05183,0.3555252525252683,0.0518341064453125,Very Poor,Very Poor,Very Poor,#FF0000
2025-05-03 21:30:00,"Punjabi Bagh, Delhi - DPCC",500.0,500.0,499.91962,0.0,0.08038330078125,Severe,Severe,Severe,#8F3F97
2025-05-03 22:30:00,"Punjabi Bagh, Delhi - DPCC",500.0,500.0,499.98065,0.0,0.01934814453125,Severe,Severe,Severe,#8F3F97
2025-05-03 23:30:00,"Punjabi Bagh, Delhi - DPCC",500.0,500.0,500.12653,0.0,0.12652587890625,Severe,Severe,Severe,#8F3F97
2025-05-04 00:30:00,"Punjabi Bagh, Delhi - DPCC",340.0,351.1865515873015,338.79156,11.186551587301494,1.20843505859375,Severe,Severe,Severe,#8F3F97
2025-05-04 01:30:00,"Punjabi Bagh, Delhi - DPCC",352.0,360.5547391774892,351.96393,8.554739177489182,0.03607177734375,Severe,Severe,Severe,#8F3F97
2025-05-04 02:30:00,"Punjabi Bagh, Delhi - DPCC",500.0,420.3957272727272,499.93423,79.60427272727276,0.065765380859375,Severe,Severe,Severe,#8F3F97
2025-05-04 03:30:00,"Punjabi Bagh, Delhi - DPCC",500.0,500.0,499.99738,0.0,0.00262451171875,Severe,Severe,Severe,#8F3F97
2025-05-04 04:30:00,"Punjabi Bagh, Delhi - DPCC",310.0,319.5295119047618,310.0897,9.52951190476182,0.089691162109375,Severe,Severe,Severe,#8F3F97
2025-05-04 05:30:00,"Punjabi Bagh, Delhi - DPCC",293.0,305.06033730158737,292.70398,12.060337301587367,0.2960205078125,Very Poor,Severe,Very Poor,#FF0000
2025-05-04 06:30:00,"Punjabi Bagh, Delhi - DPCC",201.0,234.07441666666665,201.25195,33.07441666666665,0.251953125,Very Poor,Very Poor,Very Poor,#FF0000
2025-05-04 07:30:00,"Punjabi Bagh, Delhi - DPCC",151.0,158.44292532467534,151.8923,7.442925324675343,0.892303466796875,Poor,Poor,Poor,#FF7E00
2025-05-04 08:30:00,"Punjabi Bagh, Delhi - DPCC",135.0,149.0094206349206,135.05736,14.009420634920588,0.0573577880859375,Poor,Poor,Poor,#FF7E00
2025-05-04 09:30:00,"Punjabi Bagh, Delhi - DPCC",121.0,131.23696825396823,121.53239,10.236968253968229,0.5323867797851562,Poor,Poor,Poor,#FF7E00
2025-05-04 10:30:00,"Punjabi Bagh, Delhi - DPCC",150.0,142.68451984126983,149.46698,7.315480158730168,0.53302001953125,Poor,Poor,Poor,#FF7E00
2025-05-04 11:30:00,"Punjabi Bagh, Delhi - DPCC",134.0,136.97923412698412,133.97603,2.9792341269841245,0.0239715576171875,Poor,Poor,Poor,#FF7E00
2025-05-04 12:30:00,"Punjabi Bagh, Delhi - DPCC",500.0,500.0,499.926,0.0,0.074005126953125,Severe,Severe,Severe,#8F3F97
2025-05-04 13:30:00,"Punjabi Bagh, Delhi - DPCC",116.0,119.69444627594628,115.603676,3.694446275946291,0.3963241577148437,Poor,Poor,Poor,#FF7E00
2025-05-04 14:30:00,"Punjabi Bagh, Delhi - DPCC",500.0,500.0,499.8749,0.0,0.125091552734375,Severe,Severe,Severe,#8F3F97
2025-05-04 15:30:00,"Punjabi Bagh, Delhi - DPCC",148.0,147.92779761904762,148.89357,0.0722023809523761,0.8935699462890625,Poor,Poor,Poor,#FF7E00
2025-05-04 16:30:00,"Punjabi Bagh, Delhi - DPCC",158.0,159.54321825396823,158.31804,1.5432182539682344,0.3180389404296875,Poor,Poor,Poor,#FF7E00
2025-05-04 17:30:00,"Punjabi Bagh, Delhi - DPCC",134.0,134.07246031746033,134.32362,0.072460317460326,0.3236236572265625,Poor,Poor,Poor,#FF7E00
2025-05-04 18:30:00,"Punjabi Bagh, Delhi - DPCC",118.0,119.12376190476188,117.90943,1.123761904761892,0.0905685424804687,Poor,Poor,Poor,#FF7E00
2025-05-04 19:30:00,"Punjabi Bagh, Delhi - DPCC",90.0,90.17667857142855,90.15239,0.1766785714285674,0.1523895263671875,Moderate,Moderate,Moderate,#FFFF00
2025-05-04 20:30:00,"Punjabi Bagh, Delhi - DPCC",66.0,72.19093434343435,66.26756,6.19093434343435,0.2675628662109375,Moderate,Moderate,Moderate,#FFFF00
2025-05-04 21:30:00,"Punjabi Bagh, Delhi - DPCC",73.0,73.71115115440114,72.89157,0.7111511544011364,0.108428955078125,Moderate,Moderate,Moderate,#FFFF00
2025-05-04 22:30:00,"Punjabi Bagh, Delhi - DPCC",74.0,72.75262698412699,73.8158,1.2473730158730092,0.1841964721679687,Moderate,Moderate,Moderate,#FFFF00
2025-05-04 23:30:00,"Punjabi Bagh, Delhi - DPCC",500.0,370.8048452380953,499.86502,129.1951547619047,0.134979248046875,Severe,Severe,Severe,#8F3F97
2025-05-05 00:30:00,"Punjabi Bagh, Delhi - DPCC",500.0,497.1908333333333,499.69507,2.8091666666666697,0.304931640625,Severe,Severe,Severe,#8F3F97
2025-05-05 01:30:00,"Punjabi Bagh, Delhi - DPCC",94.0,102.973619047619,94.97016,8.97361904761901,0.9701614379882812,Moderate,Poor,Moderate,#FFFF00
2025-05-05 02:30:00,"Punjabi Bagh, Delhi - DPCC",98.0,97.18333333333334,97.777824,0.8166666666666629,0.2221755981445312,Moderate,Moderate,Moderate,#FFFF00
2025-05-05 03:30:00,"Punjabi Bagh, Delhi - DPCC",500.0,490.184,499.66208,9.815999999999974,0.337921142578125,Severe,Severe,Severe,#8F3F97
2025-05-05 04:30:00,"Punjabi Bagh, Delhi - DPCC",100.0,101.5403253968254,100.221275,1.5403253968254091,0.2212753295898437,Moderate,Poor,Poor,#FFFF00
2025-05-05 05:30:00,"Punjabi Bagh, Delhi - DPCC",104.0,102.60640476190476,103.214745,1.3935952380952443,0.7852554321289062,Poor,Poor,Poor,#FF7E00
2025-05-05 06:30:00,"Punjabi Bagh, Delhi - DPCC",122.0,108.48762698412698,121.897545,13.512373015873024,0.1024551391601562,Poor,Poor,Poor,#FF7E00
2025-05-05 07:30:00,"Punjabi Bagh, Delhi - DPCC",96.0,93.71994444444448,95.95985,2.2800555555555206,0.0401535034179687,Moderate,Moderate,Moderate,#FFFF00
2025-05-05 08:30:00,"Punjabi Bagh, Delhi - DPCC",110.0,108.43971031746032,109.97464,1.5602896825396757,0.025360107421875,Poor,Poor,Poor,#FF7E00
2025-05-05 09:30:00,"Punjabi Bagh, Delhi - DPCC",129.0,123.64050335775336,128.70692,5.359496642246626,0.2930755615234375,Poor,Poor,Poor,#FF7E00
2025-05-05 10:30:00,"Punjabi Bagh, Delhi - DPCC",500.0,500.0,499.92453,0.0,0.075469970703125,Severe,Severe,Severe,#8F3F97
2025-05-05 11:30:00,"Punjabi Bagh, Delhi - DPCC",101.0,101.7636984126984,101.71335,0.763698412698389,0.713348388671875,Poor,Poor,Poor,#FF7E00
2025-05-05 12:30:00,"Punjabi Bagh, Delhi - DPCC",500.0,500.0,499.9546,0.0,0.04541015625,Severe,Severe,Severe,#8F3F97
2025-05-05 13:30:00,"Punjabi Bagh, Delhi - DPCC",500.0,500.0,499.95203,0.0,0.0479736328125,Severe,Severe,Severe,#8F3F97
2025-05-05 14:30:00,"Punjabi Bagh, Delhi - DPCC",127.0,127.11618253968253,127.24869,0.1161825396825264,0.248687744140625,Poor,Poor,Poor,#FF7E00
2025-05-05 15:30:00,"Punjabi Bagh, Delhi - DPCC",130.0,129.62686111111114,128.83296,0.3731388888888602,1.1670379638671875,Poor,Poor,Poor,#FF7E00
2025-05-05 16:30:00,"Punjabi Bagh, Delhi - DPCC",123.0,123.22496428571432,123.55085,0.2249642857143072,0.5508499145507812,Poor,Poor,Poor,#FF7E00
2025-05-05 17:30:00,"Punjabi Bagh, Delhi - DPCC",500.0,500.0,500.01498,0.0,0.014984130859375,Severe,Severe,Severe,#8F3F97
2025-05-05 18:30:00,"Punjabi Bagh, Delhi - DPCC",500.0,500.0,500.0595,0.0,0.05950927734375,Severe,Severe,Severe,#8F3F97
2025-05-05 19:30:00,"Punjabi Bagh, Delhi - DPCC",134.0,138.6099007936508,133.65044,4.609900793650809,0.3495635986328125,Poor,Poor,Poor,#FF7E00
2025-05-05 20:30:00,"Punjabi Bagh, Delhi - DPCC",116.0,116.33121611721612,116.22198,0.3312161172161296,0.2219772338867187,Poor,Poor,Poor,#FF7E00
2025-05-05 21:30:00,"Punjabi Bagh, Delhi - DPCC",500.0,325.0002936507936,499.94543,174.9997063492064,0.0545654296875,Severe,Severe,Severe,#8F3F97
2025-05-05 22:30:00,"Punjabi Bagh, Delhi - DPCC",100.0,97.71633730158736,100.41148,2.283662698412641,0.4114837646484375,Moderate,Moderate,Poor,#FFFF00
2025-05-05 23:30:00,"Punjabi Bagh, Delhi - DPCC",84.0,91.21115873015872,84.46663,7.211158730158715,0.4666290283203125,Moderate,Moderate,Moderate,#FFFF00
2025-05-06 00:30:00,"Punjabi Bagh, Delhi - DPCC",500.0,488.25125,499.88425,11.748749999999973,0.115753173828125,Severe,Severe,Severe,#8F3F97
2025-05-06 01:30:00,"Punjabi Bagh, Delhi - DPCC",500.0,500.0,499.92227,0.0,0.077728271484375,Severe,Severe,Severe,#8F3F97
2025-05-06 02:30:00,"Punjabi Bagh, Delhi - DPCC",500.0,500.0,500.0652,0.0,0.065185546875,Severe,Severe,Severe,#8F3F97
2025-05-06 03:30:00,"Punjabi Bagh, Delhi - DPCC",500.0,500.0,499.99878,0.0,0.001220703125,Severe,Severe,Severe,#8F3F97
2025-05-06 04:30:00,"Punjabi Bagh, Delhi - DPCC",112.0,110.83119047619049,111.60469,1.1688095238095286,0.3953094482421875,Poor,Poor,Poor,#FF7E00
2025-05-06 05:30:00,"Punjabi Bagh, Delhi - DPCC",99.0,106.7688293650794,100.31457,7.768829365079412,1.3145675659179688,Moderate,Poor,Poor,#FFFF00
2025-05-06 06:30:00,"Punjabi Bagh, Delhi - DPCC",181.0,164.5510292207792,180.00977,16.448970779220787,0.990234375,Poor,Poor,Poor,#FF7E00
2025-05-06 07:30:00,"Punjabi Bagh, Delhi - DPCC",162.0,154.28149819624815,161.54912,7.718501803751849,0.4508819580078125,Poor,Poor,Poor,#FF7E00
2025-05-06 08:30:00,"Punjabi Bagh, Delhi - DPCC",500.0,497.205,500.19855,2.795000000000016,0.19854736328125,Severe,Severe,Severe,#8F3F97
2025-05-06 09:30:00,"Punjabi Bagh, Delhi - DPCC",159.0,153.9310735930736,158.4292,5.068926406926408,0.57080078125,Poor,Poor,Poor,#FF7E00
2025-05-06 10:30:00,"Punjabi Bagh, Delhi - DPCC",163.0,158.41774422799423,162.86638,4.582255772005766,0.1336212158203125,Poor,Poor,Poor,#FF7E00
2025-05-06 11:30:00,"Punjabi Bagh, Delhi - DPCC",162.0,156.55332142857148,161.86655,5.446678571428521,0.133453369140625,Poor,Poor,Poor,#FF7E00
2025-05-06 12:30:00,"Punjabi Bagh, Delhi - DPCC",123.0,123.52485317460314,123.13017,0.5248531746031375,0.1301727294921875,Poor,Poor,Poor,#FF7E00
2025-05-06 13:30:00,"Punjabi Bagh, Delhi - DPCC",101.0,101.8124285714286,102.19378,0.8124285714286117,1.1937789916992188,Poor,Poor,Poor,#FF7E00
2025-05-06 14:30:00,"Punjabi Bagh, Delhi - DPCC",112.0,112.709753968254,112.77476,0.7097539682539917,0.7747573852539062,Poor,Poor,Poor,#FF7E00
2025-05-06 15:30:00,"Punjabi Bagh, Delhi - DPCC",117.0,118.33372985347984,116.511246,1.333729853479852,0.4887542724609375,Poor,Poor,Poor,#FF7E00
2025-05-06 16:30:00,"Punjabi Bagh, Delhi - DPCC",125.0,125.1869838217338,125.00786,0.1869838217338042,0.0078582763671875,Poor,Poor,Poor,#FF7E00
2025-05-06 17:30:00,"Punjabi Bagh, Delhi - DPCC",148.0,148.357253968254,148.03351,0.3572539682539855,0.03350830078125,Poor,Poor,Poor,#FF7E00
2025-05-06 18:30:00,"Punjabi Bagh, Delhi - DPCC",126.0,126.60451190476194,126.283394,0.6045119047619352,0.2833938598632812,Poor,Poor,Poor,#FF7E00
2025-05-06 19:30:00,"Punjabi Bagh, Delhi - DPCC",108.0,108.72921031746031,108.489296,0.7292103174603284,0.4892959594726562,Poor,Poor,Poor,#FF7E00
2025-05-06 20:30:00,"Punjabi Bagh, Delhi - DPCC",114.0,111.8637310744811,113.38106,2.1362689255189053,0.6189422607421875,Poor,Poor,Poor,#FF7E00
2025-05-06 21:30:00,"Punjabi Bagh, Delhi - DPCC",96.0,92.82866269841271,95.949356,3.171337301587286,0.0506439208984375,Moderate,Moderate,Moderate,#FFFF00
2025-05-06 22:30:00,"Punjabi Bagh, Delhi - DPCC",93.0,92.68836507936504,93.84538,0.3116349206349582,0.8453826904296875,Moderate,Moderate,Moderate,#FFFF00
2025-05-06 23:30:00,"Punjabi Bagh, Delhi - DPCC",100.0,100.33939285714288,99.502304,0.3393928571428688,0.4976959228515625,Moderate,Poor,Moderate,#FFFF00
2025-05-07 00:30:00,"Punjabi Bagh, Delhi - DPCC",107.0,107.39623412698413,106.83193,0.3962341269841118,0.1680679321289062,Poor,Poor,Poor,#FF7E00
2025-05-07 04:30:00,"Punjabi Bagh, Delhi - DPCC",134.0,134.82724206349206,133.9294,0.827242063492065,0.0706024169921875,Poor,Poor,Poor,#FF7E00
2025-05-07 05:30:00,"Punjabi Bagh, Delhi - DPCC",328.0,326.73549999999994,327.55048,1.264500000000055,0.44952392578125,Severe,Severe,Severe,#8F3F97
2025-05-07 06:30:00,"Punjabi Bagh, Delhi - DPCC",302.0,309.17989538239544,302.2178,7.1798953823954434,0.217803955078125,Severe,Severe,Severe,#8F3F97
2025-05-07 07:30:00,"Punjabi Bagh, Delhi - DPCC",154.0,150.13079365079363,153.70558,3.869206349206365,0.2944183349609375,Poor,Poor,Poor,#FF7E00
2025-05-07 08:30:00,"Punjabi Bagh, Delhi - DPCC",150.0,146.18911904761907,150.12181,3.810880952380927,0.1218109130859375,Poor,Poor,Poor,#FF7E00
2025-05-07 09:30:00,"Punjabi Bagh, Delhi - DPCC",165.0,156.6367817460318,164.20012,8.3632182539682,0.7998809814453125,Poor,Poor,Poor,#FF7E00
2025-05-07 10:30:00,"Punjabi Bagh, Delhi - DPCC",110.0,111.17861507936504,110.88667,1.178615079365045,0.8866729736328125,Poor,Poor,Poor,#FF7E00
2025-05-07 11:30:00,"Punjabi Bagh, Delhi - DPCC",139.0,137.6131626984127,139.00972,1.386837301587292,0.0097198486328125,Poor,Poor,Poor,#FF7E00
2025-05-07 12:30:00,"Punjabi Bagh, Delhi - DPCC",136.0,135.62112301587302,135.92813,0.3788769841269754,0.071868896484375,Poor,Poor,Poor,#FF7E00
2025-05-08 01:30:00,"Punjabi Bagh, Delhi - DPCC",304.0,301.7234404761905,303.90024,2.27655952380951,0.099761962890625,Severe,Severe,Severe,#8F3F97
2025-05-08 02:30:00,"Punjabi Bagh, Delhi - DPCC",303.0,304.9688095238096,302.6352,1.9688095238095684,0.36480712890625,Severe,Severe,Severe,#8F3F97
2025-05-08 03:30:00,"Punjabi Bagh, Delhi - DPCC",280.0,283.1904007936509,281.35272,3.1904007936508947,1.35272216796875,Very Poor,Very Poor,Very Poor,#FF0000
2025-05-08 04:30:00,"Punjabi Bagh, Delhi - DPCC",226.0,222.28314285714305,226.07773,3.716857142856981,0.077728271484375,Very Poor,Very Poor,Very Poor,#FF0000
2025-05-08 05:30:00,"Punjabi Bagh, Delhi - DPCC",148.0,145.44665079365075,147.81804,2.553349206349253,0.1819610595703125,Poor,Poor,Poor,#FF7E00
2025-05-08 07:30:00,"Punjabi Bagh, Delhi - DPCC",188.0,176.73596031746038,187.02501,11.264039682539618,0.9749908447265624,Poor,Poor,Poor,#FF7E00
2025-05-08 08:30:00,"Punjabi Bagh, Delhi - DPCC",114.0,131.99090079365075,115.63227,17.990900793650752,1.6322708129882812,Poor,Poor,Poor,#FF7E00
2025-05-08 09:30:00,"Punjabi Bagh, Delhi - DPCC",83.0,109.87947619047618,83.32595,26.879476190476183,0.3259506225585937,Moderate,Poor,Moderate,#FFFF00
2025-05-08 10:30:00,"Punjabi Bagh, Delhi - DPCC",91.0,90.20393650793656,91.102425,0.7960634920634533,0.1024246215820312,Moderate,Moderate,Moderate,#FFFF00
2025-05-08 11:30:00,"Punjabi Bagh, Delhi - DPCC",153.0,135.14927380952383,152.60826,17.850726190476166,0.3917388916015625,Poor,Poor,Poor,#FF7E00
2025-05-08 12:30:00,"Punjabi Bagh, Delhi - DPCC",111.0,111.18742551892552,110.79707,0.1874255189255222,0.2029266357421875,Poor,Poor,Poor,#FF7E00
2025-05-08 13:30:00,"Punjabi Bagh, Delhi - DPCC",130.0,129.02311038961045,129.85954,0.9768896103895486,0.1404571533203125,Poor,Poor,Poor,#FF7E00
2025-05-08 14:30:00,"Punjabi Bagh, Delhi - DPCC",144.0,144.0501825396825,145.63461,0.0501825396825097,1.634613037109375,Poor,Poor,Poor,#FF7E00
2025-05-08 15:30:00,"Punjabi Bagh, Delhi - DPCC",155.0,155.22541666666663,154.90643,0.2254166666666321,0.09356689453125,Poor,Poor,Poor,#FF7E00
2025-05-08 16:30:00,"Punjabi Bagh, Delhi - DPCC",169.0,169.62299206349206,168.83386,0.6229920634920632,0.1661376953125,Poor,Poor,Poor,#FF7E00
2025-05-08 17:30:00,"Punjabi Bagh, Delhi - DPCC",200.0,201.813246031746,199.84515,1.8132460317460184,0.15484619140625,Poor,Very Poor,Poor,#FF7E00
2025-05-08 18:30:00,"Punjabi Bagh, Delhi - DPCC",206.0,205.414126984127,205.88635,0.5858730158730054,0.1136474609375,Very Poor,Very Poor,Very Poor,#FF0000
2025-05-08 19:30:00,"Punjabi Bagh, Delhi - DPCC",212.0,212.83242857142855,211.82759,0.8324285714285793,0.1724090576171875,Very Poor,Very Poor,Very Poor,#FF0000
2025-05-08 20:30:00,"Punjabi Bagh, Delhi - DPCC",262.0,267.7785595238095,261.4881,5.77855952380952,0.51190185546875,Very Poor,Very Poor,Very Poor,#FF0000
2025-05-08 21:30:00,"Punjabi Bagh, Delhi - DPCC",201.0,196.30080158730155,201.43985,4.6991984126984505,0.439849853515625,Very Poor,Poor,Very Poor,#FF0000
2025-05-08 22:30:00,"Punjabi Bagh, Delhi - DPCC",155.0,150.81506349206347,154.80649,4.184936507936527,0.193511962890625,Poor,Poor,Poor,#FF7E00
2025-05-08 23:30:00,"Punjabi Bagh, Delhi - DPCC",128.0,130.20350793650795,128.19865,2.203507936507947,0.1986541748046875,Poor,Poor,Poor,#FF7E00
2025-05-09 00:30:00,"Punjabi Bagh, Delhi - DPCC",137.0,137.04716269841268,136.70758,0.0471626984126771,0.29241943359375,Poor,Poor,Poor,#FF7E00
2025-05-09 01:30:00,"Punjabi Bagh, Delhi - DPCC",181.0,182.35095634920637,181.22589,1.350956349206342,0.22589111328125,Poor,Poor,Poor,#FF7E00
2025-05-09 02:30:00,"Punjabi Bagh, Delhi - DPCC",213.0,212.29676587301591,212.93063,0.7032341269840856,0.069366455078125,Very Poor,Very Poor,Very Poor,#FF0000
2025-05-09 03:30:00,"Punjabi Bagh, Delhi - DPCC",157.0,154.83656746031747,156.73456,2.163432539682532,0.26544189453125,Poor,Poor,Poor,#FF7E00
2025-05-09 04:30:00,"Punjabi Bagh, Delhi - DPCC",172.0,165.349503968254,171.83144,6.650496031746002,0.1685638427734375,Poor,Poor,Poor,#FF7E00
2025-05-09 05:30:00,"Punjabi Bagh, Delhi - DPCC",153.0,156.01150396825398,153.17593,3.011503968253976,0.175933837890625,Poor,Poor,Poor,#FF7E00
2025-05-09 06:30:00,"Punjabi Bagh, Delhi - DPCC",165.0,160.3384285714286,164.78168,4.661571428571392,0.21832275390625,Poor,Poor,Poor,#FF7E00
2025-05-09 07:30:00,"Punjabi Bagh, Delhi - DPCC",131.0,125.60302716727716,130.90292,5.396972832722852,0.097076416015625,Poor,Poor,Poor,#FF7E00
2025-05-09 08:30:00,"Punjabi Bagh, Delhi - DPCC",113.0,114.65929456654456,112.77367,1.6592945665445455,0.2263336181640625,Poor,Poor,Poor,#FF7E00
2025-05-09 09:30:00,"Punjabi Bagh, Delhi - DPCC",128.0,126.3158724053724,127.856575,1.6841275946276113,0.1434249877929687,Poor,Poor,Poor,#FF7E00
2025-05-09 10:30:00,"Punjabi Bagh, Delhi - DPCC",129.0,130.0345589133089,128.8389,1.0345589133088993,0.161102294921875,Poor,Poor,Poor,#FF7E00
2025-05-09 11:30:00,"Punjabi Bagh, Delhi - DPCC",110.0,114.89875793650792,109.95233,4.898757936507934,0.04766845703125,Poor,Poor,Poor,#FF7E00
2025-05-09 12:30:00,"Punjabi Bagh, Delhi - DPCC",89.0,91.01575793650792,88.78239,2.0157579365079243,0.2176132202148437,Moderate,Moderate,Moderate,#FFFF00
2025-05-09 13:30:00,"Punjabi Bagh, Delhi - DPCC",79.0,80.2893015873016,79.56754,1.289301587301594,0.5675430297851562,Moderate,Moderate,Moderate,#FFFF00
2025-05-09 14:30:00,"Punjabi Bagh, Delhi - DPCC",500.0,495.0525,499.7755,4.947499999999991,0.2244873046875,Severe,Severe,Severe,#8F3F97
2025-05-09 15:30:00,"Punjabi Bagh, Delhi - DPCC",112.0,113.08035317460312,111.41885,1.0803531746031323,0.581146240234375,Poor,Poor,Poor,#FF7E00
2025-05-09 16:30:00,"Punjabi Bagh, Delhi - DPCC",500.0,494.3775,499.83954,5.622500000000002,0.16046142578125,Severe,Severe,Severe,#8F3F97
2025-05-09 17:30:00,"Punjabi Bagh, Delhi - DPCC",186.0,198.82958730158728,186.89954,12.82958730158728,0.8995361328125,Poor,Poor,Poor,#FF7E00
2025-05-09 18:30:00,"Punjabi Bagh, Delhi - DPCC",500.0,500.0,499.95074,0.0,0.04925537109375,Severe,Severe,Severe,#8F3F97
2025-05-09 19:30:00,"Punjabi Bagh, Delhi - DPCC",266.0,268.0412261904762,266.5108,2.041226190476209,0.51080322265625,Very Poor,Very Poor,Very Poor,#FF0000
2025-05-09 20:30:00,"Punjabi Bagh, Delhi - DPCC",262.0,269.3643095238096,261.60843,7.364309523809595,0.391571044921875,Very Poor,Very Poor,Very Poor,#FF0000
2025-05-09 21:30:00,"Punjabi Bagh, Delhi - DPCC",301.0,302.45167316017324,301.95993,1.451673160173243,0.959930419921875,Severe,Severe,Severe,#8F3F97
2025-05-09 22:30:00,"Punjabi Bagh, Delhi - DPCC",308.0,307.90955555555564,307.82803,0.0904444444443584,0.171966552734375,Severe,Severe,Severe,#8F3F97
2025-05-09 23:30:00,"Punjabi Bagh, Delhi - DPCC",303.0,303.02530952380954,303.1416,0.0253095238095397,0.1416015625,Severe,Severe,Severe,#8F3F97
2025-05-10 00:30:00,"Punjabi Bagh, Delhi - DPCC",305.0,305.0379960317461,304.6005,0.0379960317461041,0.399505615234375,Severe,Severe,Severe,#8F3F97
2025-05-10 01:30:00,"Punjabi Bagh, Delhi - DPCC",312.0,311.99797130647136,312.1595,0.0020286935286435,0.15948486328125,Severe,Severe,Severe,#8F3F97
2025-05-10 02:30:00,"Punjabi Bagh, Delhi - DPCC",329.0,329.2114603174603,328.11804,0.2114603174603075,0.8819580078125,Severe,Severe,Severe,#8F3F97
2025-05-10 03:30:00,"Punjabi Bagh, Delhi - DPCC",360.0,366.91442352092366,359.81128,6.914423520923663,0.188720703125,Severe,Severe,Severe,#8F3F97
2025-05-10 04:30:00,"Punjabi Bagh, Delhi - DPCC",318.0,336.9022359307359,317.7957,18.902235930735912,0.204315185546875,Severe,Severe,Severe,#8F3F97
2025-05-10 05:30:00,"Punjabi Bagh, Delhi - DPCC",190.0,188.54671572871572,189.28644,1.4532842712842466,0.71356201171875,Poor,Poor,Poor,#FF7E00
2025-05-10 06:30:00,"Punjabi Bagh, Delhi - DPCC",175.0,162.15100144300143,173.80598,12.848998556998566,1.1940155029296875,Poor,Poor,Poor,#FF7E00
2025-05-10 07:30:00,"Punjabi Bagh, Delhi - DPCC",175.0,168.8092276334776,174.59143,6.190772366522396,0.4085693359375,Poor,Poor,Poor,#FF7E00
2025-05-10 08:30:00,"Punjabi Bagh, Delhi - DPCC",179.0,159.74976984126985,178.75284,19.250230158730147,0.247161865234375,Poor,Poor,Poor,#FF7E00
2025-05-10 09:30:00,"Punjabi Bagh, Delhi - DPCC",136.0,139.11108333333334,136.07281,3.1110833333333403,0.07281494140625,Poor,Poor,Poor,#FF7E00
2025-05-10 10:30:00,"Punjabi Bagh, Delhi - DPCC",114.0,111.86105158730156,113.89889,2.13894841269844,0.1011123657226562,Poor,Poor,Poor,#FF7E00
2025-05-10 11:30:00,"Punjabi Bagh, Delhi - DPCC",93.0,93.70104365079364,92.81303,0.7010436507936362,0.1869735717773437,Moderate,Moderate,Moderate,#FFFF00
2025-05-10 12:30:00,"Punjabi Bagh, Delhi - DPCC",94.0,94.61744444444444,94.49334,0.6174444444444447,0.4933395385742187,Moderate,Moderate,Moderate,#FFFF00
2025-05-10 13:30:00,"Punjabi Bagh, Delhi - DPCC",500.0,491.196,499.92532,8.80400000000003,0.074676513671875,Severe,Severe,Severe,#8F3F97
2025-05-10 14:30:00,"Punjabi Bagh, Delhi - DPCC",500.0,500.0,499.95987,0.0,0.040130615234375,Severe,Severe,Severe,#8F3F97
2025-05-10 15:30:00,"Punjabi Bagh, Delhi - DPCC",500.0,500.0,499.86072,0.0,0.1392822265625,Severe,Severe,Severe,#8F3F97
2025-05-10 16:30:00,"Punjabi Bagh, Delhi - DPCC",118.0,118.02288492063497,118.52682,0.0228849206349508,0.5268173217773438,Poor,Poor,Poor,#FF7E00
2025-05-10 17:30:00,"Punjabi Bagh, Delhi - DPCC",122.0,124.306503968254,123.19284,2.306503968254006,1.192840576171875,Poor,Poor,Poor,#FF7E00
2025-05-10 19:30:00,"Punjabi Bagh, Delhi - DPCC",156.0,154.95023412698418,156.05054,1.049765873015815,0.050537109375,Poor,Poor,Poor,#FF7E00
2025-05-10 20:30:00,"Punjabi Bagh, Delhi - DPCC",190.0,193.6741626984127,189.93163,3.674162698412687,0.0683746337890625,Poor,Poor,Poor,#FF7E00
2025-05-10 21:30:00,"Punjabi Bagh, Delhi - DPCC",176.0,171.98271825396827,175.95337,4.017281746031728,0.046630859375,Poor,Poor,Poor,#FF7E00
2025-05-10 22:30:00,"Punjabi Bagh, Delhi - DPCC",500.0,500.0,499.95013,0.0,0.04986572265625,Severe,Severe,Severe,#8F3F97
2025-05-10 23:30:00,"Punjabi Bagh, Delhi - DPCC",172.0,171.2275873015873,171.49051,0.772412698412694,0.509490966796875,Poor,Poor,Poor,#FF7E00
2025-05-11 00:30:00,"Punjabi Bagh, Delhi - DPCC",112.0,114.6005873015873,113.37721,2.6005873015872965,1.3772125244140625,Poor,Poor,Poor,#FF7E00
2025-05-11 01:30:00,"Punjabi Bagh, Delhi - DPCC",117.0,117.84509523809528,117.46009,0.8450952380952685,0.4600906372070312,Poor,Poor,Poor,#FF7E00
2025-05-11 02:30:00,"Punjabi Bagh, Delhi - DPCC",126.0,126.93241666666668,125.84454,0.9324166666666684,0.15545654296875,Poor,Poor,Poor,#FF7E00
2025-05-11 03:30:00,"Punjabi Bagh, Delhi - DPCC",161.0,159.48797943722946,160.7255,1.5120205627705443,0.274505615234375,Poor,Poor,Poor,#FF7E00
2025-05-11 04:30:00,"Punjabi Bagh, Delhi - DPCC",169.0,170.1464365079365,169.39197,1.1464365079364995,0.3919677734375,Poor,Poor,Poor,#FF7E00
2025-05-11 05:30:00,"Punjabi Bagh, Delhi - DPCC",179.0,163.76520238095236,178.20897,15.23479761904764,0.7910308837890625,Poor,Poor,Poor,#FF7E00
2025-05-11 06:30:00,"Punjabi Bagh, Delhi - DPCC",80.0,112.65957142857138,81.39227,32.65957142857138,1.39227294921875,Moderate,Poor,Moderate,#FFFF00
2025-05-11 07:30:00,"Punjabi Bagh, Delhi - DPCC",69.0,94.21328174603175,69.493866,25.213281746031768,0.493865966796875,Moderate,Moderate,Moderate,#FFFF00
2025-05-11 08:30:00,"Punjabi Bagh, Delhi - DPCC",69.0,67.73318253968255,68.99883,1.266817460317455,0.0011672973632812,Moderate,Moderate,Moderate,#FFFF00
2025-05-11 09:30:00,"Punjabi Bagh, Delhi - DPCC",190.0,181.82609523809523,189.82234,8.173904761904765,0.1776580810546875,Poor,Poor,Poor,#FF7E00
2025-05-11 10:30:00,"Punjabi Bagh, Delhi - DPCC",500.0,496.435,499.97562,3.5649999999999977,0.024383544921875,Severe,Severe,Severe,#8F3F97
2025-05-11 11:30:00,"Punjabi Bagh, Delhi - DPCC",182.0,172.96684126984127,181.02174,9.033158730158732,0.9782562255859376,Poor,Poor,Poor,#FF7E00
2025-05-11 12:30:00,"Punjabi Bagh, Delhi - DPCC",500.0,500.0,499.98758,0.0,0.012420654296875,Severe,Severe,Severe,#8F3F97
2025-05-11 13:30:00,"Punjabi Bagh, Delhi - DPCC",123.0,123.09616666666663,123.210625,0.0961666666666474,0.2106246948242187,Poor,Poor,Poor,#FF7E00
2025-05-11 14:30:00,"Punjabi Bagh, Delhi - DPCC",500.0,500.0,499.96857,0.0,0.03143310546875,Severe,Severe,Severe,#8F3F97
2025-05-11 15:30:00,"Punjabi Bagh, Delhi - DPCC",500.0,496.307,500.02185,3.693000000000041,0.0218505859375,Severe,Severe,Severe,#8F3F97
2025-05-11 16:30:00,"Punjabi Bagh, Delhi - DPCC",145.0,143.11889285714287,145.25172,1.8811071428571324,0.2517242431640625,Poor,Poor,Poor,#FF7E00
2025-05-11 17:30:00,"Punjabi Bagh, Delhi - DPCC",140.0,140.4181507936508,140.68217,0.4181507936507955,0.6821746826171875,Poor,Poor,Poor,#FF7E00
2025-05-11 18:30:00,"Punjabi Bagh, Delhi - DPCC",113.0,113.51754365079368,112.77852,0.5175436507936695,0.2214813232421875,Poor,Poor,Poor,#FF7E00
2025-05-11 19:30:00,"Punjabi Bagh, Delhi - DPCC",64.0,76.54842063492065,64.53225,12.548420634920646,0.5322494506835938,Moderate,Moderate,Moderate,#FFFF00
2025-05-11 20:30:00,"Punjabi Bagh, Delhi - DPCC",76.0,76.85239935064939,75.92686,0.8523993506493923,0.0731430053710937,Moderate,Moderate,Moderate,#FFFF00
2025-05-11 21:30:00,"Punjabi Bagh, Delhi - DPCC",94.0,89.70343650793649,93.879715,4.2965634920635125,0.1202850341796875,Moderate,Moderate,Moderate,#FFFF00
2025-05-11 22:30:00,"Punjabi Bagh, Delhi - DPCC",95.0,94.36692063492067,94.74433,0.6330793650793254,0.2556686401367187,Moderate,Moderate,Moderate,#FFFF00
2025-05-11 23:30:00,"Punjabi Bagh, Delhi - DPCC",93.0,93.9943531746032,92.92018,0.9943531746031908,0.0798187255859375,Moderate,Moderate,Moderate,#FFFF00
2025-05-12 00:30:00,"Punjabi Bagh, Delhi - DPCC",90.0,90.0442142857143,90.18078,0.0442142857143039,0.1807785034179687,Moderate,Moderate,Moderate,#FFFF00
2025-05-12 01:30:00,"Punjabi Bagh, Delhi - DPCC",100.0,98.68515836940836,99.94958,1.31484163059163,0.0504226684570312,Moderate,Moderate,Moderate,#FFFF00
2025-05-12 02:30:00,"Punjabi Bagh, Delhi - DPCC",123.0,124.9669285714286,122.59672,1.966928571428596,0.4032821655273437,Poor,Poor,Poor,#FF7E00
2025-05-12 03:30:00,"Punjabi Bagh, Delhi - DPCC",156.0,153.81275000000002,155.85489,2.187249999999977,0.145111083984375,Poor,Poor,Poor,#FF7E00
2025-05-12 04:30:00,"Punjabi Bagh, Delhi - DPCC",179.0,169.69858333333335,179.0485,9.301416666666654,0.048492431640625,Poor,Poor,Poor,#FF7E00
2025-05-12 05:30:00,"Punjabi Bagh, Delhi - DPCC",245.0,253.050253968254,244.95467,8.050253968253998,0.0453338623046875,Very Poor,Very Poor,Very Poor,#FF0000
2025-05-12 06:30:00,"Punjabi Bagh, Delhi - DPCC",125.0,131.66677777777778,125.232834,6.6667777777777815,0.2328338623046875,Poor,Poor,Poor,#FF7E00
2025-05-12 07:30:00,"Punjabi Bagh, Delhi - DPCC",98.0,114.10781746031742,98.37848,16.10781746031742,0.37847900390625,Moderate,Poor,Moderate,#FFFF00
2025-05-12 08:30:00,"Punjabi Bagh, Delhi - DPCC",103.0,103.22478174603177,103.06618,0.224781746031752,0.0661773681640625,Poor,Poor,Poor,#FF7E00
2025-05-12 09:30:00,"Punjabi Bagh, Delhi - DPCC",109.0,110.21828571428574,108.901985,1.2182857142857415,0.0980148315429687,Poor,Poor,Poor,#FF7E00
2025-05-12 10:30:00,"Punjabi Bagh, Delhi - DPCC",110.0,114.9886031746032,110.699394,4.988603174603213,0.6993942260742188,Poor,Poor,Poor,#FF7E00
2025-05-12 11:30:00,"Punjabi Bagh, Delhi - DPCC",162.0,152.9270357142857,161.50253,9.072964285714336,0.497467041015625,Poor,Poor,Poor,#FF7E00
2025-05-12 12:30:00,"Punjabi Bagh, Delhi - DPCC",136.0,135.7526626984127,136.12892,0.2473373015872937,0.1289215087890625,Poor,Poor,Poor,#FF7E00
2025-05-12 13:30:00,"Punjabi Bagh, Delhi - DPCC",135.0,135.73044336219337,135.00618,0.7304433621933697,0.0061798095703125,Poor,Poor,Poor,#FF7E00
2025-05-12 14:30:00,"Punjabi Bagh, Delhi - DPCC",152.0,151.97081421356418,151.58208,0.0291857864358178,0.4179229736328125,Poor,Poor,Poor,#FF7E00
2025-05-12 15:30:00,"Punjabi Bagh, Delhi - DPCC",201.0,209.55398412698412,200.8992,8.553984126984147,0.100799560546875,Very Poor,Very Poor,Very Poor,#FF0000
2025-05-12 16:30:00,"Punjabi Bagh, Delhi - DPCC",179.0,179.57194841269845,178.8105,0.5719484126984469,0.1894989013671875,Poor,Poor,Poor,#FF7E00
2025-05-12 17:30:00,"Punjabi Bagh, Delhi - DPCC",122.0,123.7855396825397,122.2963,1.7855396825397063,0.2963027954101562,Poor,Poor,Poor,#FF7E00
2025-05-12 18:30:00,"Punjabi Bagh, Delhi - DPCC",120.0,120.62606746031751,120.46181,0.6260674603175147,0.4618072509765625,Poor,Poor,Poor,#FF7E00
2025-05-12 19:30:00,"Punjabi Bagh, Delhi - DPCC",121.0,120.60350000000004,120.763855,0.3964999999999605,0.23614501953125,Poor,Poor,Poor,#FF7E00
2025-05-12 20:30:00,"Punjabi Bagh, Delhi - DPCC",118.0,118.93829365079364,117.85763,0.9382936507936536,0.1423721313476562,Poor,Poor,Poor,#FF7E00
2025-05-12 21:30:00,"Punjabi Bagh, Delhi - DPCC",88.0,90.86148015873012,88.308395,2.8614801587301315,0.3083953857421875,Moderate,Moderate,Moderate,#FFFF00
2025-05-12 22:30:00,"Punjabi Bagh, Delhi - DPCC",82.0,83.57670634920635,82.29726,1.5767063492063471,0.2972564697265625,Moderate,Moderate,Moderate,#FFFF00
2025-05-12 23:30:00,"Punjabi Bagh, Delhi - DPCC",82.0,80.99671031746033,81.747375,1.003289682539673,0.25262451171875,Moderate,Moderate,Moderate,#FFFF00
2025-05-13 00:30:00,"Punjabi Bagh, Delhi - DPCC",81.0,81.73966666666668,81.14451,0.7396666666666789,0.1445083618164062,Moderate,Moderate,Moderate,#FFFF00
2025-05-13 01:30:00,"Punjabi Bagh, Delhi - DPCC",101.0,98.78035317460316,100.73267,2.2196468253968504,0.2673263549804687,Poor,Moderate,Poor,#FF7E00
2025-05-13 02:30:00,"Punjabi Bagh, Delhi - DPCC",130.0,128.593130952381,129.5397,1.406869047619011,0.460296630859375,Poor,Poor,Poor,#FF7E00
2025-05-13 03:30:00,"Punjabi Bagh, Delhi - DPCC",128.0,127.52317063492065,128.36534,0.4768293650793538,0.3653411865234375,Poor,Poor,Poor,#FF7E00
2025-05-13 04:30:00,"Punjabi Bagh, Delhi - DPCC",113.0,116.5183253968254,113.65764,3.518325396825404,0.6576385498046875,Poor,Poor,Poor,#FF7E00
2025-05-13 05:30:00,"Punjabi Bagh, Delhi - DPCC",145.0,147.4530912698413,144.76254,2.453091269841309,0.237457275390625,Poor,Poor,Poor,#FF7E00
2025-05-13 06:30:00,"Punjabi Bagh, Delhi - DPCC",134.0,127.7337936507936,133.63417,6.266206349206385,0.3658294677734375,Poor,Poor,Poor,#FF7E00
2025-05-13 07:30:00,"Punjabi Bagh, Delhi - DPCC",138.0,136.3016547619048,137.64153,1.698345238095186,0.3584747314453125,Poor,Poor,Poor,#FF7E00
2025-05-13 08:30:00,"Punjabi Bagh, Delhi - DPCC",135.0,136.00501984126987,135.49756,1.0050198412698703,0.49755859375,Poor,Poor,Poor,#FF7E00
2025-05-13 09:30:00,"Punjabi Bagh, Delhi - DPCC",159.0,159.17855952380955,159.14444,0.1785595238095538,0.144439697265625,Poor,Poor,Poor,#FF7E00
2025-05-13 10:30:00,"Punjabi Bagh, Delhi - DPCC",222.0,224.38364285714283,221.84883,2.3836428571428314,0.1511688232421875,Very Poor,Very Poor,Very Poor,#FF0000
2025-05-13 16:30:00,"Punjabi Bagh, Delhi - DPCC",500.0,500.0,499.97006,0.0,0.029937744140625,Severe,Severe,Severe,#8F3F97
2025-05-13 17:30:00,"Punjabi Bagh, Delhi - DPCC",500.0,500.0,499.89758,0.0,0.1024169921875,Severe,Severe,Severe,#8F3F97
2025-05-13 18:30:00,"Punjabi Bagh, Delhi - DPCC",97.0,98.94555555555554,96.70715,1.9455555555555435,0.2928466796875,Moderate,Moderate,Moderate,#FFFF00
2025-05-13 19:30:00,"Punjabi Bagh, Delhi - DPCC",75.0,84.28432936507936,76.20184,9.284329365079358,1.20184326171875,Moderate,Moderate,Moderate,#FFFF00
2025-05-13 20:30:00,"Punjabi Bagh, Delhi - DPCC",69.0,72.63786688311687,69.01612,3.637866883116871,0.0161209106445312,Moderate,Moderate,Moderate,#FFFF00
2025-05-13 21:30:00,"Punjabi Bagh, Delhi - DPCC",68.0,70.37038888888887,67.9162,2.3703888888888685,0.08380126953125,Moderate,Moderate,Moderate,#FFFF00
2025-05-13 22:30:00,"Punjabi Bagh, Delhi - DPCC",91.0,86.41476587301588,90.91397,4.585234126984119,0.086029052734375,Moderate,Moderate,Moderate,#FFFF00
2025-05-13 23:30:00,"Punjabi Bagh, Delhi - DPCC",500.0,475.99434523809526,499.9284,24.005654761904736,0.07159423828125,Severe,Severe,Severe,#8F3F97
2025-05-14 00:30:00,"Punjabi Bagh, Delhi - DPCC",135.0,143.96246031746034,134.42126,8.96246031746034,0.5787353515625,Poor,Poor,Poor,#FF7E00
2025-05-14 01:30:00,"Punjabi Bagh, Delhi - DPCC",177.0,177.85596825396829,176.09239,0.8559682539682854,0.9076080322265624,Poor,Poor,Poor,#FF7E00
2025-05-14 03:30:00,"Punjabi Bagh, Delhi - DPCC",127.0,127.47768253968252,126.831894,0.477682539682533,0.1681060791015625,Poor,Poor,Poor,#FF7E00
2025-05-14 04:30:00,"Punjabi Bagh, Delhi - DPCC",127.0,127.8244642857143,127.11874,0.8244642857142992,0.1187362670898437,Poor,Poor,Poor,#FF7E00
2025-05-14 05:30:00,"Punjabi Bagh, Delhi - DPCC",165.0,165.4547142857143,164.91626,0.4547142857142887,0.083740234375,Poor,Poor,Poor,#FF7E00
2025-05-14 06:30:00,"Punjabi Bagh, Delhi - DPCC",157.0,157.89325,157.14946,0.8932499999999948,0.1494598388671875,Poor,Poor,Poor,#FF7E00
2025-05-14 07:30:00,"Punjabi Bagh, Delhi - DPCC",133.0,131.74752380952384,132.58035,1.252476190476159,0.419647216796875,Poor,Poor,Poor,#FF7E00
2025-05-14 10:30:00,"Punjabi Bagh, Delhi - DPCC",0.0,64.37924603174605,1.1036074,64.37924603174605,1.103607416152954,Good,Moderate,Good,#00E400
2025-05-14 11:30:00,"Punjabi Bagh, Delhi - DPCC",145.0,117.66998015873014,145.40903,27.33001984126986,0.409027099609375,Poor,Poor,Poor,#FF7E00
2025-05-14 12:30:00,"Punjabi Bagh, Delhi - DPCC",145.0,123.26125396825395,144.57428,21.738746031746032,0.42572021484375,Poor,Poor,Poor,#FF7E00
2025-05-14 13:30:00,"Punjabi Bagh, Delhi - DPCC",500.0,492.5525,499.9562,7.447499999999991,0.043792724609375,Severe,Severe,Severe,#8F3F97
2025-05-14 14:30:00,"Punjabi Bagh, Delhi - DPCC",80.0,107.16669047619044,81.37697,27.166690476190453,1.3769683837890625,Moderate,Poor,Moderate,#FFFF00
2025-05-14 15:30:00,"Punjabi Bagh, Delhi - DPCC",80.0,123.1712023809524,80.93863,43.1712023809524,0.938629150390625,Moderate,Poor,Moderate,#FFFF00
2025-05-14 16:30:00,"Punjabi Bagh, Delhi - DPCC",71.0,73.81926984126983,71.32475,2.819269841269829,0.3247528076171875,Moderate,Moderate,Moderate,#FFFF00
2025-05-14 17:30:00,"Punjabi Bagh, Delhi - DPCC",69.0,68.04386111111111,68.863945,0.9561388888888872,0.1360549926757812,Moderate,Moderate,Moderate,#FFFF00
2025-05-14 18:30:00,"Punjabi Bagh, Delhi - DPCC",63.0,64.04599999999996,63.25233,1.0459999999999638,0.2523307800292969,Moderate,Moderate,Moderate,#FFFF00
2025-05-14 19:30:00,"Punjabi Bagh, Delhi - DPCC",62.0,62.22222222222221,62.70089,0.2222222222222143,0.7008895874023438,Moderate,Moderate,Moderate,#FFFF00
2025-05-14 20:30:00,"Punjabi Bagh, Delhi - DPCC",66.0,65.25116086691087,65.58572,0.7488391330891346,0.4142837524414062,Moderate,Moderate,Moderate,#FFFF00
2025-05-14 21:30:00,"Punjabi Bagh, Delhi - DPCC",66.0,65.11986072261071,65.562454,0.88013927738929,0.4375457763671875,Moderate,Moderate,Moderate,#FFFF00
2025-05-14 22:30:00,"Punjabi Bagh, Delhi - DPCC",65.0,65.55233547008545,64.75502,0.5523354700854526,0.2449798583984375,Moderate,Moderate,Moderate,#FFFF00
2025-05-14 23:30:00,"Punjabi Bagh, Delhi - DPCC",62.0,63.08716269841271,62.27287,1.0871626984127047,0.2728691101074219,Moderate,Moderate,Moderate,#FFFF00
2025-05-15 00:30:00,"Punjabi Bagh, Delhi - DPCC",62.0,62.45590079365079,62.413113,0.455900793650791,0.4131126403808594,Moderate,Moderate,Moderate,#FFFF00
2025-05-15 01:30:00,"Punjabi Bagh, Delhi - DPCC",63.0,63.01554906204907,62.98425,0.0155490620490681,0.0157508850097656,Moderate,Moderate,Moderate,#FFFF00
2025-05-15 02:30:00,"Punjabi Bagh, Delhi - DPCC",63.0,63.67127922077921,63.392406,0.671279220779212,0.3924064636230469,Moderate,Moderate,Moderate,#FFFF00
2025-05-15 03:30:00,"Punjabi Bagh, Delhi - DPCC",79.0,69.91213888888889,78.65125,9.08786111111111,0.3487472534179687,Moderate,Moderate,Moderate,#FFFF00
2025-05-15 04:30:00,"Punjabi Bagh, Delhi - DPCC",64.0,64.52432897657897,64.3072,0.5243289765789712,0.3071975708007812,Moderate,Moderate,Moderate,#FFFF00
2025-05-15 05:30:00,"Punjabi Bagh, Delhi - DPCC",206.0,206.3257142857143,205.91821,0.325714285714298,0.081787109375,Very Poor,Very Poor,Very Poor,#FF0000
2025-05-15 06:30:00,"Punjabi Bagh, Delhi - DPCC",195.0,194.2970238095238,194.90182,0.7029761904761926,0.098175048828125,Poor,Poor,Poor,#FF7E00
2025-05-15 07:30:00,"Punjabi Bagh, Delhi - DPCC",165.0,165.43634920634926,165.24118,0.4363492063492629,0.241180419921875,Poor,Poor,Poor,#FF7E00
2025-05-15 08:30:00,"Punjabi Bagh, Delhi - DPCC",163.0,163.65857539682543,162.97722,0.6585753968254267,0.0227813720703125,Poor,Poor,Poor,#FF7E00
2025-05-15 09:30:00,"Punjabi Bagh, Delhi - DPCC",171.0,172.9276785714286,170.83998,1.9276785714286009,0.1600189208984375,Poor,Poor,Poor,#FF7E00
2025-05-15 10:30:00,"Punjabi Bagh, Delhi - DPCC",201.0,200.61550793650795,200.91461,0.384492063492047,0.08538818359375,Very Poor,Very Poor,Very Poor,#FF0000
2025-05-15 11:30:00,"Punjabi Bagh, Delhi - DPCC",201.0,200.41869841269843,200.97464,0.5813015873015672,0.025360107421875,Very Poor,Very Poor,Very Poor,#FF0000
2025-05-15 12:30:00,"Punjabi Bagh, Delhi - DPCC",180.0,179.76514682539687,179.93114,0.2348531746031312,0.0688629150390625,Poor,Poor,Poor,#FF7E00
2025-05-15 13:30:00,"Punjabi Bagh, Delhi - DPCC",185.0,183.20207936507936,184.90195,1.7979206349206152,0.098052978515625,Poor,Poor,Poor,#FF7E00
2025-05-15 14:30:00,"Punjabi Bagh, Delhi - DPCC",500.0,492.5525,499.97665,7.447499999999991,0.023345947265625,Severe,Severe,Severe,#8F3F97
2025-05-15 15:30:00,"Punjabi Bagh, Delhi - DPCC",305.0,305.1786626984127,304.53165,0.1786626984127224,0.468353271484375,Severe,Severe,Severe,#8F3F97
2025-05-15 16:30:00,"Punjabi Bagh, Delhi - DPCC",313.0,314.67750521700526,312.96838,1.6775052170052618,0.0316162109375,Severe,Severe,Severe,#8F3F97
2025-05-15 17:30:00,"Punjabi Bagh, Delhi - DPCC",326.0,326.97858730158725,326.21124,0.978587301587254,0.21124267578125,Severe,Severe,Severe,#8F3F97
2025-05-15 18:30:00,"Punjabi Bagh, Delhi - DPCC",329.0,329.09740873015863,327.6005,0.0974087301586337,1.399505615234375,Severe,Severe,Severe,#8F3F97
2025-05-15 19:30:00,"Punjabi Bagh, Delhi - DPCC",334.0,337.2052499999999,334.78262,3.2052499999999213,0.782623291015625,Severe,Severe,Severe,#8F3F97
2025-05-15 20:30:00,"Punjabi Bagh, Delhi - DPCC",348.0,349.2561785714286,348.3024,1.2561785714286202,0.302398681640625,Severe,Severe,Severe,#8F3F97
2025-05-15 21:30:00,"Punjabi Bagh, Delhi - DPCC",362.0,358.1714642857143,361.83035,3.828535714285693,0.169647216796875,Severe,Severe,Severe,#8F3F97
2025-05-15 22:30:00,"Punjabi Bagh, Delhi - DPCC",343.0,345.27297222222217,338.40176,2.2729722222221653,4.598236083984375,Severe,Severe,Severe,#8F3F97
2025-05-15 23:30:00,"Punjabi Bagh, Delhi - DPCC",500.0,415.32911904761903,498.0827,84.67088095238097,1.91729736328125,Severe,Severe,Severe,#8F3F97
2025-05-16 00:30:00,"Punjabi Bagh, Delhi - DPCC",262.0,272.554753968254,257.7282,10.554753968253976,4.27178955078125,Very Poor,Very Poor,Very Poor,#FF0000
2025-05-16 01:30:00,"Punjabi Bagh, Delhi - DPCC",273.0,276.6964682539683,271.39587,3.696468253968306,1.6041259765625,Very Poor,Very Poor,Very Poor,#FF0000
2025-05-16 02:30:00,"Punjabi Bagh, Delhi - DPCC",313.0,312.8622371794873,313.19305,0.1377628205127052,0.19305419921875,Severe,Severe,Severe,#8F3F97
2025-05-16 03:30:00,"Punjabi Bagh, Delhi - DPCC",323.0,334.5904938672439,328.12555,11.59049386724388,5.12554931640625,Severe,Severe,Severe,#8F3F97
2025-05-16 04:30:00,"Punjabi Bagh, Delhi - DPCC",169.0,175.76455591630582,176.49709,6.764555916305824,7.4970855712890625,Poor,Poor,Poor,#FF7E00
2025-05-16 05:30:00,"Punjabi Bagh, Delhi - DPCC",157.0,174.50331746031745,175.24269,17.503317460317447,18.242691040039062,Poor,Poor,Poor,#FF7E00
2025-05-16 06:30:00,"Punjabi Bagh, Delhi - DPCC",163.0,172.73332936507933,166.1339,9.733329365079328,3.133895874023437,Poor,Poor,Poor,#FF7E00
2025-05-16 07:30:00,"Punjabi Bagh, Delhi - DPCC",176.0,175.211246031746,173.22357,0.7887539682539852,2.77642822265625,Poor,Poor,Poor,#FF7E00
2025-05-16 08:30:00,"Punjabi Bagh, Delhi - DPCC",133.0,154.86816269841268,138.47783,21.868162698412675,5.477828979492188,Poor,Poor,Poor,#FF7E00
2025-05-16 09:30:00,"Punjabi Bagh, Delhi - DPCC",500.0,500.0,500.27496,0.0,0.27496337890625,Severe,Severe,Severe,#8F3F97
2025-05-16 10:30:00,"Punjabi Bagh, Delhi - DPCC",186.0,186.89844047619053,194.05579,0.8984404761905296,8.0557861328125,Poor,Poor,Poor,#FF7E00
2025-05-16 11:30:00,"Punjabi Bagh, Delhi - DPCC",182.0,173.9729166666667,186.40637,8.027083333333309,4.4063720703125,Poor,Poor,Poor,#FF7E00
2025-05-16 12:30:00,"Punjabi Bagh, Delhi - DPCC",133.0,132.7387023809524,128.55132,0.2612976190476104,4.4486846923828125,Poor,Poor,Poor,#FF7E00
2025-05-16 13:30:00,"Punjabi Bagh, Delhi - DPCC",133.0,132.2164365079365,124.896225,0.7835634920635073,8.103775024414062,Poor,Poor,Poor,#FF7E00
2025-05-16 14:30:00,"Punjabi Bagh, Delhi - DPCC",500.0,500.0,499.96692,0.0,0.0330810546875,Severe,Severe,Severe,#8F3F97
2025-05-16 15:30:00,"Punjabi Bagh, Delhi - DPCC",133.0,131.97775793650797,115.87328,1.0222420634920295,17.12671661376953,Poor,Poor,Poor,#FF7E00
2025-05-16 16:30:00,"Punjabi Bagh, Delhi - DPCC",133.0,129.95875,118.70652,3.041249999999991,14.293479919433594,Poor,Poor,Poor,#FF7E00
2025-05-16 17:30:00,"Punjabi Bagh, Delhi - DPCC",133.0,123.80118975468972,125.221085,9.19881024531027,7.778915405273437,Poor,Poor,Poor,#FF7E00
2025-05-16 18:30:00,"Punjabi Bagh, Delhi - DPCC",133.0,126.23840404040403,123.73931,6.761595959595965,9.26068878173828,Poor,Poor,Poor,#FF7E00
2025-05-16 19:30:00,"Punjabi Bagh, Delhi - DPCC",133.0,131.29426515151516,123.95295,1.7057348484848376,9.04705047607422,Poor,Poor,Poor,#FF7E00
2025-05-16 20:30:00,"Punjabi Bagh, Delhi - DPCC",133.0,131.63775324675322,124.37738,1.3622467532467797,8.62261962890625,Poor,Poor,Poor,#FF7E00
2025-05-16 21:30:00,"Punjabi Bagh, Delhi - DPCC",133.0,136.7126341991342,123.854866,3.712634199134186,9.145133972167969,Poor,Poor,Poor,#FF7E00
2025-05-16 22:30:00,"Punjabi Bagh, Delhi - DPCC",133.0,131.00271753246753,123.95973,1.997282467532472,9.040267944335938,Poor,Poor,Poor,#FF7E00
2025-05-16 23:30:00,"Punjabi Bagh, Delhi - DPCC",133.0,131.4948841991342,123.94013,1.5051158008658092,9.05986785888672,Poor,Poor,Poor,#FF7E00
2025-05-17 00:30:00,"Punjabi Bagh, Delhi - DPCC",133.0,130.9771064213564,123.9001,2.0228935786435898,9.099899291992188,Poor,Poor,Poor,#FF7E00
2025-05-17 01:30:00,"Punjabi Bagh, Delhi - DPCC",133.0,132.1220468975469,125.67209,0.8779531024530911,7.327911376953125,Poor,Poor,Poor,#FF7E00
2025-05-17 02:30:00,"Punjabi Bagh, Delhi - DPCC",133.0,131.72924531024532,125.09573,1.270754689754682,7.904266357421875,Poor,Poor,Poor,#FF7E00
2025-05-17 03:30:00,"Punjabi Bagh, Delhi - DPCC",151.0,148.37480627705628,148.88339,2.6251937229437203,2.116607666015625,Poor,Poor,Poor,#FF7E00
2025-05-17 04:30:00,"Punjabi Bagh, Delhi - DPCC",157.0,150.48664285714284,159.31392,6.51335714285716,2.3139190673828125,Poor,Poor,Poor,#FF7E00
2025-05-17 05:30:00,"Punjabi Bagh, Delhi - DPCC",185.0,169.22530952380953,179.06555,15.774690476190472,5.9344482421875,Poor,Poor,Poor,#FF7E00
2025-05-17 06:30:00,"Punjabi Bagh, Delhi - DPCC",158.0,170.54785714285714,175.17958,12.54785714285714,17.179580688476562,Poor,Poor,Poor,#FF7E00
2025-05-17 07:30:00,"Punjabi Bagh, Delhi - DPCC",332.0,347.76690476190464,335.5137,15.76690476190464,3.513702392578125,Severe,Severe,Severe,#8F3F97
2025-05-17 08:30:00,"Punjabi Bagh, Delhi - DPCC",314.0,314.2987014652015,312.48846,0.298701465201475,1.51153564453125,Severe,Severe,Severe,#8F3F97
2025-05-17 09:30:00,"Punjabi Bagh, Delhi - DPCC",159.0,160.95879761904763,160.1482,1.9587976190476295,1.148193359375,Poor,Poor,Poor,#FF7E00
2025-05-17 10:30:00,"Punjabi Bagh, Delhi - DPCC",159.0,162.7691547619048,161.45094,3.7691547619047863,2.4509429931640625,Poor,Poor,Poor,#FF7E00
2025-05-17 11:30:00,"Punjabi Bagh, Delhi - DPCC",500.0,499.3,499.87805,0.6999999999999886,0.1219482421875,Severe,Severe,Severe,#8F3F97
2025-05-17 12:30:00,"Punjabi Bagh, Delhi - DPCC",78.0,98.8905277777778,92.44677,20.89052777777779,14.446769714355469,Moderate,Moderate,Moderate,#FFFF00
2025-05-17 13:30:00,"Punjabi Bagh, Delhi - DPCC",101.0,209.98882936507937,226.17917,108.98882936507935,125.17916870117188,Poor,Very Poor,Very Poor,#FF7E00
2025-05-17 14:30:00,"Punjabi Bagh, Delhi - DPCC",88.0,74.35503427128427,72.93404,13.644965728715732,15.065963745117188,Moderate,Moderate,Moderate,#FFFF00
2025-05-17 15:30:00,"Punjabi Bagh, Delhi - DPCC",72.0,78.63953030303033,74.21821,6.639530303030327,2.218208312988281,Moderate,Moderate,Moderate,#FFFF00
2025-05-17 16:30:00,"Punjabi Bagh, Delhi - DPCC",70.0,73.01040476190477,74.28006,3.0104047619047662,4.280059814453125,Moderate,Moderate,Moderate,#FFFF00
2025-05-17 17:30:00,"Punjabi Bagh, Delhi - DPCC",70.0,68.3738611111111,70.93358,1.626138888888903,0.9335784912109376,Moderate,Moderate,Moderate,#FFFF00
2025-05-17 18:30:00,"Punjabi Bagh, Delhi - DPCC",70.0,69.34259523809523,71.94315,0.6574047619047718,1.943153381347656,Moderate,Moderate,Moderate,#FFFF00
2025-05-17 19:30:00,"Punjabi Bagh, Delhi - DPCC",70.0,72.06623412698411,80.92517,2.0662341269841136,10.9251708984375,Moderate,Moderate,Moderate,#FFFF00
2025-05-17 20:30:00,"Punjabi Bagh, Delhi - DPCC",71.0,72.25634126984124,72.78332,1.2563412698412435,1.7833175659179688,Moderate,Moderate,Moderate,#FFFF00
2025-05-17 21:30:00,"Punjabi Bagh, Delhi - DPCC",70.0,73.01558730158729,71.00177,3.0155873015872885,1.00177001953125,Moderate,Moderate,Moderate,#FFFF00
2025-05-17 22:30:00,"Punjabi Bagh, Delhi - DPCC",70.0,72.11324603174602,71.754616,2.113246031746016,1.7546157836914062,Moderate,Moderate,Moderate,#FFFF00
2025-05-17 23:30:00,"Punjabi Bagh, Delhi - DPCC",70.0,72.72279365079363,71.925964,2.722793650793633,1.92596435546875,Moderate,Moderate,Moderate,#FFFF00
2025-05-18 00:30:00,"Punjabi Bagh, Delhi - DPCC",70.0,72.81562698412698,72.38689,2.815626984126979,2.3868865966796875,Moderate,Moderate,Moderate,#FFFF00
2025-05-18 01:30:00,"Punjabi Bagh, Delhi - DPCC",500.0,442.61153571428576,452.24258,57.38846428571424,47.757415771484375,Severe,Severe,Severe,#8F3F97
2025-05-18 02:30:00,"Punjabi Bagh, Delhi - DPCC",158.0,161.4485158730159,148.62509,3.448515873015907,9.374908447265623,Poor,Poor,Poor,#FF7E00
2025-05-18 03:30:00,"Punjabi Bagh, Delhi - DPCC",199.0,194.054,196.22736,4.945999999999998,2.77264404296875,Poor,Poor,Poor,#FF7E00
2025-05-18 04:30:00,"Punjabi Bagh, Delhi - DPCC",199.0,196.0111244588745,198.63977,2.9888755411254806,0.3602294921875,Poor,Poor,Poor,#FF7E00
2025-05-18 05:30:00,"Punjabi Bagh, Delhi - DPCC",199.0,197.32139826839835,192.59067,1.678601731601674,6.409332275390625,Poor,Poor,Poor,#FF7E00
2025-05-18 06:30:00,"Punjabi Bagh, Delhi - DPCC",199.0,196.4077554112555,193.55254,2.592244588744535,5.4474639892578125,Poor,Poor,Poor,#FF7E00
2025-05-18 07:30:00,"Punjabi Bagh, Delhi - DPCC",199.0,200.2837752525253,194.31342,1.283775252525288,4.68658447265625,Poor,Very Poor,Poor,#FF7E00
2025-05-18 08:30:00,"Punjabi Bagh, Delhi - DPCC",199.0,200.29431096681105,194.282,1.2943109668110253,4.7180023193359375,Poor,Very Poor,Poor,#FF7E00
2025-05-18 09:30:00,"Punjabi Bagh, Delhi - DPCC",199.0,200.67800968475976,194.68439,1.6780096847597576,4.31561279296875,Poor,Very Poor,Poor,#FF7E00
2025-05-18 10:30:00,"Punjabi Bagh, Delhi - DPCC",199.0,203.4646763514264,195.35312,4.464676351426419,3.646881103515625,Poor,Very Poor,Poor,#FF7E00
2025-05-18 11:30:00,"Punjabi Bagh, Delhi - DPCC",199.0,208.19514063714072,248.98016,9.195140637140724,49.98016357421875,Poor,Very Poor,Very Poor,#FF7E00
2025-05-18 12:30:00,"Punjabi Bagh, Delhi - DPCC",199.0,196.98286904761903,200.06215,2.0171309523809384,1.0621490478515625,Poor,Poor,Very Poor,#FF7E00
2025-05-18 13:30:00,"Punjabi Bagh, Delhi - DPCC",199.0,197.34327128427125,200.25328,1.6567287157287467,1.2532806396484375,Poor,Poor,Very Poor,#FF7E00
2025-05-18 14:30:00,"Punjabi Bagh, Delhi - DPCC",212.0,214.188376984127,212.74988,2.1883769841269896,0.7498779296875,Very Poor,Very Poor,Very Poor,#FF0000
2025-05-18 15:30:00,"Punjabi Bagh, Delhi - DPCC",199.0,197.2816919191919,200.7028,1.7183080808081002,1.7028045654296875,Poor,Poor,Very Poor,#FF7E00
2025-05-18 16:30:00,"Punjabi Bagh, Delhi - DPCC",500.0,500.0,499.76794,0.0,0.2320556640625,Severe,Severe,Severe,#8F3F97
2025-05-18 17:30:00,"Punjabi Bagh, Delhi - DPCC",199.0,196.94653968253965,199.09894,2.053460317460349,0.09893798828125,Poor,Poor,Poor,#FF7E00
2025-05-18 18:30:00,"Punjabi Bagh, Delhi - DPCC",173.0,195.974227994228,198.72345,22.974227994228016,25.72344970703125,Poor,Poor,Poor,#FF7E00
2025-05-18 19:30:00,"Punjabi Bagh, Delhi - DPCC",194.0,197.1704285714286,199.22249,3.1704285714286016,5.2224884033203125,Poor,Poor,Poor,#FF7E00
2025-05-18 20:30:00,"Punjabi Bagh, Delhi - DPCC",203.0,203.32099999999997,204.88182,0.3209999999999411,1.8818206787109373,Very Poor,Very Poor,Very Poor,#FF0000
2025-05-18 21:30:00,"Punjabi Bagh, Delhi - DPCC",169.0,195.14537049062056,201.40791,26.145370490620564,32.40791320800781,Poor,Poor,Very Poor,#FF7E00
2025-05-18 22:30:00,"Punjabi Bagh, Delhi - DPCC",160.0,195.46165620490623,200.58104,35.46165620490626,40.58103942871094,Poor,Poor,Very Poor,#FF7E00
2025-05-18 23:30:00,"Punjabi Bagh, Delhi - DPCC",126.0,195.62346572871576,198.11432,69.62346572871576,72.11431884765625,Poor,Poor,Poor,#FF7E00
2025-05-19 00:30:00,"Punjabi Bagh, Delhi - DPCC",113.0,195.05445382395385,193.86351,82.05445382395385,80.86351013183594,Poor,Poor,Poor,#FF7E00
2025-05-19 01:30:00,"Punjabi Bagh, Delhi - DPCC",136.0,181.56432287157293,189.77818,45.56432287157293,53.77818298339844,Poor,Poor,Poor,#FF7E00
2025-05-19 02:30:00,"Punjabi Bagh, Delhi - DPCC",169.0,195.51981493506497,196.3343,26.51981493506497,27.334304809570312,Poor,Poor,Poor,#FF7E00
2025-05-19 03:30:00,"Punjabi Bagh, Delhi - DPCC",202.0,201.93026984126985,206.09393,0.0697301587301524,4.09393310546875,Very Poor,Very Poor,Very Poor,#FF0000
2025-05-19 04:30:00,"Punjabi Bagh, Delhi - DPCC",500.0,488.52533333333326,500.02316,11.474666666666735,0.023162841796875,Severe,Severe,Severe,#8F3F97
2025-05-19 05:30:00,"Punjabi Bagh, Delhi - DPCC",205.0,243.17446464646451,389.39502,38.17446464646454,184.39501953125,Very Poor,Very Poor,Severe,#FF0000
2025-05-19 06:30:00,"Punjabi Bagh, Delhi - DPCC",205.0,221.0669844877345,278.125,16.066984487734516,73.125,Very Poor,Very Poor,Very Poor,#FF0000
2025-05-19 07:30:00,"Punjabi Bagh, Delhi - DPCC",205.0,209.66367063492075,224.40964,4.663670634920749,19.409637451171875,Very Poor,Very Poor,Very Poor,#FF0000
2025-05-19 08:30:00,"Punjabi Bagh, Delhi - DPCC",131.0,172.56825793650793,159.14603,41.56825793650793,28.146026611328125,Poor,Poor,Poor,#FF7E00
2025-05-19 09:30:00,"Punjabi Bagh, Delhi - DPCC",107.0,162.3311865079365,138.93576,55.33118650793651,31.935760498046875,Poor,Poor,Poor,#FF7E00
2025-05-19 10:30:00,"Punjabi Bagh, Delhi - DPCC",188.0,138.49517460317458,133.36775,49.504825396825424,54.63224792480469,Poor,Poor,Poor,#FF7E00
2025-05-19 11:30:00,"Punjabi Bagh, Delhi - DPCC",182.0,155.09565079365072,148.11151,26.90434920634928,33.88848876953125,Poor,Poor,Poor,#FF7E00
2025-05-19 12:30:00,"Punjabi Bagh, Delhi - DPCC",136.0,136.57062301587297,140.54073,0.5706230158729682,4.5407257080078125,Poor,Poor,Poor,#FF7E00
2025-05-19 13:30:00,"Punjabi Bagh, Delhi - DPCC",107.0,115.36910714285712,115.33891,8.369107142857132,8.338912963867188,Poor,Poor,Poor,#FF7E00
2025-05-19 14:30:00,"Punjabi Bagh, Delhi - DPCC",107.0,109.94835317460318,113.01245,2.9483531746031844,6.012451171875,Poor,Poor,Poor,#FF7E00
2025-05-19 15:30:00,"Punjabi Bagh, Delhi - DPCC",107.0,108.78329365079364,106.542366,1.7832936507936523,0.4576339721679687,Poor,Poor,Poor,#FF7E00
2025-05-19 16:30:00,"Punjabi Bagh, Delhi - DPCC",107.0,108.65329365079369,109.09803,1.653293650793671,2.0980300903320312,Poor,Poor,Poor,#FF7E00
2025-05-19 17:30:00,"Punjabi Bagh, Delhi - DPCC",107.0,109.0457222222222,108.96225,2.04572222222221,1.962249755859375,Poor,Poor,Poor,#FF7E00
2025-05-19 18:30:00,"Punjabi Bagh, Delhi - DPCC",227.0,224.2275,225.36954,2.7725000000000364,1.630462646484375,Very Poor,Very Poor,Very Poor,#FF0000
2025-05-19 19:30:00,"Punjabi Bagh, Delhi - DPCC",227.0,226.58730952380952,229.36945,0.4126904761904768,2.36944580078125,Very Poor,Very Poor,Very Poor,#FF0000
2025-05-19 20:30:00,"Punjabi Bagh, Delhi - DPCC",227.0,232.4464545454545,243.17577,5.446454545454458,16.175765991210938,Very Poor,Very Poor,Very Poor,#FF0000
2025-05-19 21:30:00,"Punjabi Bagh, Delhi - DPCC",227.0,231.37288311688303,243.34175,4.37288311688306,16.341751098632812,Very Poor,Very Poor,Very Poor,#FF0000
2025-05-19 22:30:00,"Punjabi Bagh, Delhi - DPCC",227.0,230.33488311688308,243.29198,3.334883116883077,16.291976928710938,Very Poor,Very Poor,Very Poor,#FF0000
2025-05-19 23:30:00,"Punjabi Bagh, Delhi - DPCC",227.0,230.0973831168831,243.4211,3.0973831168830657,16.421096801757812,Very Poor,Very Poor,Very Poor,#FF0000
2025-05-20 00:30:00,"Punjabi Bagh, Delhi - DPCC",227.0,229.91271645021644,243.66203,2.912716450216436,16.662033081054688,Very Poor,Very Poor,Very Poor,#FF0000
2025-05-20 01:30:00,"Punjabi Bagh, Delhi - DPCC",227.0,229.1996212121212,243.45428,2.1996212121211727,16.45428466796875,Very Poor,Very Poor,Very Poor,#FF0000
2025-05-20 02:30:00,"Punjabi Bagh, Delhi - DPCC",160.0,158.50260317460322,155.43633,1.4973968253967769,4.5636749267578125,Poor,Poor,Poor,#FF7E00
2025-05-20 03:30:00,"Punjabi Bagh, Delhi - DPCC",150.0,150.42248412698413,148.02893,0.4224841269841306,1.9710693359375,Poor,Poor,Poor,#FF7E00
2025-05-20 04:30:00,"Punjabi Bagh, Delhi - DPCC",153.0,153.25408333333334,149.764,0.254083333333341,3.235992431640625,Poor,Poor,Poor,#FF7E00
2025-05-20 05:30:00,"Punjabi Bagh, Delhi - DPCC",153.0,153.25990873015874,150.33138,0.2599087301587417,2.6686248779296875,Poor,Poor,Poor,#FF7E00
2025-05-20 06:30:00,"Punjabi Bagh, Delhi - DPCC",153.0,153.25289682539685,150.9318,0.2528968253968457,2.068206787109375,Poor,Poor,Poor,#FF7E00
2025-05-20 07:30:00,"Punjabi Bagh, Delhi - DPCC",153.0,153.41337301587302,150.04597,0.4133730158730202,2.9540252685546875,Poor,Poor,Poor,#FF7E00
2025-05-20 08:30:00,"Punjabi Bagh, Delhi - DPCC",153.0,153.43670634920636,149.94858,0.4367063492063607,3.051422119140625,Poor,Poor,Poor,#FF7E00
2025-05-20 09:30:00,"Punjabi Bagh, Delhi - DPCC",190.0,171.96668253968252,186.15546,18.03331746031748,3.84454345703125,Poor,Poor,Poor,#FF7E00
2025-05-20 10:30:00,"Punjabi Bagh, Delhi - DPCC",153.0,173.42406349206348,186.13037,20.42406349206348,33.13037109375,Poor,Poor,Poor,#FF7E00
2025-05-20 11:30:00,"Punjabi Bagh, Delhi - DPCC",178.0,185.69327380952384,187.43024,7.693273809523816,9.43023681640625,Poor,Poor,Poor,#FF7E00
2025-05-20 12:30:00,"Punjabi Bagh, Delhi - DPCC",203.0,203.17632539682543,200.4189,0.1763253968254616,2.5811004638671875,Very Poor,Very Poor,Very Poor,#FF0000
2025-05-20 13:30:00,"Punjabi Bagh, Delhi - DPCC",203.0,204.40823015873025,205.093,1.4082301587302195,2.093002319335937,Very Poor,Very Poor,Very Poor,#FF0000
2025-05-20 15:30:00,"Punjabi Bagh, Delhi - DPCC",203.0,204.0476587301588,205.16922,1.0476587301587583,2.169219970703125,Very Poor,Very Poor,Very Poor,#FF0000
2025-05-20 16:30:00,"Punjabi Bagh, Delhi - DPCC",203.0,204.12212301587303,205.09555,1.122123015873029,2.095550537109375,Very Poor,Very Poor,Very Poor,#FF0000
2025-05-20 17:30:00,"Punjabi Bagh, Delhi - DPCC",203.0,204.03532539682544,204.98947,1.035325396825442,1.989471435546875,Very Poor,Very Poor,Very Poor,#FF0000
2025-05-20 18:30:00,"Punjabi Bagh, Delhi - DPCC",203.0,204.3070515873016,205.05049,1.3070515873016006,2.0504913330078125,Very Poor,Very Poor,Very Poor,#FF0000
2025-05-20 19:30:00,"Punjabi Bagh, Delhi - DPCC",203.0,203.56359920634924,204.87827,0.5635992063492381,1.878265380859375,Very Poor,Very Poor,Very Poor,#FF0000
2025-05-20 20:30:00,"Punjabi Bagh, Delhi - DPCC",203.0,203.57593253968253,204.71977,0.5759325396825545,1.7197723388671875,Very Poor,Very Poor,Very Poor,#FF0000
2025-05-20 21:30:00,"Punjabi Bagh, Delhi - DPCC",203.0,203.57593253968253,204.90826,0.5759325396825545,1.90826416015625,Very Poor,Very Poor,Very Poor,#FF0000
2025-05-20 22:30:00,"Punjabi Bagh, Delhi - DPCC",203.0,203.57593253968253,204.90826,0.5759325396825545,1.90826416015625,Very Poor,Very Poor,Very Poor,#FF0000
2025-05-20 23:30:00,"Punjabi Bagh, Delhi - DPCC",203.0,203.57593253968253,204.81168,0.5759325396825545,1.811676025390625,Very Poor,Very Poor,Very Poor,#FF0000
2025-05-21 00:30:00,"Punjabi Bagh, Delhi - DPCC",203.0,203.56843253968253,205.5243,0.5684325396825329,2.5243072509765625,Very Poor,Very Poor,Very Poor,#FF0000
2025-05-21 01:30:00,"Punjabi Bagh, Delhi - DPCC",203.0,203.56843253968253,205.36087,0.5684325396825329,2.360870361328125,Very Poor,Very Poor,Very Poor,#FF0000
2025-05-21 02:30:00,"Punjabi Bagh, Delhi - DPCC",203.0,203.56843253968253,205.25159,0.5684325396825329,2.2515869140625,Very Poor,Very Poor,Very Poor,#FF0000
2025-05-21 03:30:00,"Punjabi Bagh, Delhi - DPCC",203.0,203.62509920634923,205.66066,0.6250992063492333,2.6606597900390625,Very Poor,Very Poor,Very Poor,#FF0000
2025-05-21 04:30:00,"Punjabi Bagh, Delhi - DPCC",203.0,203.6750992063492,205.66066,0.6750992063492163,2.6606597900390625,Very Poor,Very Poor,Very Poor,#FF0000
2025-05-21 05:30:00,"Punjabi Bagh, Delhi - DPCC",132.0,134.32516666666663,131.42146,2.3251666666666324,0.5785369873046875,Poor,Poor,Poor,#FF7E00
2025-05-21 06:30:00,"Punjabi Bagh, Delhi - DPCC",132.0,133.8305079365079,131.7618,1.8305079365079,0.2382049560546875,Poor,Poor,Poor,#FF7E00
2025-05-21 07:30:00,"Punjabi Bagh, Delhi - DPCC",132.0,133.05793975468976,132.18611,1.057939754689755,0.1861114501953125,Poor,Poor,Poor,#FF7E00
2025-05-21 08:30:00,"Punjabi Bagh, Delhi - DPCC",132.0,131.74273737373736,128.63773,0.2572626262626443,3.362274169921875,Poor,Poor,Poor,#FF7E00
2025-05-21 09:30:00,"Punjabi Bagh, Delhi - DPCC",132.0,131.74273737373736,128.63773,0.2572626262626443,3.362274169921875,Poor,Poor,Poor,#FF7E00
2025-05-21 10:30:00,"Punjabi Bagh, Delhi - DPCC",132.0,131.73145165945164,128.59445,0.2685483405483637,3.405548095703125,Poor,Poor,Poor,#FF7E00
2025-05-21 11:30:00,"Punjabi Bagh, Delhi - DPCC",132.0,131.59738023088022,128.82811,0.4026197691197808,3.1718902587890625,Poor,Poor,Poor,#FF7E00
2025-05-21 12:30:00,"Punjabi Bagh, Delhi - DPCC",132.0,131.61071356421354,128.84576,0.3892864357864596,3.15423583984375,Poor,Poor,Poor,#FF7E00
2025-05-21 13:30:00,"Punjabi Bagh, Delhi - DPCC",132.0,131.9655468975469,128.95882,0.0344531024531136,3.0411834716796875,Poor,Poor,Poor,#FF7E00
2025-05-21 14:30:00,"Punjabi Bagh, Delhi - DPCC",132.0,131.873404040404,128.92,0.1265959595959884,3.0800018310546875,Poor,Poor,Poor,#FF7E00
2025-05-21 15:30:00,"Punjabi Bagh, Delhi - DPCC",138.0,136.03885245310246,139.62051,1.961147546897536,1.620513916015625,Poor,Poor,Poor,#FF7E00
2025-05-21 16:30:00,"Punjabi Bagh, Delhi - DPCC",126.0,133.22022943722945,132.66557,7.220229437229449,6.665573120117188,Poor,Poor,Poor,#FF7E00
2025-05-21 17:30:00,"Punjabi Bagh, Delhi - DPCC",150.0,141.52007467532468,146.58104,8.479925324675321,3.4189605712890625,Poor,Poor,Poor,#FF7E00
2025-05-21 18:30:00,"Punjabi Bagh, Delhi - DPCC",190.0,172.59596031746025,154.5502,17.404039682539775,35.449798583984375,Poor,Poor,Poor,#FF7E00
2025-05-21 19:30:00,"Punjabi Bagh, Delhi - DPCC",35.0,157.63220562770562,159.24219,122.63220562770562,124.2421875,Good,Poor,Poor,#00E400
2025-05-22 03:30:00,"Punjabi Bagh, Delhi - DPCC",36.0,87.78551190476195,127.451385,51.78551190476195,91.45138549804688,Good,Moderate,Poor,#00E400
2025-05-22 04:30:00,"Punjabi Bagh, Delhi - DPCC",43.0,73.33428571428573,107.76528,30.334285714285727,64.7652816772461,Good,Moderate,Poor,#00E400
2025-05-22 05:30:00,"Punjabi Bagh, Delhi - DPCC",41.0,73.74392857142858,110.10096,32.74392857142858,69.10095977783203,Good,Moderate,Poor,#00E400
2025-05-22 06:30:00,"Punjabi Bagh, Delhi - DPCC",42.0,73.61951190476191,110.124306,31.619511904761907,68.12430572509766,Good,Moderate,Poor,#00E400
2025-05-22 07:30:00,"Punjabi Bagh, Delhi - DPCC",40.0,72.71984523809525,110.0822,32.719845238095246,70.08219909667969,Good,Moderate,Poor,#00E400
2025-05-22 08:30:00,"Punjabi Bagh, Delhi - DPCC",170.0,83.0735674603175,125.35734,86.9264325396825,44.64266204833984,Poor,Moderate,Poor,#FF7E00
2025-05-22 09:30:00,"Punjabi Bagh, Delhi - DPCC",148.0,136.01478102453103,142.64815,11.985218975468968,5.351852416992188,Poor,Poor,Poor,#FF7E00
2025-05-22 10:30:00,"Punjabi Bagh, Delhi - DPCC",170.0,152.29004761904756,145.76408,17.709952380952444,24.235916137695312,Poor,Poor,Poor,#FF7E00
2025-05-22 11:30:00,"Punjabi Bagh, Delhi - DPCC",162.0,148.54824999999997,149.1773,13.451750000000033,12.82269287109375,Poor,Poor,Poor,#FF7E00
2025-05-22 12:30:00,"Punjabi Bagh, Delhi - DPCC",159.0,145.17454365079362,147.55478,13.825456349206377,11.445220947265623,Poor,Poor,Poor,#FF7E00
2025-05-22 13:30:00,"Punjabi Bagh, Delhi - DPCC",86.0,133.48057034632032,125.946075,47.48057034632032,39.946075439453125,Moderate,Poor,Poor,#FFFF00
2025-05-22 14:30:00,"Punjabi Bagh, Delhi - DPCC",100.0,125.50918253968251,122.929855,25.509182539682527,22.929855346679688,Moderate,Poor,Poor,#FFFF00
2025-05-22 15:30:00,"Punjabi Bagh, Delhi - DPCC",86.0,87.61033585858587,111.62516,1.61033585858587,25.62516021728516,Moderate,Moderate,Poor,#FFFF00
2025-05-22 16:30:00,"Punjabi Bagh, Delhi - DPCC",77.0,84.44038744588748,117.318954,7.440387445887481,40.31895446777344,Moderate,Moderate,Poor,#FFFF00
2025-05-22 17:30:00,"Punjabi Bagh, Delhi - DPCC",72.0,81.35807792207795,118.09111,9.358077922077952,46.09111022949219,Moderate,Moderate,Poor,#FFFF00
2025-05-22 18:30:00,"Punjabi Bagh, Delhi - DPCC",88.0,82.91607792207796,120.104004,5.08392207792204,32.10400390625,Moderate,Moderate,Poor,#FFFF00
2025-05-22 19:30:00,"Punjabi Bagh, Delhi - DPCC",96.0,84.97060966810972,121.326515,11.029390331890284,25.326515197753903,Moderate,Moderate,Poor,#FFFF00
2025-05-22 20:30:00,"Punjabi Bagh, Delhi - DPCC",91.0,92.10097474747477,119.40129,1.100974747474751,28.401290893554688,Moderate,Moderate,Poor,#FFFF00
2025-05-22 21:30:00,"Punjabi Bagh, Delhi - DPCC",91.0,100.0276414141414,123.84687,9.0276414141414,32.84687042236328,Moderate,Poor,Poor,#FFFF00
2025-05-22 22:30:00,"Punjabi Bagh, Delhi - DPCC",95.0,96.8124191919192,118.418526,1.8124191919192043,23.41852569580078,Moderate,Moderate,Poor,#FFFF00
2025-05-22 23:30:00,"Punjabi Bagh, Delhi - DPCC",82.0,91.17108585858588,118.90173,9.171085858585869,36.9017333984375,Moderate,Moderate,Poor,#FFFF00
2025-05-23 00:30:00,"Punjabi Bagh, Delhi - DPCC",59.0,80.31686904761908,115.5586,21.31686904761908,56.55860137939453,Moderate,Moderate,Poor,#FFFF00
2025-05-23 01:30:00,"Punjabi Bagh, Delhi - DPCC",58.0,66.7235357142857,94.00576,8.723535714285703,36.005760192871094,Moderate,Moderate,Moderate,#FFFF00
2025-05-23 02:30:00,"Punjabi Bagh, Delhi - DPCC",81.0,69.88288744588745,105.872505,11.117112554112552,24.87250518798828,Moderate,Moderate,Poor,#FFFF00
2025-05-23 03:30:00,"Punjabi Bagh, Delhi - DPCC",104.0,81.99152633477637,122.68643,22.008473665223637,18.686431884765625,Poor,Moderate,Poor,#FF7E00
2025-05-23 04:30:00,"Punjabi Bagh, Delhi - DPCC",138.0,122.56666269841271,118.259705,15.433337301587272,19.74029541015625,Poor,Poor,Poor,#FF7E00
2025-05-23 05:30:00,"Punjabi Bagh, Delhi - DPCC",167.0,141.27531277056272,139.75943,25.72468722943728,27.24057006835937,Poor,Poor,Poor,#FF7E00
2025-05-23 06:30:00,"Punjabi Bagh, Delhi - DPCC",178.0,152.18480952380952,149.75653,25.81519047619048,28.24346923828125,Poor,Poor,Poor,#FF7E00
2025-05-23 07:30:00,"Punjabi Bagh, Delhi - DPCC",178.0,153.57914285714284,151.54842,24.42085714285716,26.451583862304688,Poor,Poor,Poor,#FF7E00
2025-05-23 08:30:00,"Punjabi Bagh, Delhi - DPCC",191.0,174.38158333333328,161.96323,16.618416666666718,29.036773681640625,Poor,Poor,Poor,#FF7E00
2025-05-23 09:30:00,"Punjabi Bagh, Delhi - DPCC",193.0,174.06586904761895,162.21472,18.934130952381025,30.7852783203125,Poor,Poor,Poor,#FF7E00
2025-05-23 10:30:00,"Punjabi Bagh, Delhi - DPCC",184.0,158.2406865079365,160.59665,25.759313492063512,23.403350830078125,Poor,Poor,Poor,#FF7E00
2025-05-23 11:30:00,"Punjabi Bagh, Delhi - DPCC",184.0,158.7832103174603,160.66068,25.216789682539712,23.339324951171875,Poor,Poor,Poor,#FF7E00
2025-05-23 12:30:00,"Punjabi Bagh, Delhi - DPCC",153.0,146.16808730158726,145.86476,6.8319126984127365,7.1352386474609375,Poor,Poor,Poor,#FF7E00
2025-05-23 13:30:00,"Punjabi Bagh, Delhi - DPCC",97.0,131.48615800865798,128.7614,34.48615800865798,31.761398315429688,Moderate,Poor,Poor,#FFFF00
2025-05-23 14:30:00,"Punjabi Bagh, Delhi - DPCC",51.0,113.4539126984127,110.88087,62.45391269841269,59.88086700439453,Moderate,Poor,Poor,#FFFF00
2025-05-23 15:30:00,"Punjabi Bagh, Delhi - DPCC",60.0,66.03878571428571,94.71533,6.038785714285709,34.71533203125,Moderate,Moderate,Moderate,#FFFF00
2025-05-23 16:30:00,"Punjabi Bagh, Delhi - DPCC",64.0,65.90189285714285,100.08589,1.9018928571428544,36.08589172363281,Moderate,Moderate,Poor,#FFFF00
2025-05-23 17:30:00,"Punjabi Bagh, Delhi - DPCC",60.0,66.1867619047619,97.055595,6.186761904761895,37.05559539794922,Moderate,Moderate,Moderate,#FFFF00
2025-05-23 18:30:00,"Punjabi Bagh, Delhi - DPCC",71.0,69.15494047619046,106.67957,1.8450595238095389,35.67957305908203,Moderate,Moderate,Poor,#FFFF00
2025-05-23 19:30:00,"Punjabi Bagh, Delhi - DPCC",81.0,70.0775541125541,105.56197,10.922445887445903,24.561973571777344,Moderate,Moderate,Poor,#FFFF00
2025-05-23 20:30:00,"Punjabi Bagh, Delhi - DPCC",70.0,70.96246428571428,106.8101,0.962464285714276,36.810096740722656,Moderate,Moderate,Poor,#FFFF00
2025-05-23 21:30:00,"Punjabi Bagh, Delhi - DPCC",77.0,78.49519696969696,116.56274,1.4951969696969627,39.56273651123047,Moderate,Moderate,Poor,#FFFF00
2025-05-23 22:30:00,"Punjabi Bagh, Delhi - DPCC",76.0,72.60041125541125,104.830925,3.3995887445887547,28.83092498779297,Moderate,Moderate,Poor,#FFFF00
2025-05-23 23:30:00,"Punjabi Bagh, Delhi - DPCC",75.0,78.06353030303029,115.41601,3.0635303030302907,40.41600799560547,Moderate,Moderate,Poor,#FFFF00
2025-05-24 00:30:00,"Punjabi Bagh, Delhi - DPCC",67.0,67.1277738095238,99.893486,0.1277738095238021,32.89348602294922,Moderate,Moderate,Moderate,#FFFF00
2025-05-24 01:30:00,"Punjabi Bagh, Delhi - DPCC",76.0,70.20610173160172,105.10964,5.79389826839828,29.109642028808597,Moderate,Moderate,Poor,#FFFF00
2025-05-24 02:30:00,"Punjabi Bagh, Delhi - DPCC",97.0,83.48069300144303,120.77737,13.51930699855697,23.777366638183597,Moderate,Moderate,Poor,#FFFF00
2025-05-24 03:30:00,"Punjabi Bagh, Delhi - DPCC",126.0,114.02624603174606,118.53452,11.973753968253943,7.465476989746094,Poor,Poor,Poor,#FF7E00
2025-05-24 04:30:00,"Punjabi Bagh, Delhi - DPCC",160.0,144.23118975468972,149.17545,15.768810245310275,10.824554443359377,Poor,Poor,Poor,#FF7E00
2025-05-24 05:30:00,"Punjabi Bagh, Delhi - DPCC",181.0,152.63019841269838,150.29684,28.369801587301623,30.703155517578125,Poor,Poor,Poor,#FF7E00
2025-05-24 06:30:00,"Punjabi Bagh, Delhi - DPCC",34.0,141.55170562770562,157.42802,107.55170562770562,123.4280242919922,Good,Poor,Poor,#00E400
2025-05-24 07:30:00,"Punjabi Bagh, Delhi - DPCC",27.0,80.15653571428575,125.1848,53.15653571428575,98.18479919433594,Good,Moderate,Poor,#00E400
2025-05-24 08:30:00,"Punjabi Bagh, Delhi - DPCC",29.0,68.56761904761905,104.91034,39.56761904761905,75.91033935546875,Good,Moderate,Poor,#00E400
2025-05-24 09:30:00,"Punjabi Bagh, Delhi - DPCC",27.0,69.01459523809524,107.23428,42.01459523809524,80.23428344726562,Good,Moderate,Poor,#00E400
2025-05-24 10:30:00,"Punjabi Bagh, Delhi - DPCC",167.0,71.77342857142858,108.92773,95.22657142857142,58.07227325439453,Poor,Moderate,Poor,#FF7E00
2025-05-24 11:30:00,"Punjabi Bagh, Delhi - DPCC",141.0,126.07083333333333,123.94127,14.929166666666674,17.058731079101562,Poor,Poor,Poor,#FF7E00
2025-05-24 12:30:00,"Punjabi Bagh, Delhi - DPCC",128.0,138.34779256854256,131.77759,10.34779256854256,3.777587890625,Poor,Poor,Poor,#FF7E00
2025-05-24 13:30:00,"Punjabi Bagh, Delhi - DPCC",104.0,129.91717352092354,129.18855,25.91717352092354,25.188552856445312,Poor,Poor,Poor,#FF7E00
2025-05-24 14:30:00,"Punjabi Bagh, Delhi - DPCC",78.0,120.22084126984126,112.31135,42.22084126984126,34.31134796142578,Moderate,Poor,Poor,#FFFF00
2025-05-24 15:30:00,"Punjabi Bagh, Delhi - DPCC",69.0,82.8424047619048,114.87743,13.842404761904804,45.87743377685547,Moderate,Moderate,Poor,#FFFF00
2025-05-24 16:30:00,"Punjabi Bagh, Delhi - DPCC",66.0,66.29705952380951,99.02295,0.2970595238095086,33.02294921875,Moderate,Moderate,Moderate,#FFFF00
2025-05-24 17:30:00,"Punjabi Bagh, Delhi - DPCC",78.0,70.1513041125541,105.8688,7.848695887445899,27.868797302246094,Moderate,Moderate,Poor,#FFFF00
2025-05-24 18:30:00,"Punjabi Bagh, Delhi - DPCC",92.0,82.92044300144303,120.90927,9.079556998556969,28.90927124023437,Moderate,Moderate,Poor,#FFFF00
2025-05-24 19:30:00,"Punjabi Bagh, Delhi - DPCC",119.0,100.52733333333332,125.387085,18.472666666666683,6.3870849609375,Poor,Poor,Poor,#FF7E00
2025-05-24 20:30:00,"Punjabi Bagh, Delhi - DPCC",120.0,127.4144595959596,126.18791,7.414459595959613,6.187911987304688,Poor,Poor,Poor,#FF7E00
2025-05-24 21:30:00,"Punjabi Bagh, Delhi - DPCC",114.0,129.30935642135643,132.37476,15.309356421356426,18.374755859375,Poor,Poor,Poor,#FF7E00
2025-05-24 22:30:00,"Punjabi Bagh, Delhi - DPCC",94.0,125.61362626262628,120.8327,31.61362626262627,26.83270263671875,Moderate,Poor,Poor,#FFFF00
2025-05-24 23:30:00,"Punjabi Bagh, Delhi - DPCC",91.0,114.91417460317462,113.40145,23.91417460317461,22.401451110839844,Moderate,Poor,Poor,#FFFF00
2025-05-25 00:30:00,"Punjabi Bagh, Delhi - DPCC",80.0,91.39366919191922,116.13415,11.393669191919216,36.13414764404297,Moderate,Moderate,Poor,#FFFF00
2025-05-25 01:30:00,"Punjabi Bagh, Delhi - DPCC",63.0,80.58747619047622,114.25681,17.587476190476224,51.256813049316406,Moderate,Moderate,Poor,#FFFF00
2025-05-25 02:30:00,"Punjabi Bagh, Delhi - DPCC",68.0,67.98871428571428,98.85429,0.0112857142857194,30.854286193847656,Moderate,Moderate,Moderate,#FFFF00
2025-05-25 03:30:00,"Punjabi Bagh, Delhi - DPCC",77.0,70.10238744588744,105.21717,6.897612554112556,28.21717071533203,Moderate,Moderate,Poor,#FFFF00
2025-05-25 04:30:00,"Punjabi Bagh, Delhi - DPCC",98.0,83.37569300144304,120.76064,14.62430699855696,22.760643005371094,Moderate,Moderate,Poor,#FFFF00
2025-05-25 05:30:00,"Punjabi Bagh, Delhi - DPCC",128.0,114.44491269841272,119.72791,13.555087301587278,8.272087097167969,Poor,Poor,Poor,#FF7E00
2025-05-25 06:30:00,"Punjabi Bagh, Delhi - DPCC",139.0,131.589898989899,142.74342,7.410101010100988,3.7434234619140634,Poor,Poor,Poor,#FF7E00
2025-05-25 07:30:00,"Punjabi Bagh, Delhi - DPCC",142.0,134.74694264069262,141.93556,7.253057359307377,0.0644378662109375,Poor,Poor,Poor,#FF7E00
2025-05-25 08:30:00,"Punjabi Bagh, Delhi - DPCC",119.0,132.04943073593074,131.71863,13.04943073593074,12.7186279296875,Poor,Poor,Poor,#FF7E00
2025-05-25 09:30:00,"Punjabi Bagh, Delhi - DPCC",94.0,128.4305945165945,125.48671,34.43059451659451,31.48670959472656,Moderate,Poor,Poor,#FFFF00
2025-05-25 10:30:00,"Punjabi Bagh, Delhi - DPCC",100.0,121.9031746031746,111.98679,21.903174603174605,11.986793518066406,Moderate,Poor,Poor,#FFFF00
2025-05-25 11:30:00,"Punjabi Bagh, Delhi - DPCC",95.0,104.2225,120.20294,9.222499999999997,25.20294189453125,Moderate,Poor,Poor,#FFFF00
2025-05-25 12:30:00,"Punjabi Bagh, Delhi - DPCC",54.0,81.93420238095241,111.705765,27.934202380952414,57.70576477050781,Moderate,Moderate,Poor,#FFFF00
2025-05-26 11:30:00,"Punjabi Bagh, Delhi - DPCC",169.0,141.69453174603174,142.64426,27.305468253968257,26.355743408203125,Poor,Poor,Poor,#FF7E00
2025-05-26 12:30:00,"Punjabi Bagh, Delhi - DPCC",150.0,136.531531024531,149.62067,13.468468975468994,0.37933349609375,Poor,Poor,Poor,#FF7E00
2025-05-26 13:30:00,"Punjabi Bagh, Delhi - DPCC",75.0,136.55578391053393,127.376625,61.55578391053393,52.37662506103516,Moderate,Poor,Poor,#FFFF00
2025-05-26 14:30:00,"Punjabi Bagh, Delhi - DPCC",22.0,82.21053571428575,113.85443,60.21053571428576,91.85443115234376,Good,Moderate,Poor,#00E400
2025-05-26 15:30:00,"Punjabi Bagh, Delhi - DPCC",16.0,66.35136904761903,94.06584,50.35136904761903,78.06584167480469,Good,Moderate,Moderate,#00E400
2025-05-26 16:30:00,"Punjabi Bagh, Delhi - DPCC",6.0,66.32636904761904,94.08499,60.32636904761904,88.08499145507812,Good,Moderate,Moderate,#00E400
2025-05-26 17:30:00,"Punjabi Bagh, Delhi - DPCC",6.0,65.9962619047619,96.24013,59.99626190476189,90.24012756347656,Good,Moderate,Moderate,#00E400
2025-05-26 18:30:00,"Punjabi Bagh, Delhi - DPCC",16.0,66.84592857142857,96.21844,50.84592857142857,80.21843719482422,Good,Moderate,Moderate,#00E400
2025-05-26 19:30:00,"Punjabi Bagh, Delhi - DPCC",21.0,66.9640119047619,95.90768,45.964011904761904,74.90767669677734,Good,Moderate,Moderate,#00E400
2025-05-26 20:30:00,"Punjabi Bagh, Delhi - DPCC",28.0,66.9340119047619,95.93326,38.9340119047619,67.93325805664062,Good,Moderate,Moderate,#00E400
2025-05-26 21:30:00,"Punjabi Bagh, Delhi - DPCC",33.0,67.09217857142856,95.93326,34.09217857142856,62.93325805664063,Good,Moderate,Moderate,#00E400
2025-04-01 00:30:00,"Anand Vihar, New Delhi - DPCC",205.0,205.51732539682536,205.04744,0.5173253968253562,0.0474395751953125,Very Poor,Very Poor,Very Poor,#FF0000
2025-04-01 01:30:00,"Anand Vihar, New Delhi - DPCC",380.0,380.7909047619048,379.63507,0.7909047619047556,0.36492919921875,Severe,Severe,Severe,#8F3F97
2025-04-01 02:30:00,"Anand Vihar, New Delhi - DPCC",426.0,424.9945198412699,426.15878,1.0054801587301083,0.158782958984375,Severe,Severe,Severe,#8F3F97
2025-04-01 03:30:00,"Anand Vihar, New Delhi - DPCC",304.0,303.0672103174603,303.54135,0.932789682539692,0.458648681640625,Severe,Severe,Severe,#8F3F97
2025-04-01 04:30:00,"Anand Vihar, New Delhi - DPCC",500.0,496.31933333333336,499.91406,3.680666666666639,0.0859375,Severe,Severe,Severe,#8F3F97
2025-04-01 05:30:00,"Anand Vihar, New Delhi - DPCC",157.0,161.7133556998557,157.42435,4.713355699855697,0.424346923828125,Poor,Poor,Poor,#FF7E00
2025-04-01 06:30:00,"Anand Vihar, New Delhi - DPCC",87.0,93.49546428571432,87.01223,6.49546428571432,0.0122299194335937,Moderate,Moderate,Moderate,#FFFF00
2025-04-01 07:30:00,"Anand Vihar, New Delhi - DPCC",92.0,93.28380952380954,91.99663,1.2838095238095375,0.0033721923828125,Moderate,Moderate,Moderate,#FFFF00
2025-04-01 08:30:00,"Anand Vihar, New Delhi - DPCC",500.0,427.7625952380953,499.24454,72.23740476190471,0.755462646484375,Severe,Severe,Severe,#8F3F97
2025-04-01 09:30:00,"Anand Vihar, New Delhi - DPCC",155.0,161.75434126984123,155.44234,6.754341269841234,0.4423370361328125,Poor,Poor,Poor,#FF7E00
2025-04-01 10:30:00,"Anand Vihar, New Delhi - DPCC",195.0,202.84105555555556,194.76488,7.841055555555528,0.2351226806640625,Poor,Very Poor,Poor,#FF7E00
2025-04-01 14:30:00,"Anand Vihar, New Delhi - DPCC",200.0,202.26048015873016,199.92513,2.260480158730161,0.0748748779296875,Poor,Very Poor,Poor,#FF7E00
2025-04-01 15:30:00,"Anand Vihar, New Delhi - DPCC",177.0,180.70607936507932,176.97255,3.706079365079347,0.0274505615234375,Poor,Poor,Poor,#FF7E00
2025-04-01 16:30:00,"Anand Vihar, New Delhi - DPCC",138.0,142.18120238095236,138.10896,4.181202380952357,0.1089630126953125,Poor,Poor,Poor,#FF7E00
2025-04-01 17:30:00,"Anand Vihar, New Delhi - DPCC",168.0,167.71029761904768,167.99712,0.2897023809523205,0.0028839111328125,Poor,Poor,Poor,#FF7E00
2025-04-01 18:30:00,"Anand Vihar, New Delhi - DPCC",167.0,167.39896031746034,167.3231,0.398960317460336,0.3231048583984375,Poor,Poor,Poor,#FF7E00
2025-04-01 19:30:00,"Anand Vihar, New Delhi - DPCC",164.0,165.0057301587302,164.05042,1.005730158730188,0.0504150390625,Poor,Poor,Poor,#FF7E00
2025-04-01 20:30:00,"Anand Vihar, New Delhi - DPCC",198.0,200.1030039682541,198.38525,2.1030039682540576,0.38525390625,Poor,Very Poor,Poor,#FF7E00
2025-04-01 21:30:00,"Anand Vihar, New Delhi - DPCC",308.0,302.47214249639245,307.8934,5.5278575036075495,0.106597900390625,Severe,Severe,Severe,#8F3F97
2025-04-01 22:30:00,"Anand Vihar, New Delhi - DPCC",307.0,310.0128867243867,306.72028,3.0128867243867035,0.27972412109375,Severe,Severe,Severe,#8F3F97
2025-04-01 23:30:00,"Anand Vihar, New Delhi - DPCC",286.0,287.0592698412699,285.9512,1.059269841269895,0.048797607421875,Very Poor,Very Poor,Very Poor,#FF0000
2025-04-02 00:30:00,"Anand Vihar, New Delhi - DPCC",286.0,290.1681666666667,286.25635,4.168166666666707,0.25634765625,Very Poor,Very Poor,Very Poor,#FF0000
2025-04-02 01:30:00,"Anand Vihar, New Delhi - DPCC",386.0,385.8866547619048,386.07263,0.1133452380952348,0.0726318359375,Severe,Severe,Severe,#8F3F97
2025-04-02 02:30:00,"Anand Vihar, New Delhi - DPCC",457.0,458.1719365079363,456.959,1.1719365079363229,0.040985107421875,Severe,Severe,Severe,#8F3F97
2025-04-02 03:30:00,"Anand Vihar, New Delhi - DPCC",369.0,377.511992063492,369.3069,8.511992063492016,0.306884765625,Severe,Severe,Severe,#8F3F97
2025-04-02 04:30:00,"Anand Vihar, New Delhi - DPCC",276.0,275.5978055555556,275.92065,0.4021944444443761,0.079345703125,Very Poor,Very Poor,Very Poor,#FF0000
2025-04-02 05:30:00,"Anand Vihar, New Delhi - DPCC",191.0,192.16603571428573,190.98221,1.166035714285755,0.017791748046875,Poor,Poor,Poor,#FF7E00
2025-04-02 06:30:00,"Anand Vihar, New Delhi - DPCC",206.0,206.76077669552663,206.40764,0.7607766955266584,0.4076385498046875,Very Poor,Very Poor,Very Poor,#FF0000
2025-04-02 07:30:00,"Anand Vihar, New Delhi - DPCC",266.0,265.525005050505,265.94644,0.4749949494949987,0.053558349609375,Very Poor,Very Poor,Very Poor,#FF0000
2025-04-02 08:30:00,"Anand Vihar, New Delhi - DPCC",167.0,167.45349999999996,167.01752,0.4534999999999627,0.01751708984375,Poor,Poor,Poor,#FF7E00
2025-04-02 09:30:00,"Anand Vihar, New Delhi - DPCC",500.0,482.2321428571428,499.9564,17.767857142857167,0.043609619140625,Severe,Severe,Severe,#8F3F97
2025-04-02 10:30:00,"Anand Vihar, New Delhi - DPCC",186.0,186.16611507936503,186.04343,0.1661150793650563,0.043426513671875,Poor,Poor,Poor,#FF7E00
2025-04-02 11:30:00,"Anand Vihar, New Delhi - DPCC",111.0,107.551384920635,111.28164,3.4486150793650125,0.2816390991210937,Poor,Poor,Poor,#FF7E00
2025-04-02 12:30:00,"Anand Vihar, New Delhi - DPCC",107.0,102.55428715728716,106.991455,4.445712842712837,0.008544921875,Poor,Poor,Poor,#FF7E00
2025-04-02 13:30:00,"Anand Vihar, New Delhi - DPCC",151.0,153.7181865079365,151.03548,2.718186507936508,0.0354766845703125,Poor,Poor,Poor,#FF7E00
2025-04-02 14:30:00,"Anand Vihar, New Delhi - DPCC",219.0,210.64674755799757,219.11388,8.353252442002457,0.1138763427734375,Very Poor,Very Poor,Very Poor,#FF0000
2025-04-02 15:30:00,"Anand Vihar, New Delhi - DPCC",253.0,255.24643833943836,252.9718,2.246438339438328,0.0281982421875,Very Poor,Very Poor,Very Poor,#FF0000
2025-04-02 16:30:00,"Anand Vihar, New Delhi - DPCC",364.0,364.2117296869798,363.84204,0.2117296869798224,0.157958984375,Severe,Severe,Severe,#8F3F97
2025-04-02 17:30:00,"Anand Vihar, New Delhi - DPCC",412.0,382.0395551948053,411.4761,29.960444805194697,0.523895263671875,Severe,Severe,Severe,#8F3F97
2025-04-02 18:30:00,"Anand Vihar, New Delhi - DPCC",338.0,337.91586075036065,337.93204,0.0841392496393496,0.067962646484375,Severe,Severe,Severe,#8F3F97
2025-04-02 19:30:00,"Anand Vihar, New Delhi - DPCC",357.0,360.0185266955268,357.09344,3.01852669552676,0.09344482421875,Severe,Severe,Severe,#8F3F97
2025-04-02 20:30:00,"Anand Vihar, New Delhi - DPCC",355.0,351.76276984126986,354.70984,3.237230158730142,0.2901611328125,Severe,Severe,Severe,#8F3F97
2025-04-02 21:30:00,"Anand Vihar, New Delhi - DPCC",333.0,334.4929231601733,333.31702,1.4929231601732909,0.3170166015625,Severe,Severe,Severe,#8F3F97
2025-04-02 22:30:00,"Anand Vihar, New Delhi - DPCC",273.0,272.7924123376623,272.89276,0.2075876623376871,0.10723876953125,Very Poor,Very Poor,Very Poor,#FF0000
2025-04-02 23:30:00,"Anand Vihar, New Delhi - DPCC",342.0,343.6248650793651,342.28406,1.6248650793651225,0.2840576171875,Severe,Severe,Severe,#8F3F97
2025-04-03 00:30:00,"Anand Vihar, New Delhi - DPCC",439.0,437.4776424963924,438.74637,1.5223575036075658,0.253631591796875,Severe,Severe,Severe,#8F3F97
2025-04-03 01:30:00,"Anand Vihar, New Delhi - DPCC",382.0,382.9851150793651,381.78326,0.9851150793650733,0.21673583984375,Severe,Severe,Severe,#8F3F97
2025-04-03 02:30:00,"Anand Vihar, New Delhi - DPCC",380.0,382.5044801587303,380.0163,2.5044801587303027,0.01629638671875,Severe,Severe,Severe,#8F3F97
2025-04-03 03:30:00,"Anand Vihar, New Delhi - DPCC",446.0,446.1377427849928,446.09155,0.1377427849927812,0.091552734375,Severe,Severe,Severe,#8F3F97
2025-04-03 04:30:00,"Anand Vihar, New Delhi - DPCC",417.0,417.1060119047619,417.0582,0.1060119047618854,0.058197021484375,Severe,Severe,Severe,#8F3F97
2025-04-03 05:30:00,"Anand Vihar, New Delhi - DPCC",262.0,261.77686111111115,261.9295,0.2231388888888545,0.07049560546875,Very Poor,Very Poor,Very Poor,#FF0000
2025-04-03 06:30:00,"Anand Vihar, New Delhi - DPCC",171.0,173.198496031746,171.2803,2.198496031746004,0.280303955078125,Poor,Poor,Poor,#FF7E00
2025-04-03 07:30:00,"Anand Vihar, New Delhi - DPCC",500.0,500.0,499.98035,0.0,0.0196533203125,Severe,Severe,Severe,#8F3F97
2025-04-03 08:30:00,"Anand Vihar, New Delhi - DPCC",73.0,79.12179761904764,73.07247,6.121797619047641,0.0724716186523437,Moderate,Moderate,Moderate,#FFFF00
2025-04-03 09:30:00,"Anand Vihar, New Delhi - DPCC",500.0,489.0446428571428,499.95782,10.955357142857167,0.04217529296875,Severe,Severe,Severe,#8F3F97
2025-04-03 10:30:00,"Anand Vihar, New Delhi - DPCC",77.0,79.8735277777778,77.16954,2.8735277777777952,0.1695404052734375,Moderate,Moderate,Moderate,#FFFF00
2025-04-03 11:30:00,"Anand Vihar, New Delhi - DPCC",132.0,149.096880952381,132.3386,17.096880952380985,0.338592529296875,Poor,Poor,Poor,#FF7E00
2025-04-03 12:30:00,"Anand Vihar, New Delhi - DPCC",138.0,140.75614285714286,137.93948,2.756142857142862,0.060516357421875,Poor,Poor,Poor,#FF7E00
2025-04-03 13:30:00,"Anand Vihar, New Delhi - DPCC",341.0,335.46355158730165,340.9284,5.536448412698348,0.07159423828125,Severe,Severe,Severe,#8F3F97
2025-04-03 14:30:00,"Anand Vihar, New Delhi - DPCC",470.0,463.6732142857143,469.80078,6.326785714285677,0.19921875,Severe,Severe,Severe,#8F3F97
2025-04-03 15:30:00,"Anand Vihar, New Delhi - DPCC",454.0,448.4770220057719,454.01752,5.522977994228086,0.01751708984375,Severe,Severe,Severe,#8F3F97
2025-04-03 16:30:00,"Anand Vihar, New Delhi - DPCC",376.0,375.25999639249625,376.19443,0.7400036075037519,0.194427490234375,Severe,Severe,Severe,#8F3F97
2025-04-03 17:30:00,"Anand Vihar, New Delhi - DPCC",334.0,335.1703795093795,334.0731,1.1703795093794724,0.073089599609375,Severe,Severe,Severe,#8F3F97
2025-04-03 18:30:00,"Anand Vihar, New Delhi - DPCC",445.0,422.79718614718615,444.64737,22.202813852813847,0.352630615234375,Severe,Severe,Severe,#8F3F97
2025-04-03 19:30:00,"Anand Vihar, New Delhi - DPCC",472.0,468.6869285714285,471.55487,3.3130714285715044,0.44512939453125,Severe,Severe,Severe,#8F3F97
2025-04-03 20:30:00,"Anand Vihar, New Delhi - DPCC",450.0,449.2231486291486,450.0304,0.7768513708513751,0.0303955078125,Severe,Severe,Severe,#8F3F97
2025-04-03 21:30:00,"Anand Vihar, New Delhi - DPCC",306.0,310.5840039682539,306.0536,4.58400396825391,0.0535888671875,Severe,Severe,Severe,#8F3F97
2025-04-03 22:30:00,"Anand Vihar, New Delhi - DPCC",344.0,361.64728174603175,344.30045,17.64728174603175,0.300445556640625,Severe,Severe,Severe,#8F3F97
2025-04-03 23:30:00,"Anand Vihar, New Delhi - DPCC",500.0,461.6004166666665,499.78992,38.39958333333351,0.2100830078125,Severe,Severe,Severe,#8F3F97
2025-04-04 00:30:00,"Anand Vihar, New Delhi - DPCC",434.0,438.7027817460317,434.09082,4.70278174603169,0.0908203125,Severe,Severe,Severe,#8F3F97
2025-04-04 01:30:00,"Anand Vihar, New Delhi - DPCC",451.0,449.06092243867226,450.84174,1.939077561327736,0.15826416015625,Severe,Severe,Severe,#8F3F97
2025-04-04 02:30:00,"Anand Vihar, New Delhi - DPCC",450.0,446.2473993506495,450.06168,3.752600649350484,0.061676025390625,Severe,Severe,Severe,#8F3F97
2025-04-04 03:30:00,"Anand Vihar, New Delhi - DPCC",331.0,331.67052633477635,330.98358,0.6705263347763548,0.01641845703125,Severe,Severe,Severe,#8F3F97
2025-04-04 04:30:00,"Anand Vihar, New Delhi - DPCC",222.0,224.6361111111112,221.83194,2.636111111111177,0.168060302734375,Very Poor,Very Poor,Very Poor,#FF0000
2025-04-04 05:30:00,"Anand Vihar, New Delhi - DPCC",136.0,137.3330952380953,136.11555,1.3330952380952965,0.1155548095703125,Poor,Poor,Poor,#FF7E00
2025-04-04 06:30:00,"Anand Vihar, New Delhi - DPCC",500.0,500.0,499.99356,0.0,0.006439208984375,Severe,Severe,Severe,#8F3F97
2025-04-04 07:30:00,"Anand Vihar, New Delhi - DPCC",140.0,138.74310642135643,139.86862,1.2568935786435702,0.131378173828125,Poor,Poor,Poor,#FF7E00
2025-04-04 08:30:00,"Anand Vihar, New Delhi - DPCC",189.0,194.8858928571429,189.12697,5.885892857142864,0.1269683837890625,Poor,Poor,Poor,#FF7E00
2025-04-04 09:30:00,"Anand Vihar, New Delhi - DPCC",205.0,205.1302857142857,205.06142,0.1302857142857192,0.0614166259765625,Very Poor,Very Poor,Very Poor,#FF0000
2025-04-04 10:30:00,"Anand Vihar, New Delhi - DPCC",260.0,260.3542857142858,259.92145,0.3542857142858224,0.07855224609375,Very Poor,Very Poor,Very Poor,#FF0000
2025-04-04 11:30:00,"Anand Vihar, New Delhi - DPCC",206.0,202.5466547619048,205.87802,3.45334523809521,0.121978759765625,Very Poor,Very Poor,Very Poor,#FF0000
2025-04-04 12:30:00,"Anand Vihar, New Delhi - DPCC",200.0,200.0974455266955,199.87938,0.0974455266955089,0.1206207275390625,Poor,Very Poor,Poor,#FF7E00
2025-04-04 13:30:00,"Anand Vihar, New Delhi - DPCC",169.0,169.48923065823064,169.31255,0.4892306582306389,0.3125457763671875,Poor,Poor,Poor,#FF7E00
2025-04-04 14:30:00,"Anand Vihar, New Delhi - DPCC",138.0,139.37886904761908,138.09084,1.3788690476190766,0.0908355712890625,Poor,Poor,Poor,#FF7E00
2025-04-04 15:30:00,"Anand Vihar, New Delhi - DPCC",142.0,142.00953679653676,141.91768,0.0095367965367643,0.0823211669921875,Poor,Poor,Poor,#FF7E00
2025-04-04 16:30:00,"Anand Vihar, New Delhi - DPCC",151.0,151.04284126984126,150.96748,0.0428412698412614,0.0325164794921875,Poor,Poor,Poor,#FF7E00
2025-04-04 17:30:00,"Anand Vihar, New Delhi - DPCC",181.0,180.42336111111112,180.89076,0.5766388888888798,0.1092376708984375,Poor,Poor,Poor,#FF7E00
2025-04-04 18:30:00,"Anand Vihar, New Delhi - DPCC",154.0,154.34061904761907,153.90381,0.3406190476190716,0.09619140625,Poor,Poor,Poor,#FF7E00
2025-04-04 19:30:00,"Anand Vihar, New Delhi - DPCC",171.0,172.3116111111111,170.93585,1.311611111111091,0.06414794921875,Poor,Poor,Poor,#FF7E00
2025-04-04 20:30:00,"Anand Vihar, New Delhi - DPCC",205.0,204.32091269841268,204.84702,0.679087301587316,0.152984619140625,Very Poor,Very Poor,Very Poor,#FF0000
2025-04-04 21:30:00,"Anand Vihar, New Delhi - DPCC",136.0,136.06280158730158,136.30162,0.0628015873015783,0.3016204833984375,Poor,Poor,Poor,#FF7E00
2025-04-04 22:30:00,"Anand Vihar, New Delhi - DPCC",126.0,126.2511984126984,125.83672,0.2511984126984004,0.1632766723632812,Poor,Poor,Poor,#FF7E00
2025-04-04 23:30:00,"Anand Vihar, New Delhi - DPCC",115.0,115.96942640692644,115.043724,0.9694264069264308,0.0437240600585937,Poor,Poor,Poor,#FF7E00
2025-04-05 00:30:00,"Anand Vihar, New Delhi - DPCC",120.0,109.0053827561328,119.95912,10.99461724386721,0.0408782958984375,Poor,Poor,Poor,#FF7E00
2025-04-05 01:30:00,"Anand Vihar, New Delhi - DPCC",139.0,139.42091666666664,139.08043,0.4209166666666419,0.0804290771484375,Poor,Poor,Poor,#FF7E00
2025-04-05 02:30:00,"Anand Vihar, New Delhi - DPCC",205.0,202.51939682539685,204.94904,2.480603174603175,0.05096435546875,Very Poor,Very Poor,Very Poor,#FF0000
2025-04-05 03:30:00,"Anand Vihar, New Delhi - DPCC",269.0,268.6824466089466,268.9453,0.3175533910534227,0.0546875,Very Poor,Very Poor,Very Poor,#FF0000
2025-04-05 04:30:00,"Anand Vihar, New Delhi - DPCC",227.0,225.3712608225108,227.62129,1.6287391774892228,0.6212921142578125,Very Poor,Very Poor,Very Poor,#FF0000
2025-04-05 05:30:00,"Anand Vihar, New Delhi - DPCC",500.0,500.0,499.99252,0.0,0.007476806640625,Severe,Severe,Severe,#8F3F97
2025-04-05 06:30:00,"Anand Vihar, New Delhi - DPCC",300.0,299.27017857142846,299.95407,0.7298214285715403,0.045928955078125,Very Poor,Very Poor,Very Poor,#FF0000
2025-04-05 07:30:00,"Anand Vihar, New Delhi - DPCC",171.0,171.75222619047614,170.91513,0.7522261904761365,0.084869384765625,Poor,Poor,Poor,#FF7E00
2025-04-05 08:30:00,"Anand Vihar, New Delhi - DPCC",143.0,143.67091378066374,142.7668,0.6709137806637386,0.2332000732421875,Poor,Poor,Poor,#FF7E00
2025-04-05 09:30:00,"Anand Vihar, New Delhi - DPCC",111.0,110.98605952380947,111.02959,0.0139404761905126,0.0295867919921875,Poor,Poor,Poor,#FF7E00
2025-04-05 10:30:00,"Anand Vihar, New Delhi - DPCC",84.0,88.16959126984123,84.16914,4.169591269841234,0.1691436767578125,Moderate,Moderate,Moderate,#FFFF00
2025-04-05 11:30:00,"Anand Vihar, New Delhi - DPCC",106.0,106.75001587301588,105.98795,0.7500158730158688,0.0120468139648437,Poor,Poor,Poor,#FF7E00
2025-04-05 12:30:00,"Anand Vihar, New Delhi - DPCC",500.0,470.3594523809524,499.81644,29.640547619047595,0.183563232421875,Severe,Severe,Severe,#8F3F97
2025-04-05 13:30:00,"Anand Vihar, New Delhi - DPCC",140.0,141.91965476190478,139.94043,1.9196547619047808,0.0595703125,Poor,Poor,Poor,#FF7E00
2025-04-05 14:30:00,"Anand Vihar, New Delhi - DPCC",500.0,477.24766666666665,499.9342,22.752333333333358,0.0657958984375,Severe,Severe,Severe,#8F3F97
2025-04-05 15:30:00,"Anand Vihar, New Delhi - DPCC",371.0,377.3834018759018,370.9491,6.383401875901825,0.0509033203125,Severe,Severe,Severe,#8F3F97
2025-04-05 16:30:00,"Anand Vihar, New Delhi - DPCC",362.0,372.29983682983686,362.12173,10.299836829836863,0.121734619140625,Severe,Severe,Severe,#8F3F97
2025-04-05 17:30:00,"Anand Vihar, New Delhi - DPCC",307.0,307.18735714285714,307.10654,0.1873571428571381,0.106536865234375,Severe,Severe,Severe,#8F3F97
2025-04-05 18:30:00,"Anand Vihar, New Delhi - DPCC",180.0,180.935091991342,180.14836,0.9350919913419772,0.1483612060546875,Poor,Poor,Poor,#FF7E00
2025-04-05 19:30:00,"Anand Vihar, New Delhi - DPCC",183.0,184.8301825396825,182.86566,1.8301825396825395,0.13433837890625,Poor,Poor,Poor,#FF7E00
2025-04-05 20:30:00,"Anand Vihar, New Delhi - DPCC",107.0,104.53989466089466,107.0239,2.46010533910534,0.0239028930664062,Poor,Poor,Poor,#FF7E00
2025-04-05 21:30:00,"Anand Vihar, New Delhi - DPCC",128.0,128.81665873015874,128.37868,0.8166587301587356,0.3786773681640625,Poor,Poor,Poor,#FF7E00
2025-04-05 22:30:00,"Anand Vihar, New Delhi - DPCC",193.0,193.71994696969705,193.06265,0.7199469696970198,0.062652587890625,Poor,Poor,Poor,#FF7E00
2025-04-05 23:30:00,"Anand Vihar, New Delhi - DPCC",304.0,303.66887662337655,304.00754,0.3311233766234522,0.007537841796875,Severe,Severe,Severe,#8F3F97
2025-04-06 00:30:00,"Anand Vihar, New Delhi - DPCC",372.0,391.6356432178934,372.07077,19.635643217893403,0.070770263671875,Severe,Severe,Severe,#8F3F97
2025-04-06 01:30:00,"Anand Vihar, New Delhi - DPCC",417.0,415.1368452380953,417.08694,1.8631547619047524,0.086944580078125,Severe,Severe,Severe,#8F3F97
2025-04-06 02:30:00,"Anand Vihar, New Delhi - DPCC",334.0,332.1850631313132,334.13095,1.8149368686868,0.130950927734375,Severe,Severe,Severe,#8F3F97
2025-04-06 03:30:00,"Anand Vihar, New Delhi - DPCC",280.0,279.52482142857144,280.09088,0.4751785714285574,0.09088134765625,Very Poor,Very Poor,Very Poor,#FF0000
2025-04-06 04:30:00,"Anand Vihar, New Delhi - DPCC",204.0,210.3676904761905,203.93265,6.367690476190461,0.067352294921875,Very Poor,Very Poor,Very Poor,#FF0000
2025-04-06 05:30:00,"Anand Vihar, New Delhi - DPCC",172.0,172.33963888888883,171.92825,0.3396388888888282,0.071746826171875,Poor,Poor,Poor,#FF7E00
2025-04-06 06:30:00,"Anand Vihar, New Delhi - DPCC",99.0,100.35734704184706,99.12153,1.3573470418470637,0.1215286254882812,Moderate,Poor,Moderate,#FFFF00
2025-04-06 07:30:00,"Anand Vihar, New Delhi - DPCC",128.0,127.79201587301584,128.00648,0.207984126984158,0.0064849853515625,Poor,Poor,Poor,#FF7E00
2025-04-06 08:30:00,"Anand Vihar, New Delhi - DPCC",126.0,125.92012301587302,125.922714,0.079876984126983,0.0772857666015625,Poor,Poor,Poor,#FF7E00
2025-04-06 09:30:00,"Anand Vihar, New Delhi - DPCC",136.0,135.9114841269841,135.8206,0.0885158730158934,0.1793975830078125,Poor,Poor,Poor,#FF7E00
2025-04-06 10:30:00,"Anand Vihar, New Delhi - DPCC",130.0,130.09377380952384,130.04765,0.0937738095238387,0.0476531982421875,Poor,Poor,Poor,#FF7E00
2025-04-06 11:30:00,"Anand Vihar, New Delhi - DPCC",165.0,164.85505772005777,164.97522,0.1449422799422279,0.0247802734375,Poor,Poor,Poor,#FF7E00
2025-04-06 12:30:00,"Anand Vihar, New Delhi - DPCC",500.0,499.58,499.9605,0.4200000000000159,0.03948974609375,Severe,Severe,Severe,#8F3F97
2025-04-06 13:30:00,"Anand Vihar, New Delhi - DPCC",178.0,199.6977976190476,178.52597,21.69779761904761,0.525970458984375,Poor,Poor,Poor,#FF7E00
2025-04-06 14:30:00,"Anand Vihar, New Delhi - DPCC",334.0,335.7478398268397,333.80258,1.7478398268397086,0.197418212890625,Severe,Severe,Severe,#8F3F97
2025-04-06 15:30:00,"Anand Vihar, New Delhi - DPCC",412.0,405.5266706349206,411.95676,6.473329365079394,0.043243408203125,Severe,Severe,Severe,#8F3F97
2025-04-06 16:30:00,"Anand Vihar, New Delhi - DPCC",337.0,335.2869707792207,336.95285,1.7130292207792763,0.047149658203125,Severe,Severe,Severe,#8F3F97
2025-04-06 17:30:00,"Anand Vihar, New Delhi - DPCC",335.0,332.58229617604616,334.98404,2.4177038239538438,0.015960693359375,Severe,Severe,Severe,#8F3F97
2025-04-06 18:30:00,"Anand Vihar, New Delhi - DPCC",438.0,438.4652777777777,438.00986,0.4652777777777146,0.009857177734375,Severe,Severe,Severe,#8F3F97
2025-04-06 19:30:00,"Anand Vihar, New Delhi - DPCC",463.0,459.5101865079365,463.0116,3.4898134920634902,0.0115966796875,Severe,Severe,Severe,#8F3F97
2025-04-06 20:30:00,"Anand Vihar, New Delhi - DPCC",500.0,495.29476190476186,499.87567,4.705238095238144,0.12432861328125,Severe,Severe,Severe,#8F3F97
2025-04-06 21:30:00,"Anand Vihar, New Delhi - DPCC",500.0,481.12597619047614,499.92926,18.874023809523862,0.07073974609375,Severe,Severe,Severe,#8F3F97
2025-04-06 22:30:00,"Anand Vihar, New Delhi - DPCC",500.0,459.1657499999999,499.9648,40.83425000000011,0.035186767578125,Severe,Severe,Severe,#8F3F97
2025-04-06 23:30:00,"Anand Vihar, New Delhi - DPCC",482.0,481.0465833333332,482.06357,0.9534166666668398,0.063568115234375,Severe,Severe,Severe,#8F3F97
2025-04-07 00:30:00,"Anand Vihar, New Delhi - DPCC",492.0,484.8087261904761,491.70367,7.191273809523921,0.29632568359375,Severe,Severe,Severe,#8F3F97
2025-04-07 01:30:00,"Anand Vihar, New Delhi - DPCC",448.0,449.4340331890333,448.00534,1.4340331890332436,0.005340576171875,Severe,Severe,Severe,#8F3F97
2025-04-07 02:30:00,"Anand Vihar, New Delhi - DPCC",330.0,336.7969469696971,329.59952,6.796946969697103,0.400482177734375,Severe,Severe,Severe,#8F3F97
2025-04-07 03:30:00,"Anand Vihar, New Delhi - DPCC",500.0,487.0933095238095,499.84424,12.906690476190477,0.15576171875,Severe,Severe,Severe,#8F3F97
2025-04-07 04:30:00,"Anand Vihar, New Delhi - DPCC",316.0,314.2013492063492,316.09952,1.7986507936507792,0.099517822265625,Severe,Severe,Severe,#8F3F97
2025-04-07 05:30:00,"Anand Vihar, New Delhi - DPCC",259.0,258.505507936508,258.98065,0.4944920634920322,0.01934814453125,Very Poor,Very Poor,Very Poor,#FF0000
2025-04-07 06:30:00,"Anand Vihar, New Delhi - DPCC",188.0,187.17915873015872,188.08646,0.8208412698412815,0.086456298828125,Poor,Poor,Poor,#FF7E00
2025-04-07 07:30:00,"Anand Vihar, New Delhi - DPCC",203.0,203.66679365079364,203.00166,0.6667936507936361,0.0016632080078125,Very Poor,Very Poor,Very Poor,#FF0000
2025-04-07 08:30:00,"Anand Vihar, New Delhi - DPCC",157.0,157.6510277777777,157.11723,0.6510277777776992,0.1172332763671875,Poor,Poor,Poor,#FF7E00
2025-04-07 09:30:00,"Anand Vihar, New Delhi - DPCC",148.0,148.94488492063493,147.94505,0.9448849206349336,0.0549468994140625,Poor,Poor,Poor,#FF7E00
2025-04-07 10:30:00,"Anand Vihar, New Delhi - DPCC",154.0,153.97750000000002,153.95291,0.0224999999999795,0.047088623046875,Poor,Poor,Poor,#FF7E00
2025-04-07 11:30:00,"Anand Vihar, New Delhi - DPCC",133.0,133.0891626984127,133.06693,0.0891626984127071,0.066925048828125,Poor,Poor,Poor,#FF7E00
2025-04-07 12:30:00,"Anand Vihar, New Delhi - DPCC",112.0,114.084104978355,111.99879,2.0841049783549863,0.0012130737304687,Poor,Poor,Poor,#FF7E00
2025-04-07 13:30:00,"Anand Vihar, New Delhi - DPCC",168.0,168.06400000000005,167.98277,0.0640000000000498,0.0172271728515625,Poor,Poor,Poor,#FF7E00
2025-04-07 14:30:00,"Anand Vihar, New Delhi - DPCC",301.0,299.4439932289933,300.9828,1.5560067710067074,0.0172119140625,Severe,Very Poor,Severe,#8F3F97
2025-04-07 15:30:00,"Anand Vihar, New Delhi - DPCC",500.0,468.7942142857142,499.96878,31.20578571428581,0.031219482421875,Severe,Severe,Severe,#8F3F97
2025-04-07 16:30:00,"Anand Vihar, New Delhi - DPCC",374.0,400.9822698412699,374.17593,26.982269841269897,0.175933837890625,Severe,Severe,Severe,#8F3F97
2025-04-07 17:30:00,"Anand Vihar, New Delhi - DPCC",329.0,381.1978293650793,328.6539,52.19782936507932,0.346099853515625,Severe,Severe,Severe,#8F3F97
2025-04-07 18:30:00,"Anand Vihar, New Delhi - DPCC",321.0,322.47851587301585,321.18488,1.4785158730158514,0.18487548828125,Severe,Severe,Severe,#8F3F97
2025-04-07 19:30:00,"Anand Vihar, New Delhi - DPCC",297.0,297.15369588744585,296.9786,0.1536958874458491,0.021392822265625,Very Poor,Very Poor,Very Poor,#FF0000
2025-04-07 20:30:00,"Anand Vihar, New Delhi - DPCC",228.0,229.22648412698425,227.69191,1.226484126984218,0.3080902099609375,Very Poor,Very Poor,Very Poor,#FF0000
2025-04-07 21:30:00,"Anand Vihar, New Delhi - DPCC",167.0,167.5119246031746,167.34357,0.5119246031746059,0.34356689453125,Poor,Poor,Poor,#FF7E00
2025-04-07 22:30:00,"Anand Vihar, New Delhi - DPCC",143.0,144.2924494949495,143.12813,1.2924494949494942,0.1281280517578125,Poor,Poor,Poor,#FF7E00
2025-04-07 23:30:00,"Anand Vihar, New Delhi - DPCC",169.0,170.7811004273504,169.05368,1.7811004273503954,0.053680419921875,Poor,Poor,Poor,#FF7E00
2025-04-08 00:30:00,"Anand Vihar, New Delhi - DPCC",211.0,210.05143939393943,210.9877,0.9485606060605676,0.012298583984375,Very Poor,Very Poor,Very Poor,#FF0000
2025-04-08 01:30:00,"Anand Vihar, New Delhi - DPCC",252.0,255.56709126984128,251.9878,3.567091269841285,0.01220703125,Very Poor,Very Poor,Very Poor,#FF0000
2025-04-08 02:30:00,"Anand Vihar, New Delhi - DPCC",306.0,307.50784307359305,306.4862,1.507843073593051,0.4862060546875,Severe,Severe,Severe,#8F3F97
2025-04-08 03:30:00,"Anand Vihar, New Delhi - DPCC",394.0,392.6567493339994,393.79303,1.3432506660005856,0.20697021484375,Severe,Severe,Severe,#8F3F97
2025-04-08 04:30:00,"Anand Vihar, New Delhi - DPCC",409.0,408.9566544566544,408.888,0.0433455433455947,0.11199951171875,Severe,Severe,Severe,#8F3F97
2025-04-08 05:30:00,"Anand Vihar, New Delhi - DPCC",325.0,325.02568722943715,325.06644,0.0256872294371532,0.066436767578125,Severe,Severe,Severe,#8F3F97
2025-04-08 06:30:00,"Anand Vihar, New Delhi - DPCC",241.0,243.5323412698412,241.18437,2.532341269841197,0.1843719482421875,Very Poor,Very Poor,Very Poor,#FF0000
2025-04-08 07:30:00,"Anand Vihar, New Delhi - DPCC",166.0,169.18262698412695,165.79211,3.182626984126955,0.2078857421875,Poor,Poor,Poor,#FF7E00
2025-04-08 08:30:00,"Anand Vihar, New Delhi - DPCC",145.0,144.5266150793651,144.78348,0.4733849206349134,0.216522216796875,Poor,Poor,Poor,#FF7E00
2025-04-08 09:30:00,"Anand Vihar, New Delhi - DPCC",145.0,144.6995396825397,145.1828,0.3004603174603346,0.18280029296875,Poor,Poor,Poor,#FF7E00
2025-04-08 10:30:00,"Anand Vihar, New Delhi - DPCC",162.0,162.33607575757577,161.99492,0.3360757575757702,0.0050811767578125,Poor,Poor,Poor,#FF7E00
2025-04-08 11:30:00,"Anand Vihar, New Delhi - DPCC",216.0,216.0254052059053,215.9126,0.0254052059052867,0.08740234375,Very Poor,Very Poor,Very Poor,#FF0000
2025-04-08 12:30:00,"Anand Vihar, New Delhi - DPCC",261.0,260.1837002442003,260.98166,0.8162997557997187,0.018341064453125,Very Poor,Very Poor,Very Poor,#FF0000
2025-04-08 13:30:00,"Anand Vihar, New Delhi - DPCC",335.0,332.5092142857143,334.75336,2.490785714285721,0.24664306640625,Severe,Severe,Severe,#8F3F97
2025-04-08 14:30:00,"Anand Vihar, New Delhi - DPCC",370.0,369.5466121933623,370.08932,0.4533878066377497,0.089324951171875,Severe,Severe,Severe,#8F3F97
2025-04-08 15:30:00,"Anand Vihar, New Delhi - DPCC",381.0,375.6528174603174,381.04666,5.347182539682592,0.046661376953125,Severe,Severe,Severe,#8F3F97
2025-04-08 16:30:00,"Anand Vihar, New Delhi - DPCC",319.0,320.2217193362194,319.12814,1.221719336219394,0.128143310546875,Severe,Severe,Severe,#8F3F97
2025-04-08 17:30:00,"Anand Vihar, New Delhi - DPCC",290.0,288.9825476190477,289.16736,1.0174523809523066,0.8326416015625,Very Poor,Very Poor,Very Poor,#FF0000
2025-04-08 18:30:00,"Anand Vihar, New Delhi - DPCC",500.0,496.94333333333327,500.0005,3.056666666666729,0.00048828125,Severe,Severe,Severe,#8F3F97
2025-04-08 19:30:00,"Anand Vihar, New Delhi - DPCC",193.0,194.60834920634915,192.93217,1.6083492063491462,0.0678253173828125,Poor,Poor,Poor,#FF7E00
2025-04-08 20:30:00,"Anand Vihar, New Delhi - DPCC",188.0,198.3267579365079,188.19847,10.326757936507905,0.1984710693359375,Poor,Poor,Poor,#FF7E00
2025-04-08 21:30:00,"Anand Vihar, New Delhi - DPCC",206.0,204.19297619047612,206.0228,1.807023809523855,0.022796630859375,Very Poor,Very Poor,Very Poor,#FF0000
2025-04-08 22:30:00,"Anand Vihar, New Delhi - DPCC",242.0,245.17311519036517,241.97543,3.173115190365138,0.024566650390625,Very Poor,Very Poor,Very Poor,#FF0000
2025-04-08 23:30:00,"Anand Vihar, New Delhi - DPCC",322.0,318.1471706349206,322.00687,3.852829365079401,0.006866455078125,Severe,Severe,Severe,#8F3F97
2025-04-09 00:30:00,"Anand Vihar, New Delhi - DPCC",326.0,327.0442301587302,325.97498,1.0442301587302154,0.0250244140625,Severe,Severe,Severe,#8F3F97
2025-04-11 13:30:00,"Anand Vihar, New Delhi - DPCC",414.0,399.6015948773448,413.85208,14.398405122655165,0.147918701171875,Severe,Severe,Severe,#8F3F97
2025-04-11 14:30:00,"Anand Vihar, New Delhi - DPCC",262.0,262.1415119047618,262.05234,0.141511904761785,0.052337646484375,Very Poor,Very Poor,Very Poor,#FF0000
2025-04-11 15:30:00,"Anand Vihar, New Delhi - DPCC",102.0,94.71797222222222,101.987434,7.282027777777785,0.0125656127929687,Poor,Moderate,Poor,#FF7E00
2025-04-11 16:30:00,"Anand Vihar, New Delhi - DPCC",106.0,104.00080555555556,106.094376,1.9991944444444412,0.0943756103515625,Poor,Poor,Poor,#FF7E00
2025-04-11 17:30:00,"Anand Vihar, New Delhi - DPCC",109.0,104.5207200577201,108.95986,4.479279942279902,0.0401382446289062,Poor,Poor,Poor,#FF7E00
2025-04-11 18:30:00,"Anand Vihar, New Delhi - DPCC",500.0,497.9573333333334,499.93033,2.042666666666605,0.069671630859375,Severe,Severe,Severe,#8F3F97
2025-04-11 19:30:00,"Anand Vihar, New Delhi - DPCC",114.0,113.3934166666667,114.087685,0.6065833333333046,0.0876846313476562,Poor,Poor,Poor,#FF7E00
2025-04-11 20:30:00,"Anand Vihar, New Delhi - DPCC",60.0,81.28814285714284,60.057064,21.288142857142844,0.0570640563964843,Moderate,Moderate,Moderate,#FFFF00
2025-04-11 21:30:00,"Anand Vihar, New Delhi - DPCC",76.0,76.52226587301587,76.08926,0.5222658730158685,0.0892562866210937,Moderate,Moderate,Moderate,#FFFF00
2025-04-11 22:30:00,"Anand Vihar, New Delhi - DPCC",102.0,99.22377777777778,102.05502,2.7762222222222164,0.055023193359375,Poor,Moderate,Poor,#FF7E00
2025-04-11 23:30:00,"Anand Vihar, New Delhi - DPCC",123.0,124.47682395382397,122.82058,1.476823953823967,0.1794204711914062,Poor,Poor,Poor,#FF7E00
2025-04-12 00:30:00,"Anand Vihar, New Delhi - DPCC",130.0,132.50069444444446,130.15742,2.5006944444444628,0.1574249267578125,Poor,Poor,Poor,#FF7E00
2025-04-12 01:30:00,"Anand Vihar, New Delhi - DPCC",96.0,99.35246753246754,96.11515,3.352467532467543,0.1151504516601562,Moderate,Moderate,Moderate,#FFFF00
2025-04-12 02:30:00,"Anand Vihar, New Delhi - DPCC",95.0,96.05560642135644,95.0157,1.0556064213564298,0.0157012939453125,Moderate,Moderate,Moderate,#FFFF00
2025-04-12 03:30:00,"Anand Vihar, New Delhi - DPCC",80.0,85.13623412698415,80.42898,5.136234126984149,0.4289779663085937,Moderate,Moderate,Moderate,#FFFF00
2025-04-12 04:30:00,"Anand Vihar, New Delhi - DPCC",100.0,98.29044047619048,99.92233,1.7095595238095171,0.077667236328125,Moderate,Moderate,Moderate,#FFFF00
2025-04-12 05:30:00,"Anand Vihar, New Delhi - DPCC",107.0,106.20663492063493,107.11832,0.7933650793650884,0.118316650390625,Poor,Poor,Poor,#FF7E00
2025-04-12 06:30:00,"Anand Vihar, New Delhi - DPCC",117.0,116.89075793650792,117.034874,0.1092420634920756,0.0348739624023437,Poor,Poor,Poor,#FF7E00
2025-04-12 07:30:00,"Anand Vihar, New Delhi - DPCC",500.0,500.0,499.87115,0.0,0.12884521484375,Severe,Severe,Severe,#8F3F97
2025-04-12 08:30:00,"Anand Vihar, New Delhi - DPCC",118.0,118.1404523809524,117.93898,0.1404523809523965,0.0610198974609375,Poor,Poor,Poor,#FF7E00
2025-04-12 09:30:00,"Anand Vihar, New Delhi - DPCC",110.0,109.8730912698413,110.00309,0.1269087301587035,0.0030899047851562,Poor,Poor,Poor,#FF7E00
2025-04-12 10:30:00,"Anand Vihar, New Delhi - DPCC",112.0,112.17324999999995,111.88853,0.1732499999999674,0.1114730834960937,Poor,Poor,Poor,#FF7E00
2025-04-12 11:30:00,"Anand Vihar, New Delhi - DPCC",110.0,110.1052738095238,110.04316,0.1052738095238083,0.0431594848632812,Poor,Poor,Poor,#FF7E00
2025-04-12 12:30:00,"Anand Vihar, New Delhi - DPCC",500.0,428.0542777777778,499.86533,71.94572222222217,0.134674072265625,Severe,Severe,Severe,#8F3F97
2025-04-12 13:30:00,"Anand Vihar, New Delhi - DPCC",120.0,119.75439285714285,120.24178,0.2456071428571533,0.2417831420898437,Poor,Poor,Poor,#FF7E00
2025-04-12 14:30:00,"Anand Vihar, New Delhi - DPCC",126.0,126.55126984126984,126.41442,0.5512698412698285,0.4144210815429687,Poor,Poor,Poor,#FF7E00
2025-04-12 15:30:00,"Anand Vihar, New Delhi - DPCC",165.0,165.1744743867244,164.92783,0.1744743867243983,0.072174072265625,Poor,Poor,Poor,#FF7E00
2025-04-12 16:30:00,"Anand Vihar, New Delhi - DPCC",162.0,163.07415476190477,162.0018,1.074154761904765,0.001800537109375,Poor,Poor,Poor,#FF7E00
2025-04-12 17:30:00,"Anand Vihar, New Delhi - DPCC",105.0,107.63358730158733,105.25811,2.633587301587326,0.2581100463867187,Poor,Poor,Poor,#FF7E00
2025-04-12 18:30:00,"Anand Vihar, New Delhi - DPCC",133.0,133.97334004884002,133.001,0.973340048840015,0.001007080078125,Poor,Poor,Poor,#FF7E00
2025-04-12 19:30:00,"Anand Vihar, New Delhi - DPCC",124.0,123.66688888888888,124.0422,0.3331111111111227,0.0421981811523437,Poor,Poor,Poor,#FF7E00
2025-04-12 20:30:00,"Anand Vihar, New Delhi - DPCC",109.0,109.2478272005772,109.14152,0.2478272005771913,0.1415176391601562,Poor,Poor,Poor,#FF7E00
2025-04-12 21:30:00,"Anand Vihar, New Delhi - DPCC",97.0,98.49966666666664,97.05282,1.4996666666666414,0.0528182983398437,Moderate,Moderate,Moderate,#FFFF00
2025-04-12 22:30:00,"Anand Vihar, New Delhi - DPCC",95.0,94.1618492063492,94.96933,0.8381507936507973,0.030670166015625,Moderate,Moderate,Moderate,#FFFF00
2025-04-12 23:30:00,"Anand Vihar, New Delhi - DPCC",109.0,109.22143253968254,109.062744,0.2214325396825387,0.062744140625,Poor,Poor,Poor,#FF7E00
2025-04-13 00:30:00,"Anand Vihar, New Delhi - DPCC",157.0,156.83503174603172,157.1419,0.1649682539682828,0.14190673828125,Poor,Poor,Poor,#FF7E00
2025-04-13 01:30:00,"Anand Vihar, New Delhi - DPCC",166.0,166.98677994227998,165.90811,0.9867799422799806,0.091888427734375,Poor,Poor,Poor,#FF7E00
2025-04-13 02:30:00,"Anand Vihar, New Delhi - DPCC",182.0,183.22622222222216,182.03539,1.2262222222221624,0.0353851318359375,Poor,Poor,Poor,#FF7E00
2025-04-13 03:30:00,"Anand Vihar, New Delhi - DPCC",231.0,235.82353571428564,230.96828,4.82353571428564,0.0317230224609375,Very Poor,Very Poor,Very Poor,#FF0000
2025-04-13 04:30:00,"Anand Vihar, New Delhi - DPCC",303.0,302.22401190476177,303.1425,0.7759880952382332,0.142486572265625,Severe,Severe,Severe,#8F3F97
2025-04-13 05:30:00,"Anand Vihar, New Delhi - DPCC",500.0,500.0,500.01276,0.0,0.01275634765625,Severe,Severe,Severe,#8F3F97
2025-04-13 06:30:00,"Anand Vihar, New Delhi - DPCC",140.0,141.87431673881673,139.84274,1.8743167388167308,0.157257080078125,Poor,Poor,Poor,#FF7E00
2025-04-13 07:30:00,"Anand Vihar, New Delhi - DPCC",130.0,131.73161111111114,129.76706,1.7316111111111354,0.232940673828125,Poor,Poor,Poor,#FF7E00
2025-04-13 08:30:00,"Anand Vihar, New Delhi - DPCC",500.0,500.0,500.0119,0.0,0.01190185546875,Severe,Severe,Severe,#8F3F97
2025-04-13 09:30:00,"Anand Vihar, New Delhi - DPCC",104.0,105.46521825396825,103.8961,1.4652182539682457,0.1038970947265625,Poor,Poor,Poor,#FF7E00
2025-04-13 10:30:00,"Anand Vihar, New Delhi - DPCC",114.0,113.82798809523813,113.95725,0.172011904761888,0.0427474975585937,Poor,Poor,Poor,#FF7E00
2025-04-13 11:30:00,"Anand Vihar, New Delhi - DPCC",500.0,500.0,499.9201,0.0,0.07989501953125,Severe,Severe,Severe,#8F3F97
2025-04-13 12:30:00,"Anand Vihar, New Delhi - DPCC",500.0,499.27,499.9699,0.7300000000000182,0.03009033203125,Severe,Severe,Severe,#8F3F97
2025-04-13 13:30:00,"Anand Vihar, New Delhi - DPCC",139.0,137.74359126984126,138.83463,1.2564087301587392,0.165374755859375,Poor,Poor,Poor,#FF7E00
2025-04-13 14:30:00,"Anand Vihar, New Delhi - DPCC",184.0,195.6041227938728,183.81305,11.604122793872818,0.18695068359375,Poor,Poor,Poor,#FF7E00
2025-04-13 15:30:00,"Anand Vihar, New Delhi - DPCC",286.0,282.9107911255412,286.00708,3.089208874458791,0.007080078125,Very Poor,Very Poor,Very Poor,#FF0000
2025-04-13 16:30:00,"Anand Vihar, New Delhi - DPCC",371.0,372.4163661616162,370.93005,1.4163661616162244,0.0699462890625,Severe,Severe,Severe,#8F3F97
2025-04-13 17:30:00,"Anand Vihar, New Delhi - DPCC",340.0,341.98832142857134,339.96185,1.9883214285713395,0.03814697265625,Severe,Severe,Severe,#8F3F97
2025-04-13 18:30:00,"Anand Vihar, New Delhi - DPCC",401.0,397.4115025807525,401.04764,3.58849741924746,0.047637939453125,Severe,Severe,Severe,#8F3F97
2025-04-13 19:30:00,"Anand Vihar, New Delhi - DPCC",381.0,380.36347619047615,380.92636,0.636523809523851,0.073638916015625,Severe,Severe,Severe,#8F3F97
2025-04-13 20:30:00,"Anand Vihar, New Delhi - DPCC",379.0,379.6780595238095,378.88892,0.6780595238095088,0.111083984375,Severe,Severe,Severe,#8F3F97
2025-04-13 21:30:00,"Anand Vihar, New Delhi - DPCC",268.0,264.3076583694084,267.9066,3.6923416305916135,0.093414306640625,Very Poor,Very Poor,Very Poor,#FF0000
2025-04-13 22:30:00,"Anand Vihar, New Delhi - DPCC",190.0,205.61429761904765,190.17125,15.614297619047647,0.1712493896484375,Poor,Very Poor,Poor,#FF7E00
2025-04-13 23:30:00,"Anand Vihar, New Delhi - DPCC",239.0,233.32782251082256,239.07855,5.672177489177443,0.07855224609375,Very Poor,Very Poor,Very Poor,#FF0000
2025-04-14 00:30:00,"Anand Vihar, New Delhi - DPCC",249.0,246.96033766233765,248.91513,2.039662337662349,0.084869384765625,Very Poor,Very Poor,Very Poor,#FF0000
2025-04-14 01:30:00,"Anand Vihar, New Delhi - DPCC",216.0,213.8415505050505,215.64499,2.15844949494948,0.355010986328125,Very Poor,Very Poor,Very Poor,#FF0000
2025-04-14 02:30:00,"Anand Vihar, New Delhi - DPCC",213.0,214.3171111111112,213.1299,1.31711111111116,0.1298980712890625,Very Poor,Very Poor,Very Poor,#FF0000
2025-04-14 03:30:00,"Anand Vihar, New Delhi - DPCC",188.0,187.99373412698412,187.97664,0.0062658730158489,0.0233612060546875,Poor,Poor,Poor,#FF7E00
2025-04-14 04:30:00,"Anand Vihar, New Delhi - DPCC",173.0,172.8164404761904,172.86232,0.1835595238096061,0.1376800537109375,Poor,Poor,Poor,#FF7E00
2025-04-14 05:30:00,"Anand Vihar, New Delhi - DPCC",132.0,134.145,132.1381,2.1450000000000102,0.1381072998046875,Poor,Poor,Poor,#FF7E00
2025-04-14 06:30:00,"Anand Vihar, New Delhi - DPCC",132.0,132.2227023809524,132.19891,0.2227023809523984,0.19891357421875,Poor,Poor,Poor,#FF7E00
2025-04-14 07:30:00,"Anand Vihar, New Delhi - DPCC",124.0,123.48891666666668,124.118286,0.5110833333333318,0.1182861328125,Poor,Poor,Poor,#FF7E00
2025-04-14 21:30:00,"Anand Vihar, New Delhi - DPCC",183.0,183.4435833333333,182.9191,0.4435833333332937,0.080902099609375,Poor,Poor,Poor,#FF7E00
2025-04-14 22:30:00,"Anand Vihar, New Delhi - DPCC",500.0,500.0,499.9742,0.0,0.025787353515625,Severe,Severe,Severe,#8F3F97
2025-04-14 23:30:00,"Anand Vihar, New Delhi - DPCC",187.0,188.60117063492063,187.1534,1.601170634920635,0.1533966064453125,Poor,Poor,Poor,#FF7E00
2025-04-15 00:30:00,"Anand Vihar, New Delhi - DPCC",195.0,195.00141269841268,195.01772,0.0014126984126789,0.0177154541015625,Poor,Poor,Poor,#FF7E00
2025-04-15 01:30:00,"Anand Vihar, New Delhi - DPCC",172.0,172.21365476190468,171.98906,0.213654761904678,0.0109405517578125,Poor,Poor,Poor,#FF7E00
2025-04-15 02:30:00,"Anand Vihar, New Delhi - DPCC",156.0,156.7056071428571,155.86337,0.7056071428571045,0.136627197265625,Poor,Poor,Poor,#FF7E00
2025-04-15 03:30:00,"Anand Vihar, New Delhi - DPCC",500.0,494.8375,499.98224,5.162500000000023,0.01776123046875,Severe,Severe,Severe,#8F3F97
2025-04-15 04:30:00,"Anand Vihar, New Delhi - DPCC",145.0,146.37006349206348,143.9188,1.3700634920634798,1.081207275390625,Poor,Poor,Poor,#FF7E00
2025-04-15 05:30:00,"Anand Vihar, New Delhi - DPCC",154.0,157.03482539682537,155.81839,3.0348253968253687,1.818389892578125,Poor,Poor,Poor,#FF7E00
2025-04-15 06:30:00,"Anand Vihar, New Delhi - DPCC",148.0,147.89285317460318,148.1401,0.1071468253968248,0.140106201171875,Poor,Poor,Poor,#FF7E00
2025-04-15 07:30:00,"Anand Vihar, New Delhi - DPCC",131.0,131.0717023809524,130.78854,0.071702380952388,0.211456298828125,Poor,Poor,Poor,#FF7E00
2025-04-15 08:30:00,"Anand Vihar, New Delhi - DPCC",118.0,117.84199603174604,118.04531,0.1580039682539649,0.0453109741210937,Poor,Poor,Poor,#FF7E00
2025-04-15 09:30:00,"Anand Vihar, New Delhi - DPCC",117.0,117.05026190476194,117.0552,0.050261904761939,0.0551986694335937,Poor,Poor,Poor,#FF7E00
2025-04-15 10:30:00,"Anand Vihar, New Delhi - DPCC",120.0,120.53464682539683,120.03293,0.534646825396834,0.032928466796875,Poor,Poor,Poor,#FF7E00
2025-04-15 11:30:00,"Anand Vihar, New Delhi - DPCC",500.0,472.2418452380952,499.9725,27.75815476190479,0.027496337890625,Severe,Severe,Severe,#8F3F97
2025-04-15 12:30:00,"Anand Vihar, New Delhi - DPCC",128.0,130.65336507936505,127.97442,2.653365079365045,0.0255813598632812,Poor,Poor,Poor,#FF7E00
2025-04-16 03:30:00,"Anand Vihar, New Delhi - DPCC",315.0,324.1152182539683,314.91217,9.115218253968294,0.08782958984375,Severe,Severe,Severe,#8F3F97
2025-04-16 04:30:00,"Anand Vihar, New Delhi - DPCC",280.0,272.29957539682545,280.4474,7.700424603174554,0.4473876953125,Very Poor,Very Poor,Very Poor,#FF0000
2025-04-16 05:30:00,"Anand Vihar, New Delhi - DPCC",188.0,189.68451587301587,187.93402,1.6845158730158687,0.06597900390625,Poor,Poor,Poor,#FF7E00
2025-04-16 06:30:00,"Anand Vihar, New Delhi - DPCC",155.0,156.64534523809522,155.21457,1.6453452380952172,0.214569091796875,Poor,Poor,Poor,#FF7E00
2025-04-16 07:30:00,"Anand Vihar, New Delhi - DPCC",131.0,130.78545238095236,130.726,0.2145476190476358,0.2740020751953125,Poor,Poor,Poor,#FF7E00
2025-04-16 08:30:00,"Anand Vihar, New Delhi - DPCC",139.0,138.97658333333334,138.89798,0.0234166666666624,0.102020263671875,Poor,Poor,Poor,#FF7E00
2025-04-16 09:30:00,"Anand Vihar, New Delhi - DPCC",154.0,154.17169047619052,153.72383,0.1716904761905198,0.2761688232421875,Poor,Poor,Poor,#FF7E00
2025-04-16 10:30:00,"Anand Vihar, New Delhi - DPCC",147.0,147.62687301587303,147.05345,0.6268730158730307,0.0534515380859375,Poor,Poor,Poor,#FF7E00
2025-04-16 11:30:00,"Anand Vihar, New Delhi - DPCC",152.0,151.99438095238094,151.70975,0.0056190476190636,0.290252685546875,Poor,Poor,Poor,#FF7E00
2025-04-16 12:30:00,"Anand Vihar, New Delhi - DPCC",165.0,165.07972438672442,165.11919,0.0797243867244219,0.1191864013671875,Poor,Poor,Poor,#FF7E00
2025-04-16 13:30:00,"Anand Vihar, New Delhi - DPCC",196.0,196.82677777777772,195.96342,0.8267777777777496,0.0365753173828125,Poor,Poor,Poor,#FF7E00
2025-04-16 14:30:00,"Anand Vihar, New Delhi - DPCC",248.0,249.81616849816848,248.00223,1.81616849816848,0.002227783203125,Very Poor,Very Poor,Very Poor,#FF0000
2025-04-16 17:30:00,"Anand Vihar, New Delhi - DPCC",263.0,261.4071388888888,263.05603,1.5928611111111763,0.0560302734375,Very Poor,Very Poor,Very Poor,#FF0000
2025-04-16 18:30:00,"Anand Vihar, New Delhi - DPCC",273.0,271.3190793650794,272.76495,1.6809206349205963,0.23504638671875,Very Poor,Very Poor,Very Poor,#FF0000
2025-04-16 19:30:00,"Anand Vihar, New Delhi - DPCC",255.0,258.2470566378067,255.33061,3.247056637806679,0.3306121826171875,Very Poor,Very Poor,Very Poor,#FF0000
2025-04-16 20:30:00,"Anand Vihar, New Delhi - DPCC",209.0,211.26163888888888,209.02267,2.261638888888882,0.022674560546875,Very Poor,Very Poor,Very Poor,#FF0000
2025-04-16 21:30:00,"Anand Vihar, New Delhi - DPCC",186.0,187.2375634920635,186.34915,1.2375634920634866,0.349151611328125,Poor,Poor,Poor,#FF7E00
2025-04-16 22:30:00,"Anand Vihar, New Delhi - DPCC",247.0,252.2720043290043,246.93303,5.2720043290042895,0.0669708251953125,Very Poor,Very Poor,Very Poor,#FF0000
2025-04-16 23:30:00,"Anand Vihar, New Delhi - DPCC",327.0,325.894031024531,326.9724,1.1059689754690112,0.027587890625,Severe,Severe,Severe,#8F3F97
2025-04-17 00:30:00,"Anand Vihar, New Delhi - DPCC",500.0,500.0,500.0381,0.0,0.0380859375,Severe,Severe,Severe,#8F3F97
2025-04-17 01:30:00,"Anand Vihar, New Delhi - DPCC",500.0,500.0,500.00357,0.0,0.003570556640625,Severe,Severe,Severe,#8F3F97
2025-04-17 02:30:00,"Anand Vihar, New Delhi - DPCC",500.0,500.0,499.99683,0.0,0.003173828125,Severe,Severe,Severe,#8F3F97
2025-04-17 03:30:00,"Anand Vihar, New Delhi - DPCC",500.0,499.38,499.99805,0.6200000000000045,0.001953125,Severe,Severe,Severe,#8F3F97
2025-04-17 04:30:00,"Anand Vihar, New Delhi - DPCC",181.0,188.9919108946609,181.04675,7.991910894660862,0.0467529296875,Poor,Poor,Poor,#FF7E00
2025-04-17 05:30:00,"Anand Vihar, New Delhi - DPCC",500.0,499.38,499.98022,0.6200000000000045,0.019775390625,Severe,Severe,Severe,#8F3F97
2025-04-17 06:30:00,"Anand Vihar, New Delhi - DPCC",500.0,394.8529404761905,499.78546,105.1470595238095,0.21453857421875,Severe,Severe,Severe,#8F3F97
2025-04-17 07:30:00,"Anand Vihar, New Delhi - DPCC",148.0,149.96686507936505,148.11205,1.96686507936505,0.1120452880859375,Poor,Poor,Poor,#FF7E00
2025-04-17 08:30:00,"Anand Vihar, New Delhi - DPCC",146.0,146.4961071428571,145.20119,0.4961071428571131,0.7988128662109375,Poor,Poor,Poor,#FF7E00
2025-04-17 09:30:00,"Anand Vihar, New Delhi - DPCC",155.0,155.40789682539685,155.3114,0.4078968253968469,0.3114013671875,Poor,Poor,Poor,#FF7E00
2025-04-17 10:30:00,"Anand Vihar, New Delhi - DPCC",157.0,157.05674603174603,156.96944,0.0567460317460302,0.0305633544921875,Poor,Poor,Poor,#FF7E00
2025-04-17 11:30:00,"Anand Vihar, New Delhi - DPCC",151.0,151.158746031746,150.94473,0.1587460317460056,0.055267333984375,Poor,Poor,Poor,#FF7E00
2025-04-17 12:30:00,"Anand Vihar, New Delhi - DPCC",500.0,412.4097142857143,499.58246,87.5902857142857,0.41754150390625,Severe,Severe,Severe,#8F3F97
2025-04-17 13:30:00,"Anand Vihar, New Delhi - DPCC",282.0,285.33226984126986,282.06158,3.332269841269863,0.06158447265625,Very Poor,Very Poor,Very Poor,#FF0000
2025-04-17 14:30:00,"Anand Vihar, New Delhi - DPCC",426.0,417.23652741702745,425.9864,8.763472582972554,0.01361083984375,Severe,Severe,Severe,#8F3F97
2025-04-17 15:30:00,"Anand Vihar, New Delhi - DPCC",441.0,440.5483253968255,440.94678,0.4516746031745242,0.05322265625,Severe,Severe,Severe,#8F3F97
2025-04-17 16:30:00,"Anand Vihar, New Delhi - DPCC",419.0,417.7144523809524,419.03986,1.2855476190476338,0.03985595703125,Severe,Severe,Severe,#8F3F97
2025-04-17 17:30:00,"Anand Vihar, New Delhi - DPCC",380.0,381.9164087301587,380.1073,1.9164087301587076,0.1072998046875,Severe,Severe,Severe,#8F3F97
2025-04-17 18:30:00,"Anand Vihar, New Delhi - DPCC",305.0,306.36801190476194,304.91736,1.3680119047619428,0.0826416015625,Severe,Severe,Severe,#8F3F97
2025-04-17 19:30:00,"Anand Vihar, New Delhi - DPCC",240.0,242.18671428571423,239.97276,2.18671428571426,0.0272369384765625,Very Poor,Very Poor,Very Poor,#FF0000
2025-04-17 20:30:00,"Anand Vihar, New Delhi - DPCC",201.0,201.36707142857145,201.43219,0.3670714285714211,0.43218994140625,Very Poor,Very Poor,Very Poor,#FF0000
2025-04-17 21:30:00,"Anand Vihar, New Delhi - DPCC",187.0,186.9177738095238,186.99966,0.0822261904762058,0.000335693359375,Poor,Poor,Poor,#FF7E00
2025-04-17 22:30:00,"Anand Vihar, New Delhi - DPCC",151.0,151.6591746031746,151.13577,0.6591746031745913,0.135772705078125,Poor,Poor,Poor,#FF7E00
2025-04-17 23:30:00,"Anand Vihar, New Delhi - DPCC",134.0,133.82940873015872,133.81567,0.1705912698412817,0.184326171875,Poor,Poor,Poor,#FF7E00
2025-04-18 01:30:00,"Anand Vihar, New Delhi - DPCC",500.0,500.0,500.0121,0.0,0.0120849609375,Severe,Severe,Severe,#8F3F97
2025-04-18 02:30:00,"Anand Vihar, New Delhi - DPCC",187.0,187.2446587301587,187.03525,0.2446587301587044,0.035247802734375,Poor,Poor,Poor,#FF7E00
2025-04-18 03:30:00,"Anand Vihar, New Delhi - DPCC",500.0,496.788,499.9843,3.211999999999989,0.01568603515625,Severe,Severe,Severe,#8F3F97
2025-04-18 04:30:00,"Anand Vihar, New Delhi - DPCC",210.0,212.5330198412699,210.70226,2.5330198412698905,0.7022552490234375,Very Poor,Very Poor,Very Poor,#FF0000
2025-04-18 05:30:00,"Anand Vihar, New Delhi - DPCC",183.0,182.75705952380957,182.75443,0.242940476190455,0.245574951171875,Poor,Poor,Poor,#FF7E00
2025-04-18 06:30:00,"Anand Vihar, New Delhi - DPCC",183.0,183.1054603174603,182.82567,0.105460317460313,0.1743316650390625,Poor,Poor,Poor,#FF7E00
2025-04-18 07:30:00,"Anand Vihar, New Delhi - DPCC",186.0,186.53619047619048,185.97072,0.5361904761904839,0.0292816162109375,Poor,Poor,Poor,#FF7E00
2025-04-18 08:30:00,"Anand Vihar, New Delhi - DPCC",193.0,193.5817723665224,193.28098,0.5817723665223866,0.280975341796875,Poor,Poor,Poor,#FF7E00
2025-04-18 09:30:00,"Anand Vihar, New Delhi - DPCC",175.0,174.8947619047619,174.80672,0.1052380952380929,0.1932830810546875,Poor,Poor,Poor,#FF7E00
2025-04-18 10:30:00,"Anand Vihar, New Delhi - DPCC",181.0,181.83677705627707,181.29852,0.8367770562770716,0.29852294921875,Poor,Poor,Poor,#FF7E00
2025-04-18 11:30:00,"Anand Vihar, New Delhi - DPCC",194.0,193.388488095238,193.99669,0.6115119047619828,0.0033111572265625,Poor,Poor,Poor,#FF7E00
2025-04-18 12:30:00,"Anand Vihar, New Delhi - DPCC",224.0,223.72231746031747,224.02141,0.2776825396825302,0.0214080810546875,Very Poor,Very Poor,Very Poor,#FF0000
2025-04-18 13:30:00,"Anand Vihar, New Delhi - DPCC",288.0,284.7752222222222,287.59326,3.224777777777774,0.40673828125,Very Poor,Very Poor,Very Poor,#FF0000
2025-04-18 14:30:00,"Anand Vihar, New Delhi - DPCC",395.0,394.8445873015873,395.17184,0.1554126984127037,0.171844482421875,Severe,Severe,Severe,#8F3F97
2025-04-18 15:30:00,"Anand Vihar, New Delhi - DPCC",443.0,437.737261904762,443.12152,5.262738095238035,0.12152099609375,Severe,Severe,Severe,#8F3F97
2025-04-18 16:30:00,"Anand Vihar, New Delhi - DPCC",500.0,498.0148333333334,499.98044,1.9851666666666008,0.019561767578125,Severe,Severe,Severe,#8F3F97
2025-04-18 17:30:00,"Anand Vihar, New Delhi - DPCC",101.0,102.1406031746032,101.3121,1.1406031746031855,0.312103271484375,Poor,Poor,Poor,#FF7E00
2025-04-18 18:30:00,"Anand Vihar, New Delhi - DPCC",96.0,97.55216269841272,95.70557,1.5521626984127153,0.29443359375,Moderate,Moderate,Moderate,#FFFF00
2025-04-18 19:30:00,"Anand Vihar, New Delhi - DPCC",101.0,98.0041626984127,101.00825,2.9958373015873008,0.0082473754882812,Poor,Moderate,Poor,#FF7E00
2025-04-18 20:30:00,"Anand Vihar, New Delhi - DPCC",98.0,96.31596031746032,97.96313,1.6840396825396766,0.0368728637695312,Moderate,Moderate,Moderate,#FFFF00
2025-04-18 21:30:00,"Anand Vihar, New Delhi - DPCC",98.0,97.02910714285716,97.99854,0.970892857142843,0.0014572143554687,Moderate,Moderate,Moderate,#FFFF00
2025-04-18 22:30:00,"Anand Vihar, New Delhi - DPCC",500.0,466.5976428571429,499.65222,33.402357142857056,0.3477783203125,Severe,Severe,Severe,#8F3F97
2025-04-18 23:30:00,"Anand Vihar, New Delhi - DPCC",104.0,112.88739393939396,103.74215,8.887393939393945,0.2578506469726562,Poor,Poor,Poor,#FF7E00
2025-04-19 00:30:00,"Anand Vihar, New Delhi - DPCC",110.0,113.037003968254,110.03974,3.037003968253998,0.0397415161132812,Poor,Poor,Poor,#FF7E00
2025-04-19 01:30:00,"Anand Vihar, New Delhi - DPCC",118.0,117.67591666666664,118.097916,0.3240833333333484,0.0979156494140625,Poor,Poor,Poor,#FF7E00
2025-04-19 02:30:00,"Anand Vihar, New Delhi - DPCC",142.0,142.0109177489177,141.99626,0.0109177489177056,0.0037384033203125,Poor,Poor,Poor,#FF7E00
2025-04-19 03:30:00,"Anand Vihar, New Delhi - DPCC",159.0,159.0687655122655,158.92911,0.068765512265486,0.070892333984375,Poor,Poor,Poor,#FF7E00
2025-04-19 04:30:00,"Anand Vihar, New Delhi - DPCC",171.0,171.87511904761905,170.7794,0.8751190476190516,0.2205963134765625,Poor,Poor,Poor,#FF7E00
2025-04-19 05:30:00,"Anand Vihar, New Delhi - DPCC",177.0,180.3982976190476,177.2891,3.3982976190475824,0.289093017578125,Poor,Poor,Poor,#FF7E00
2025-04-19 06:30:00,"Anand Vihar, New Delhi - DPCC",194.0,196.5584404761904,193.86345,2.5584404761904125,0.1365509033203125,Poor,Poor,Poor,#FF7E00
2025-04-19 07:30:00,"Anand Vihar, New Delhi - DPCC",224.0,222.10754365079364,224.0002,1.8924563492063555,0.0001983642578125,Very Poor,Very Poor,Very Poor,#FF0000
2025-04-19 08:30:00,"Anand Vihar, New Delhi - DPCC",240.0,238.26688034188027,240.03018,1.7331196581197332,0.030181884765625,Very Poor,Very Poor,Very Poor,#FF0000
2025-04-19 09:30:00,"Anand Vihar, New Delhi - DPCC",238.0,237.67353510378496,237.94424,0.3264648962150147,0.055755615234375,Very Poor,Very Poor,Very Poor,#FF0000
2025-04-19 10:30:00,"Anand Vihar, New Delhi - DPCC",209.0,210.78619336219333,209.2972,1.7861933621933304,0.2971954345703125,Very Poor,Very Poor,Very Poor,#FF0000
2025-04-19 11:30:00,"Anand Vihar, New Delhi - DPCC",180.0,181.0762572150072,180.3341,1.0762572150072174,0.3341064453125,Poor,Poor,Poor,#FF7E00
2025-04-19 12:30:00,"Anand Vihar, New Delhi - DPCC",155.0,156.13372619047618,154.8593,1.1337261904761815,0.1407012939453125,Poor,Poor,Poor,#FF7E00
2025-04-19 13:30:00,"Anand Vihar, New Delhi - DPCC",148.0,148.36498015873013,147.94681,0.364980158730134,0.053192138671875,Poor,Poor,Poor,#FF7E00
2025-04-19 14:30:00,"Anand Vihar, New Delhi - DPCC",134.0,134.21014957264958,133.81157,0.2101495726495841,0.1884307861328125,Poor,Poor,Poor,#FF7E00
2025-04-19 15:30:00,"Anand Vihar, New Delhi - DPCC",116.0,116.46369444444444,116.04464,0.4636944444444424,0.0446395874023437,Poor,Poor,Poor,#FF7E00
2025-04-19 16:30:00,"Anand Vihar, New Delhi - DPCC",122.0,121.99401190476192,122.03064,0.0059880952380808,0.0306396484375,Poor,Poor,Poor,#FF7E00
2025-04-19 17:30:00,"Anand Vihar, New Delhi - DPCC",134.0,134.22914957264956,133.76714,0.2291495726495611,0.2328643798828125,Poor,Poor,Poor,#FF7E00
2025-04-19 18:30:00,"Anand Vihar, New Delhi - DPCC",141.0,141.55635714285714,141.41602,0.5563571428571379,0.416015625,Poor,Poor,Poor,#FF7E00
2025-04-19 19:30:00,"Anand Vihar, New Delhi - DPCC",139.0,139.56866666666667,138.78944,0.5686666666666724,0.2105560302734375,Poor,Poor,Poor,#FF7E00
2025-04-19 20:30:00,"Anand Vihar, New Delhi - DPCC",500.0,500.0,500.0105,0.0,0.010498046875,Severe,Severe,Severe,#8F3F97
2025-04-19 21:30:00,"Anand Vihar, New Delhi - DPCC",500.0,500.0,499.97028,0.0,0.02972412109375,Severe,Severe,Severe,#8F3F97
2025-04-19 22:30:00,"Anand Vihar, New Delhi - DPCC",500.0,500.0,499.95685,0.0,0.04315185546875,Severe,Severe,Severe,#8F3F97
2025-04-19 23:30:00,"Anand Vihar, New Delhi - DPCC",108.0,104.87940873015874,108.081245,3.120591269841256,0.0812454223632812,Poor,Poor,Poor,#FF7E00
2025-04-20 00:30:00,"Anand Vihar, New Delhi - DPCC",108.0,105.84430555555556,107.93871,2.1556944444444355,0.0612869262695312,Poor,Poor,Poor,#FF7E00
2025-04-20 01:30:00,"Anand Vihar, New Delhi - DPCC",107.0,106.47073160173164,107.010315,0.529268398268357,0.01031494140625,Poor,Poor,Poor,#FF7E00
2025-04-20 02:30:00,"Anand Vihar, New Delhi - DPCC",117.0,117.37038095238094,117.005394,0.3703809523809411,0.0053939819335937,Poor,Poor,Poor,#FF7E00
2025-04-20 03:30:00,"Anand Vihar, New Delhi - DPCC",138.0,138.21966666666668,138.18118,0.2196666666666828,0.181182861328125,Poor,Poor,Poor,#FF7E00
2025-04-20 04:30:00,"Anand Vihar, New Delhi - DPCC",151.0,150.93984126984128,150.95801,0.0601587301587187,0.0419921875,Poor,Poor,Poor,#FF7E00
2025-04-20 05:30:00,"Anand Vihar, New Delhi - DPCC",173.0,172.95986111111114,173.14438,0.0401388888888618,0.144378662109375,Poor,Poor,Poor,#FF7E00
2025-04-20 06:30:00,"Anand Vihar, New Delhi - DPCC",187.0,188.00127380952384,186.95543,1.0012738095238376,0.0445709228515625,Poor,Poor,Poor,#FF7E00
2025-04-20 07:30:00,"Anand Vihar, New Delhi - DPCC",191.0,190.72043506493503,190.95305,0.2795649350649682,0.0469512939453125,Poor,Poor,Poor,#FF7E00
2025-04-20 08:30:00,"Anand Vihar, New Delhi - DPCC",500.0,500.0,500.00354,0.0,0.0035400390625,Severe,Severe,Severe,#8F3F97
2025-04-20 09:30:00,"Anand Vihar, New Delhi - DPCC",500.0,485.1136666666667,499.98206,14.886333333333312,0.0179443359375,Severe,Severe,Severe,#8F3F97
2025-04-20 10:30:00,"Anand Vihar, New Delhi - DPCC",162.0,161.36363095238093,161.80864,0.6363690476190698,0.1913604736328125,Poor,Poor,Poor,#FF7E00
2025-04-20 11:30:00,"Anand Vihar, New Delhi - DPCC",162.0,162.90852777777775,162.25003,0.9085277777777492,0.250030517578125,Poor,Poor,Poor,#FF7E00
2025-04-20 12:30:00,"Anand Vihar, New Delhi - DPCC",177.0,177.4837023809524,177.00085,0.4837023809523941,0.0008544921875,Poor,Poor,Poor,#FF7E00
2025-04-20 13:30:00,"Anand Vihar, New Delhi - DPCC",181.0,181.7909754689755,180.94972,0.7909754689754891,0.0502777099609375,Poor,Poor,Poor,#FF7E00
2025-04-20 14:30:00,"Anand Vihar, New Delhi - DPCC",191.0,190.80901443001443,190.98572,0.1909855699855711,0.0142822265625,Poor,Poor,Poor,#FF7E00
2025-04-20 15:30:00,"Anand Vihar, New Delhi - DPCC",195.0,194.7806388888889,194.88127,0.2193611111111408,0.1187286376953125,Poor,Poor,Poor,#FF7E00
2025-04-20 16:30:00,"Anand Vihar, New Delhi - DPCC",202.0,202.38478174603176,202.23589,0.3847817460317628,0.2358856201171875,Very Poor,Very Poor,Very Poor,#FF0000
2025-04-20 17:30:00,"Anand Vihar, New Delhi - DPCC",212.0,213.58349098124103,212.05753,1.5834909812410558,0.057525634765625,Very Poor,Very Poor,Very Poor,#FF0000
2025-04-20 18:30:00,"Anand Vihar, New Delhi - DPCC",197.0,197.17192460317463,196.64603,0.1719246031746308,0.353973388671875,Poor,Poor,Poor,#FF7E00
2025-04-20 19:30:00,"Anand Vihar, New Delhi - DPCC",193.0,193.5671771284272,193.36012,0.5671771284271756,0.3601226806640625,Poor,Poor,Poor,#FF7E00
2025-04-20 20:30:00,"Anand Vihar, New Delhi - DPCC",197.0,196.47754365079368,196.97772,0.5224563492063226,0.02227783203125,Poor,Poor,Poor,#FF7E00
2025-04-20 21:30:00,"Anand Vihar, New Delhi - DPCC",163.0,164.49021428571427,162.97461,1.4902142857142735,0.025390625,Poor,Poor,Poor,#FF7E00
2025-04-20 22:30:00,"Anand Vihar, New Delhi - DPCC",185.0,185.3558596681096,184.8282,0.3558596681096162,0.1717987060546875,Poor,Poor,Poor,#FF7E00
2025-04-20 23:30:00,"Anand Vihar, New Delhi - DPCC",190.0,189.79088744588745,190.07867,0.2091125541125791,0.07867431640625,Poor,Poor,Poor,#FF7E00
2025-04-21 00:30:00,"Anand Vihar, New Delhi - DPCC",242.0,243.07544913419923,241.9882,1.075449134199232,0.0117950439453125,Very Poor,Very Poor,Very Poor,#FF0000
2025-04-21 01:30:00,"Anand Vihar, New Delhi - DPCC",301.0,300.348492063492,301.20093,0.6515079365080396,0.200927734375,Severe,Severe,Severe,#8F3F97
2025-04-21 02:30:00,"Anand Vihar, New Delhi - DPCC",283.0,281.6608055555556,282.9177,1.339194444444388,0.082305908203125,Very Poor,Very Poor,Very Poor,#FF0000
2025-04-21 03:30:00,"Anand Vihar, New Delhi - DPCC",247.0,249.39977777777776,247.06439,2.3997777777777856,0.06439208984375,Very Poor,Very Poor,Very Poor,#FF0000
2025-04-21 04:30:00,"Anand Vihar, New Delhi - DPCC",263.0,263.0938647186146,262.65833,0.0938647186146113,0.3416748046875,Very Poor,Very Poor,Very Poor,#FF0000
2025-04-21 05:30:00,"Anand Vihar, New Delhi - DPCC",288.0,285.6415714285715,288.18213,2.358428571428476,0.18212890625,Very Poor,Very Poor,Very Poor,#FF0000
2025-04-21 06:30:00,"Anand Vihar, New Delhi - DPCC",269.0,267.4266746031746,268.7903,1.5733253968253962,0.209686279296875,Very Poor,Very Poor,Very Poor,#FF0000
2025-04-21 07:30:00,"Anand Vihar, New Delhi - DPCC",238.0,238.82055952380944,238.36372,0.8205595238094645,0.3637237548828125,Very Poor,Very Poor,Very Poor,#FF0000
2025-04-21 08:30:00,"Anand Vihar, New Delhi - DPCC",220.0,220.24581746031748,219.42715,0.2458174603174825,0.572845458984375,Very Poor,Very Poor,Very Poor,#FF0000
2025-04-21 09:30:00,"Anand Vihar, New Delhi - DPCC",199.0,199.5092550505051,199.11804,0.5092550505050895,0.1180419921875,Poor,Poor,Poor,#FF7E00
2025-04-21 10:30:00,"Anand Vihar, New Delhi - DPCC",205.0,205.30126984126983,204.7125,0.3012698412698285,0.287506103515625,Very Poor,Very Poor,Very Poor,#FF0000
2025-04-21 11:30:00,"Anand Vihar, New Delhi - DPCC",201.0,201.38106060606057,200.9376,0.3810606060605721,0.0623931884765625,Very Poor,Very Poor,Very Poor,#FF0000
2025-04-21 12:30:00,"Anand Vihar, New Delhi - DPCC",210.0,211.32407539682532,210.0886,1.32407539682535,0.088592529296875,Very Poor,Very Poor,Very Poor,#FF0000
2025-04-21 13:30:00,"Anand Vihar, New Delhi - DPCC",238.0,239.281416056166,238.00508,1.2814160561659946,0.0050811767578125,Very Poor,Very Poor,Very Poor,#FF0000
2025-04-21 14:30:00,"Anand Vihar, New Delhi - DPCC",275.0,280.34099603174616,274.98477,5.340996031746158,0.015228271484375,Very Poor,Very Poor,Very Poor,#FF0000
2025-04-21 15:30:00,"Anand Vihar, New Delhi - DPCC",300.0,299.9921468253969,300.004,0.0078531746030989,0.003997802734375,Very Poor,Very Poor,Severe,#FF0000
2025-04-21 16:30:00,"Anand Vihar, New Delhi - DPCC",290.0,289.68585714285723,289.82657,0.3141428571427695,0.173431396484375,Very Poor,Very Poor,Very Poor,#FF0000
2025-04-21 17:30:00,"Anand Vihar, New Delhi - DPCC",229.0,246.00917063492065,229.31947,17.009170634920622,0.3194732666015625,Very Poor,Very Poor,Very Poor,#FF0000
2025-04-21 18:30:00,"Anand Vihar, New Delhi - DPCC",346.0,342.58823015873014,346.0871,3.4117698412698587,0.08709716796875,Severe,Severe,Severe,#8F3F97
2025-04-21 19:30:00,"Anand Vihar, New Delhi - DPCC",500.0,446.96439285714274,499.65152,53.03560714285726,0.348480224609375,Severe,Severe,Severe,#8F3F97
2025-04-21 20:30:00,"Anand Vihar, New Delhi - DPCC",300.0,299.79329059829075,300.34625,0.2067094017092472,0.34625244140625,Very Poor,Very Poor,Severe,#FF0000
2025-04-21 21:30:00,"Anand Vihar, New Delhi - DPCC",302.0,302.0687106782106,301.7731,0.068710678210607,0.226898193359375,Severe,Severe,Severe,#8F3F97
2025-04-21 22:30:00,"Anand Vihar, New Delhi - DPCC",302.0,302.02696067821057,301.84894,0.0269606782105711,0.15106201171875,Severe,Severe,Severe,#8F3F97
2025-04-21 23:30:00,"Anand Vihar, New Delhi - DPCC",302.0,301.7954487734487,301.63367,0.2045512265513025,0.3663330078125,Severe,Severe,Severe,#8F3F97
2025-04-22 00:30:00,"Anand Vihar, New Delhi - DPCC",313.0,315.0937023809525,313.23575,2.09370238095255,0.235748291015625,Severe,Severe,Severe,#8F3F97
2025-04-22 01:30:00,"Anand Vihar, New Delhi - DPCC",303.0,303.12828843378844,303.28152,0.1282884337884411,0.281524658203125,Severe,Severe,Severe,#8F3F97
2025-04-22 02:30:00,"Anand Vihar, New Delhi - DPCC",281.0,281.13684126984134,280.7945,0.1368412698413408,0.20550537109375,Very Poor,Very Poor,Very Poor,#FF0000
2025-04-22 03:30:00,"Anand Vihar, New Delhi - DPCC",240.0,241.37798412698413,239.9262,1.3779841269841313,0.0738067626953125,Very Poor,Very Poor,Very Poor,#FF0000
2025-04-22 04:30:00,"Anand Vihar, New Delhi - DPCC",239.0,239.87236446886448,239.08162,0.8723644688644754,0.0816192626953125,Very Poor,Very Poor,Very Poor,#FF0000
2025-04-22 05:30:00,"Anand Vihar, New Delhi - DPCC",232.0,232.9026666666667,231.87186,0.902666666666704,0.128143310546875,Very Poor,Very Poor,Very Poor,#FF0000
2025-04-22 06:30:00,"Anand Vihar, New Delhi - DPCC",270.0,267.70338888888887,270.43182,2.296611111111133,0.43182373046875,Very Poor,Very Poor,Very Poor,#FF0000
2025-04-22 07:30:00,"Anand Vihar, New Delhi - DPCC",270.0,266.422985930736,269.83234,3.5770140692640098,0.16766357421875,Very Poor,Very Poor,Very Poor,#FF0000
2025-04-22 08:30:00,"Anand Vihar, New Delhi - DPCC",167.0,167.56476190476187,167.39525,0.5647619047618662,0.3952484130859375,Poor,Poor,Poor,#FF7E00
2025-04-22 09:30:00,"Anand Vihar, New Delhi - DPCC",220.0,227.89405483405483,219.87709,7.8940548340548276,0.1229095458984375,Very Poor,Very Poor,Very Poor,#FF0000
2025-04-22 10:30:00,"Anand Vihar, New Delhi - DPCC",500.0,499.575,499.9113,0.4250000000000113,0.088714599609375,Severe,Severe,Severe,#8F3F97
2025-04-22 11:30:00,"Anand Vihar, New Delhi - DPCC",159.0,161.37834126984123,159.00377,2.378341269841229,0.0037689208984375,Poor,Poor,Poor,#FF7E00
2025-04-22 12:30:00,"Anand Vihar, New Delhi - DPCC",183.0,201.92606421356425,182.57361,18.92606421356425,0.4263916015625,Poor,Very Poor,Poor,#FF7E00
2025-04-22 13:30:00,"Anand Vihar, New Delhi - DPCC",210.0,210.97166422466424,210.16597,0.971664224664238,0.1659698486328125,Very Poor,Very Poor,Very Poor,#FF0000
2025-04-22 14:30:00,"Anand Vihar, New Delhi - DPCC",235.0,237.7347261904761,234.96045,2.734726190476096,0.03955078125,Very Poor,Very Poor,Very Poor,#FF0000
2025-04-22 15:30:00,"Anand Vihar, New Delhi - DPCC",277.0,281.84030555555563,276.8891,4.840305555555631,0.11090087890625,Very Poor,Very Poor,Very Poor,#FF0000
2025-04-22 16:30:00,"Anand Vihar, New Delhi - DPCC",352.0,352.86799098124106,351.99014,0.8679909812410642,0.009857177734375,Severe,Severe,Severe,#8F3F97
2025-04-22 17:30:00,"Anand Vihar, New Delhi - DPCC",299.0,299.0085961538462,298.99127,0.0085961538462129,0.00872802734375,Very Poor,Very Poor,Very Poor,#FF0000
2025-04-22 18:30:00,"Anand Vihar, New Delhi - DPCC",183.0,184.95203787878796,182.89525,1.9520378787879336,0.1047515869140625,Poor,Poor,Poor,#FF7E00
2025-04-22 19:30:00,"Anand Vihar, New Delhi - DPCC",175.0,175.21597619047623,174.96611,0.2159761904762263,0.0338897705078125,Poor,Poor,Poor,#FF7E00
2025-04-22 20:30:00,"Anand Vihar, New Delhi - DPCC",175.0,175.0399642857143,175.02089,0.0399642857142907,0.0208892822265625,Poor,Poor,Poor,#FF7E00
2025-04-22 21:30:00,"Anand Vihar, New Delhi - DPCC",167.0,167.15815873015876,167.33008,0.1581587301587603,0.330078125,Poor,Poor,Poor,#FF7E00
2025-04-22 22:30:00,"Anand Vihar, New Delhi - DPCC",170.0,170.40865129315128,169.80197,0.40865129315128,0.198028564453125,Poor,Poor,Poor,#FF7E00
2025-04-22 23:30:00,"Anand Vihar, New Delhi - DPCC",306.0,301.88281782106776,305.92023,4.117182178932239,0.07977294921875,Severe,Severe,Severe,#8F3F97
2025-04-23 00:30:00,"Anand Vihar, New Delhi - DPCC",298.0,292.3339691697192,298.06958,5.6660308302808176,0.069580078125,Very Poor,Very Poor,Very Poor,#FF0000
2025-04-23 01:30:00,"Anand Vihar, New Delhi - DPCC",355.0,354.332006854257,355.55118,0.6679931457430257,0.551177978515625,Severe,Severe,Severe,#8F3F97
2025-04-23 02:30:00,"Anand Vihar, New Delhi - DPCC",401.0,401.7807125374627,400.6612,0.7807125374627049,0.33880615234375,Severe,Severe,Severe,#8F3F97
2025-04-23 03:30:00,"Anand Vihar, New Delhi - DPCC",309.0,311.40211599511605,309.19235,2.4021159951160485,0.192352294921875,Severe,Severe,Severe,#8F3F97
2025-04-23 04:30:00,"Anand Vihar, New Delhi - DPCC",221.0,227.761261904762,221.40538,6.761261904761966,0.4053802490234375,Very Poor,Very Poor,Very Poor,#FF0000
2025-04-23 05:30:00,"Anand Vihar, New Delhi - DPCC",199.0,201.0996392496393,199.5015,2.099639249639296,0.501495361328125,Poor,Very Poor,Poor,#FF7E00
2025-04-23 06:30:00,"Anand Vihar, New Delhi - DPCC",185.0,185.07975,185.13867,0.0797499999999615,0.138671875,Poor,Poor,Poor,#FF7E00
2025-04-23 07:30:00,"Anand Vihar, New Delhi - DPCC",189.0,188.7190634920635,188.8027,0.2809365079365022,0.197296142578125,Poor,Poor,Poor,#FF7E00
2025-04-23 08:30:00,"Anand Vihar, New Delhi - DPCC",172.0,172.24744841269836,171.98392,0.2474484126983611,0.016082763671875,Poor,Poor,Poor,#FF7E00
2025-04-23 09:30:00,"Anand Vihar, New Delhi - DPCC",169.0,168.645534992785,168.97473,0.3544650072149977,0.0252685546875,Poor,Poor,Poor,#FF7E00
2025-04-23 10:30:00,"Anand Vihar, New Delhi - DPCC",178.0,177.72616666666664,177.86423,0.2738333333333571,0.135772705078125,Poor,Poor,Poor,#FF7E00
2025-04-23 11:30:00,"Anand Vihar, New Delhi - DPCC",500.0,498.85,499.9937,1.1499999999999773,0.00628662109375,Severe,Severe,Severe,#8F3F97
2025-04-23 12:30:00,"Anand Vihar, New Delhi - DPCC",178.0,178.64882142857147,177.99368,0.6488214285714662,0.006317138671875,Poor,Poor,Poor,#FF7E00
2025-04-23 13:30:00,"Anand Vihar, New Delhi - DPCC",248.0,249.11628968253967,248.00757,1.1162896825396729,0.007568359375,Very Poor,Very Poor,Very Poor,#FF0000
2025-04-23 14:30:00,"Anand Vihar, New Delhi - DPCC",319.0,322.3202698412697,319.06,3.3202698412697487,0.05999755859375,Severe,Severe,Severe,#8F3F97
2025-04-23 15:30:00,"Anand Vihar, New Delhi - DPCC",339.0,343.3258849206349,338.56583,4.3258849206349055,0.434173583984375,Severe,Severe,Severe,#8F3F97
2025-04-23 16:30:00,"Anand Vihar, New Delhi - DPCC",346.0,352.230502886003,346.3178,6.230502886003023,0.31781005859375,Severe,Severe,Severe,#8F3F97
2025-04-23 17:30:00,"Anand Vihar, New Delhi - DPCC",381.0,372.7491746031747,380.86517,8.250825396825292,0.13482666015625,Severe,Severe,Severe,#8F3F97
2025-04-23 18:30:00,"Anand Vihar, New Delhi - DPCC",297.0,297.46086996337004,297.02618,0.4608699633700439,0.02618408203125,Very Poor,Very Poor,Very Poor,#FF0000
2025-04-23 19:30:00,"Anand Vihar, New Delhi - DPCC",319.0,318.7752777777778,318.92114,0.2247222222222262,0.078857421875,Severe,Severe,Severe,#8F3F97
2025-04-23 20:30:00,"Anand Vihar, New Delhi - DPCC",326.0,325.61597222222224,326.0832,0.3840277777777601,0.08319091796875,Severe,Severe,Severe,#8F3F97
2025-04-23 21:30:00,"Anand Vihar, New Delhi - DPCC",369.0,379.24392063492064,369.19266,10.243920634920642,0.192657470703125,Severe,Severe,Severe,#8F3F97
2025-04-23 22:30:00,"Anand Vihar, New Delhi - DPCC",405.0,406.43899067599074,405.13528,1.4389906759907376,0.135284423828125,Severe,Severe,Severe,#8F3F97
2025-04-23 23:30:00,"Anand Vihar, New Delhi - DPCC",431.0,429.76126587301593,430.56888,1.2387341269840704,0.431121826171875,Severe,Severe,Severe,#8F3F97
2025-04-24 00:30:00,"Anand Vihar, New Delhi - DPCC",316.0,318.62138888888893,316.22595,2.62138888888893,0.2259521484375,Severe,Severe,Severe,#8F3F97
2025-04-24 01:30:00,"Anand Vihar, New Delhi - DPCC",320.0,319.58834126984124,319.89407,0.4116587301587628,0.105926513671875,Severe,Severe,Severe,#8F3F97
2025-04-24 02:30:00,"Anand Vihar, New Delhi - DPCC",335.0,335.6044707792209,334.79474,0.6044707792208897,0.20526123046875,Severe,Severe,Severe,#8F3F97
2025-04-24 03:30:00,"Anand Vihar, New Delhi - DPCC",185.0,187.1478095238095,185.00415,2.1478095238095136,0.004150390625,Poor,Poor,Poor,#FF7E00
2025-04-24 04:30:00,"Anand Vihar, New Delhi - DPCC",172.0,172.8658293650793,172.21124,0.8658293650792928,0.21124267578125,Poor,Poor,Poor,#FF7E00
2025-04-24 05:30:00,"Anand Vihar, New Delhi - DPCC",186.0,186.2588492063492,186.01924,0.2588492063491969,0.0192413330078125,Poor,Poor,Poor,#FF7E00
2025-04-24 06:30:00,"Anand Vihar, New Delhi - DPCC",178.0,178.0659404761905,177.8158,0.0659404761904909,0.1842041015625,Poor,Poor,Poor,#FF7E00
2025-04-24 07:30:00,"Anand Vihar, New Delhi - DPCC",146.0,146.48730158730163,146.08316,0.48730158730163,0.083160400390625,Poor,Poor,Poor,#FF7E00
2025-04-24 08:30:00,"Anand Vihar, New Delhi - DPCC",152.0,151.953496031746,151.76407,0.0465039682540009,0.235931396484375,Poor,Poor,Poor,#FF7E00
2025-04-24 09:30:00,"Anand Vihar, New Delhi - DPCC",162.0,161.85222655122658,162.09148,0.147773448773421,0.0914764404296875,Poor,Poor,Poor,#FF7E00
2025-04-24 10:30:00,"Anand Vihar, New Delhi - DPCC",157.0,157.21565873015868,157.06902,0.2156587301586796,0.0690155029296875,Poor,Poor,Poor,#FF7E00
2025-04-24 11:30:00,"Anand Vihar, New Delhi - DPCC",158.0,158.03147222222216,157.95204,0.0314722222221632,0.0479583740234375,Poor,Poor,Poor,#FF7E00
2025-04-24 12:30:00,"Anand Vihar, New Delhi - DPCC",148.0,153.49156746031744,148.21239,5.491567460317441,0.2123870849609375,Poor,Poor,Poor,#FF7E00
2025-04-24 13:30:00,"Anand Vihar, New Delhi - DPCC",192.0,195.92139538239545,191.93225,3.921395382395417,0.0677490234375,Poor,Poor,Poor,#FF7E00
2025-04-24 14:30:00,"Anand Vihar, New Delhi - DPCC",265.0,277.1103214285713,264.97974,12.110321428571352,0.020263671875,Very Poor,Very Poor,Very Poor,#FF0000
2025-04-24 15:30:00,"Anand Vihar, New Delhi - DPCC",410.0,403.2127896825397,409.93573,6.787210317460279,0.06427001953125,Severe,Severe,Severe,#8F3F97
2025-04-24 16:30:00,"Anand Vihar, New Delhi - DPCC",500.0,477.82473809523816,499.8083,22.17526190476184,0.19171142578125,Severe,Severe,Severe,#8F3F97
2025-04-24 17:30:00,"Anand Vihar, New Delhi - DPCC",500.0,439.6112857142858,499.7574,60.38871428571417,0.24261474609375,Severe,Severe,Severe,#8F3F97
2025-04-24 18:30:00,"Anand Vihar, New Delhi - DPCC",156.0,271.1912023809524,156.46849,115.1912023809524,0.4684906005859375,Poor,Very Poor,Poor,#FF7E00
2025-04-24 19:30:00,"Anand Vihar, New Delhi - DPCC",160.0,274.4078214285715,160.05687,114.40782142857148,0.0568695068359375,Poor,Very Poor,Poor,#FF7E00
2025-04-24 20:30:00,"Anand Vihar, New Delhi - DPCC",491.0,435.7413333333333,490.83627,55.25866666666667,0.163726806640625,Severe,Severe,Severe,#8F3F97
2025-04-24 21:30:00,"Anand Vihar, New Delhi - DPCC",458.0,461.3553293650792,458.023,3.3553293650792284,0.02301025390625,Severe,Severe,Severe,#8F3F97
2025-04-24 22:30:00,"Anand Vihar, New Delhi - DPCC",414.0,414.50001984126976,413.9349,0.5000198412697614,0.065093994140625,Severe,Severe,Severe,#8F3F97
2025-04-24 23:30:00,"Anand Vihar, New Delhi - DPCC",352.0,352.97082539682555,352.1579,0.9708253968255462,0.15789794921875,Severe,Severe,Severe,#8F3F97
2025-04-25 00:30:00,"Anand Vihar, New Delhi - DPCC",418.0,420.89675,417.81232,2.8967499999999404,0.18768310546875,Severe,Severe,Severe,#8F3F97
2025-04-25 01:30:00,"Anand Vihar, New Delhi - DPCC",360.0,358.91378019203023,360.01566,1.0862198079697691,0.015655517578125,Severe,Severe,Severe,#8F3F97
2025-04-25 02:30:00,"Anand Vihar, New Delhi - DPCC",349.0,342.83900000000017,348.80057,6.160999999999831,0.199432373046875,Severe,Severe,Severe,#8F3F97
2025-04-25 03:30:00,"Anand Vihar, New Delhi - DPCC",319.0,333.7474246031745,319.21725,14.747424603174522,0.217254638671875,Severe,Severe,Severe,#8F3F97
2025-04-25 04:30:00,"Anand Vihar, New Delhi - DPCC",329.0,328.2107658730158,328.91214,0.7892341269841836,0.087860107421875,Severe,Severe,Severe,#8F3F97
2025-04-25 05:30:00,"Anand Vihar, New Delhi - DPCC",319.0,319.8703580586082,319.1074,0.8703580586081898,0.107391357421875,Severe,Severe,Severe,#8F3F97
2025-04-25 06:30:00,"Anand Vihar, New Delhi - DPCC",283.0,280.91389285714286,282.96725,2.086107142857145,0.032745361328125,Very Poor,Very Poor,Very Poor,#FF0000
2025-04-25 07:30:00,"Anand Vihar, New Delhi - DPCC",228.0,231.21983333333344,227.8467,3.2198333333334404,0.1533050537109375,Very Poor,Very Poor,Very Poor,#FF0000
2025-04-25 08:30:00,"Anand Vihar, New Delhi - DPCC",500.0,499.0138333333333,500.0121,0.9861666666666906,0.0120849609375,Severe,Severe,Severe,#8F3F97
2025-04-25 09:30:00,"Anand Vihar, New Delhi - DPCC",120.0,122.79113888888897,120.00399,2.791138888888952,0.0039901733398437,Poor,Poor,Poor,#FF7E00
2025-04-25 10:30:00,"Anand Vihar, New Delhi - DPCC",500.0,392.4935,499.86636,107.50650000000002,0.133636474609375,Severe,Severe,Severe,#8F3F97
2025-04-25 11:30:00,"Anand Vihar, New Delhi - DPCC",500.0,496.404,499.97955,3.596000000000004,0.02044677734375,Severe,Severe,Severe,#8F3F97
2025-04-25 12:30:00,"Anand Vihar, New Delhi - DPCC",173.0,182.9281666666666,173.27742,9.928166666666613,0.2774200439453125,Poor,Poor,Poor,#FF7E00
2025-04-25 13:30:00,"Anand Vihar, New Delhi - DPCC",232.0,239.3114523809524,232.59189,7.311452380952403,0.591888427734375,Very Poor,Very Poor,Very Poor,#FF0000
2025-04-25 14:30:00,"Anand Vihar, New Delhi - DPCC",317.0,326.10676190476187,316.9202,9.106761904761868,0.079803466796875,Severe,Severe,Severe,#8F3F97
2025-04-25 15:30:00,"Anand Vihar, New Delhi - DPCC",354.0,353.9062846320348,354.13403,0.0937153679652169,0.134033203125,Severe,Severe,Severe,#8F3F97
2025-04-25 16:30:00,"Anand Vihar, New Delhi - DPCC",348.0,377.3601428571429,347.84317,29.36014285714288,0.156829833984375,Severe,Severe,Severe,#8F3F97
2025-04-25 17:30:00,"Anand Vihar, New Delhi - DPCC",414.0,422.9602499999999,414.41266,8.960249999999917,0.41265869140625,Severe,Severe,Severe,#8F3F97
2025-04-25 18:30:00,"Anand Vihar, New Delhi - DPCC",499.0,476.7782738095237,498.96912,22.22172619047626,0.0308837890625,Severe,Severe,Severe,#8F3F97
2025-04-25 19:30:00,"Anand Vihar, New Delhi - DPCC",500.0,477.60189285714273,499.935,22.39810714285727,0.06500244140625,Severe,Severe,Severe,#8F3F97
2025-04-25 20:30:00,"Anand Vihar, New Delhi - DPCC",433.0,443.4604563492064,432.966,10.460456349206368,0.03399658203125,Severe,Severe,Severe,#8F3F97
2025-04-25 21:30:00,"Anand Vihar, New Delhi - DPCC",376.0,411.6290476190477,375.9357,35.62904761904764,0.064300537109375,Severe,Severe,Severe,#8F3F97
2025-04-25 22:30:00,"Anand Vihar, New Delhi - DPCC",339.0,338.89499062049055,339.3357,0.1050093795094539,0.335693359375,Severe,Severe,Severe,#8F3F97
2025-04-25 23:30:00,"Anand Vihar, New Delhi - DPCC",310.0,312.90227777777784,309.9954,2.90227777777784,0.004608154296875,Severe,Severe,Severe,#8F3F97
2025-04-26 00:30:00,"Anand Vihar, New Delhi - DPCC",389.0,392.4058766788768,388.9795,3.4058766788768366,0.0205078125,Severe,Severe,Severe,#8F3F97
2025-04-26 01:30:00,"Anand Vihar, New Delhi - DPCC",417.0,421.9096666666666,416.9568,4.909666666666624,0.043212890625,Severe,Severe,Severe,#8F3F97
2025-04-26 02:30:00,"Anand Vihar, New Delhi - DPCC",413.0,412.7550238095238,413.1251,0.2449761904762226,0.125091552734375,Severe,Severe,Severe,#8F3F97
2025-04-26 03:30:00,"Anand Vihar, New Delhi - DPCC",447.0,441.26793686868695,447.01904,5.732063131313055,0.01904296875,Severe,Severe,Severe,#8F3F97
2025-04-26 04:30:00,"Anand Vihar, New Delhi - DPCC",500.0,480.4329365079365,499.87436,19.56706349206348,0.125640869140625,Severe,Severe,Severe,#8F3F97
2025-04-26 05:30:00,"Anand Vihar, New Delhi - DPCC",185.0,196.0807896825397,185.02657,11.080789682539688,0.0265655517578125,Poor,Poor,Poor,#FF7E00
2025-04-26 06:30:00,"Anand Vihar, New Delhi - DPCC",141.0,140.86847619047623,140.91547,0.1315238095237703,0.08453369140625,Poor,Poor,Poor,#FF7E00
2025-04-26 07:30:00,"Anand Vihar, New Delhi - DPCC",128.0,128.4556587301587,127.960266,0.4556587301586887,0.03973388671875,Poor,Poor,Poor,#FF7E00
2025-04-26 08:30:00,"Anand Vihar, New Delhi - DPCC",96.0,94.5794613997114,96.01328,1.4205386002885945,0.0132827758789062,Moderate,Moderate,Moderate,#FFFF00
2025-04-26 09:30:00,"Anand Vihar, New Delhi - DPCC",110.0,110.38062301587298,110.00963,0.3806230158729846,0.0096282958984375,Poor,Poor,Poor,#FF7E00
2025-04-26 10:30:00,"Anand Vihar, New Delhi - DPCC",138.0,137.53830952380952,137.83406,0.4616904761904834,0.1659393310546875,Poor,Poor,Poor,#FF7E00
2025-04-26 11:30:00,"Anand Vihar, New Delhi - DPCC",249.0,245.3447121489621,249.06683,3.655287851037912,0.06683349609375,Very Poor,Very Poor,Very Poor,#FF0000
2025-04-26 12:30:00,"Anand Vihar, New Delhi - DPCC",417.0,402.98530519480505,416.7834,14.01469480519495,0.21661376953125,Severe,Severe,Severe,#8F3F97
2025-04-26 13:30:00,"Anand Vihar, New Delhi - DPCC",303.0,302.50976190476194,302.91644,0.4902380952380554,0.08355712890625,Severe,Severe,Severe,#8F3F97
2025-04-26 14:30:00,"Anand Vihar, New Delhi - DPCC",278.0,277.196075036075,278.14975,0.8039249639249988,0.149749755859375,Very Poor,Very Poor,Very Poor,#FF0000
2025-04-26 15:30:00,"Anand Vihar, New Delhi - DPCC",305.0,304.5949404761904,304.56,0.405059523809598,0.44000244140625,Severe,Severe,Severe,#8F3F97
2025-04-26 16:30:00,"Anand Vihar, New Delhi - DPCC",276.0,273.7228805916306,276.0409,2.2771194083694013,0.0408935546875,Very Poor,Very Poor,Very Poor,#FF0000
2025-04-26 17:30:00,"Anand Vihar, New Delhi - DPCC",252.0,251.18919011544017,252.03038,0.8108098845598306,0.0303802490234375,Very Poor,Very Poor,Very Poor,#FF0000
2025-04-26 18:30:00,"Anand Vihar, New Delhi - DPCC",174.0,175.2823492063492,173.66223,1.2823492063492097,0.3377685546875,Poor,Poor,Poor,#FF7E00
2025-04-26 19:30:00,"Anand Vihar, New Delhi - DPCC",170.0,170.48482192807188,170.0734,0.4848219280718808,0.073394775390625,Poor,Poor,Poor,#FF7E00
2025-04-26 20:30:00,"Anand Vihar, New Delhi - DPCC",500.0,489.6766666666666,499.9616,10.32333333333338,0.03839111328125,Severe,Severe,Severe,#8F3F97
2025-04-26 21:30:00,"Anand Vihar, New Delhi - DPCC",187.0,188.03155014430016,187.05293,1.0315501443001551,0.0529327392578125,Poor,Poor,Poor,#FF7E00
2025-04-26 22:30:00,"Anand Vihar, New Delhi - DPCC",203.0,203.87238095238092,202.38823,0.8723809523809507,0.6117706298828125,Very Poor,Very Poor,Very Poor,#FF0000
2025-04-26 23:30:00,"Anand Vihar, New Delhi - DPCC",250.0,251.6220891330891,250.00323,1.622089133089105,0.00323486328125,Very Poor,Very Poor,Very Poor,#FF0000
2025-04-27 00:30:00,"Anand Vihar, New Delhi - DPCC",330.0,330.6816583694083,330.13885,0.6816583694082965,0.13885498046875,Severe,Severe,Severe,#8F3F97
2025-04-27 01:30:00,"Anand Vihar, New Delhi - DPCC",369.0,370.4234058441559,368.92346,1.423405844155866,0.0765380859375,Severe,Severe,Severe,#8F3F97
2025-04-27 02:30:00,"Anand Vihar, New Delhi - DPCC",359.0,359.34024339549336,359.06903,0.3402433954933599,0.06903076171875,Severe,Severe,Severe,#8F3F97
2025-04-27 03:30:00,"Anand Vihar, New Delhi - DPCC",417.0,415.7066305916305,417.1192,1.2933694083694718,0.11920166015625,Severe,Severe,Severe,#8F3F97
2025-04-27 04:30:00,"Anand Vihar, New Delhi - DPCC",448.0,446.906129148629,447.81717,1.0938708513709798,0.182830810546875,Severe,Severe,Severe,#8F3F97
2025-04-27 05:30:00,"Anand Vihar, New Delhi - DPCC",374.0,373.5778971861471,374.11545,0.4221028138529163,0.115447998046875,Severe,Severe,Severe,#8F3F97
2025-04-27 06:30:00,"Anand Vihar, New Delhi - DPCC",332.0,332.0275104617605,331.93005,0.0275104617605279,0.0699462890625,Severe,Severe,Severe,#8F3F97
2025-04-27 07:30:00,"Anand Vihar, New Delhi - DPCC",281.0,282.9935393217893,281.07227,1.9935393217892847,0.072265625,Very Poor,Very Poor,Very Poor,#FF0000
2025-04-27 08:30:00,"Anand Vihar, New Delhi - DPCC",196.0,211.67698412698405,196.04088,15.676984126984053,0.0408782958984375,Poor,Very Poor,Poor,#FF7E00
2025-04-27 09:30:00,"Anand Vihar, New Delhi - DPCC",142.0,142.31350505050506,141.98463,0.3135050505050571,0.0153656005859375,Poor,Poor,Poor,#FF7E00
2025-04-27 10:30:00,"Anand Vihar, New Delhi - DPCC",500.0,497.39116666666666,499.99954,2.6088333333333367,0.000457763671875,Severe,Severe,Severe,#8F3F97
2025-04-27 11:30:00,"Anand Vihar, New Delhi - DPCC",158.0,162.3360595238095,158.39473,4.336059523809496,0.3947296142578125,Poor,Poor,Poor,#FF7E00
2025-04-27 12:30:00,"Anand Vihar, New Delhi - DPCC",166.0,164.89098015873012,165.91638,1.109019841269884,0.0836181640625,Poor,Poor,Poor,#FF7E00
2025-04-27 13:30:00,"Anand Vihar, New Delhi - DPCC",265.0,268.9604062881563,264.98602,3.960406288156321,0.01397705078125,Very Poor,Very Poor,Very Poor,#FF0000
2025-04-27 14:30:00,"Anand Vihar, New Delhi - DPCC",403.0,396.6686093628594,402.82413,6.331390637140601,0.175872802734375,Severe,Severe,Severe,#8F3F97
2025-04-27 15:30:00,"Anand Vihar, New Delhi - DPCC",315.0,317.30870995671006,315.27173,2.308709956710061,0.271728515625,Severe,Severe,Severe,#8F3F97
2025-04-27 16:30:00,"Anand Vihar, New Delhi - DPCC",266.0,267.73438275613285,265.96698,1.734382756132845,0.03302001953125,Very Poor,Very Poor,Very Poor,#FF0000
2025-04-27 17:30:00,"Anand Vihar, New Delhi - DPCC",321.0,319.72763492063496,320.94904,1.272365079365045,0.05096435546875,Severe,Severe,Severe,#8F3F97
2025-04-27 18:30:00,"Anand Vihar, New Delhi - DPCC",327.0,326.2852323232323,326.7787,0.7147676767676785,0.2213134765625,Severe,Severe,Severe,#8F3F97
2025-04-27 19:30:00,"Anand Vihar, New Delhi - DPCC",251.0,256.78779781329786,251.28584,5.787797813297857,0.2858428955078125,Very Poor,Very Poor,Very Poor,#FF0000
2025-04-27 20:30:00,"Anand Vihar, New Delhi - DPCC",233.0,234.73707936507944,232.94629,1.7370793650794385,0.0537109375,Very Poor,Very Poor,Very Poor,#FF0000
2025-04-27 21:30:00,"Anand Vihar, New Delhi - DPCC",260.0,257.5521746031746,260.18872,2.447825396825408,0.188720703125,Very Poor,Very Poor,Very Poor,#FF0000
2025-04-27 22:30:00,"Anand Vihar, New Delhi - DPCC",189.0,189.06362301587305,188.70743,0.06362301587302,0.292572021484375,Poor,Poor,Poor,#FF7E00
2025-04-27 23:30:00,"Anand Vihar, New Delhi - DPCC",183.0,182.87662698412697,182.79886,0.1233730158730281,0.201141357421875,Poor,Poor,Poor,#FF7E00
2025-04-28 00:30:00,"Anand Vihar, New Delhi - DPCC",500.0,499.9933333333333,499.99396,0.0066666666667174,0.00604248046875,Severe,Severe,Severe,#8F3F97
2025-04-28 01:30:00,"Anand Vihar, New Delhi - DPCC",500.0,494.0158333333334,499.9372,5.984166666666624,0.06280517578125,Severe,Severe,Severe,#8F3F97
2025-04-28 02:30:00,"Anand Vihar, New Delhi - DPCC",412.0,413.4525634920634,412.28363,1.4525634920634047,0.28363037109375,Severe,Severe,Severe,#8F3F97
2025-04-28 03:30:00,"Anand Vihar, New Delhi - DPCC",449.0,447.7561374458874,448.72543,1.2438625541125816,0.274566650390625,Severe,Severe,Severe,#8F3F97
2025-04-28 04:30:00,"Anand Vihar, New Delhi - DPCC",427.0,425.3249960317461,426.97943,1.675003968253861,0.02056884765625,Severe,Severe,Severe,#8F3F97
2025-04-28 05:30:00,"Anand Vihar, New Delhi - DPCC",381.0,380.1160357142858,381.13312,0.883964285714228,0.13311767578125,Severe,Severe,Severe,#8F3F97
2025-04-28 06:30:00,"Anand Vihar, New Delhi - DPCC",354.0,353.8603759018762,354.1321,0.1396240981238179,0.132110595703125,Severe,Severe,Severe,#8F3F97
2025-04-28 07:30:00,"Anand Vihar, New Delhi - DPCC",357.0,355.0181933621936,356.967,1.9818066378064143,0.032989501953125,Severe,Severe,Severe,#8F3F97
2025-04-28 08:30:00,"Anand Vihar, New Delhi - DPCC",275.0,285.988376984127,275.0362,10.988376984127,0.03619384765625,Very Poor,Very Poor,Very Poor,#FF0000
2025-04-28 09:30:00,"Anand Vihar, New Delhi - DPCC",276.0,274.95231709956715,276.03894,1.0476829004328465,0.0389404296875,Very Poor,Very Poor,Very Poor,#FF0000
2025-04-28 10:30:00,"Anand Vihar, New Delhi - DPCC",297.0,297.5379642857142,296.83365,0.5379642857142244,0.166351318359375,Very Poor,Very Poor,Very Poor,#FF0000
2025-04-28 11:30:00,"Anand Vihar, New Delhi - DPCC",265.0,263.9292853535353,264.92117,1.070714646464694,0.078826904296875,Very Poor,Very Poor,Very Poor,#FF0000
2025-04-28 12:30:00,"Anand Vihar, New Delhi - DPCC",294.0,306.63027380952394,293.32245,12.630273809523942,0.67755126953125,Very Poor,Severe,Very Poor,#FF0000
2025-04-28 13:30:00,"Anand Vihar, New Delhi - DPCC",317.0,318.16977886002894,317.33432,1.1697788600289414,0.334320068359375,Severe,Severe,Severe,#8F3F97
2025-04-28 14:30:00,"Anand Vihar, New Delhi - DPCC",500.0,466.4294761904762,499.89688,33.57052380952382,0.103118896484375,Severe,Severe,Severe,#8F3F97
2025-04-28 15:30:00,"Anand Vihar, New Delhi - DPCC",288.0,286.3416428571429,287.71082,1.658357142857085,0.2891845703125,Very Poor,Very Poor,Very Poor,#FF0000
2025-04-28 16:30:00,"Anand Vihar, New Delhi - DPCC",259.0,260.6123315295816,259.1717,1.6123315295815814,0.17169189453125,Very Poor,Very Poor,Very Poor,#FF0000
2025-04-28 17:30:00,"Anand Vihar, New Delhi - DPCC",227.0,225.094757936508,227.0368,1.9052420634920395,0.03680419921875,Very Poor,Very Poor,Very Poor,#FF0000
2025-04-28 18:30:00,"Anand Vihar, New Delhi - DPCC",195.0,194.8685198412698,195.00096,0.1314801587301985,0.0009613037109375,Poor,Poor,Poor,#FF7E00
2025-04-28 19:30:00,"Anand Vihar, New Delhi - DPCC",210.0,209.8816706349206,209.86076,0.1183293650794041,0.1392364501953125,Very Poor,Very Poor,Very Poor,#FF0000
2025-04-28 20:30:00,"Anand Vihar, New Delhi - DPCC",221.0,220.31094336219337,221.01843,0.6890566378066296,0.0184326171875,Very Poor,Very Poor,Very Poor,#FF0000
2025-04-28 21:30:00,"Anand Vihar, New Delhi - DPCC",215.0,215.62906926406933,214.96408,0.6290692640693294,0.035919189453125,Very Poor,Very Poor,Very Poor,#FF0000
2025-04-28 22:30:00,"Anand Vihar, New Delhi - DPCC",227.0,227.59367460317463,226.96832,0.5936746031746623,0.03167724609375,Very Poor,Very Poor,Very Poor,#FF0000
2025-04-28 23:30:00,"Anand Vihar, New Delhi - DPCC",206.0,205.93510714285708,205.927,0.0648928571429223,0.072998046875,Very Poor,Very Poor,Very Poor,#FF0000
2025-04-29 00:30:00,"Anand Vihar, New Delhi - DPCC",175.0,175.22494841269838,175.04509,0.2249484126983816,0.0450897216796875,Poor,Poor,Poor,#FF7E00
2025-04-29 01:30:00,"Anand Vihar, New Delhi - DPCC",500.0,483.6511428571428,499.9791,16.348857142857184,0.020904541015625,Severe,Severe,Severe,#8F3F97
2025-04-29 02:30:00,"Anand Vihar, New Delhi - DPCC",193.0,195.89505158730157,193.15404,2.8950515873015377,0.1540374755859375,Poor,Poor,Poor,#FF7E00
2025-04-29 03:30:00,"Anand Vihar, New Delhi - DPCC",199.0,199.76326226551225,198.35205,0.7632622655122532,0.64794921875,Poor,Poor,Poor,#FF7E00
2025-04-29 04:30:00,"Anand Vihar, New Delhi - DPCC",194.0,193.55421428571424,193.98355,0.4457857142857619,0.016448974609375,Poor,Poor,Poor,#FF7E00
2025-04-29 05:30:00,"Anand Vihar, New Delhi - DPCC",286.0,289.2271071428571,285.88388,3.227107142857108,0.116119384765625,Very Poor,Very Poor,Very Poor,#FF0000
2025-04-29 06:30:00,"Anand Vihar, New Delhi - DPCC",283.0,283.26413888888897,282.99228,0.2641388888889651,0.007720947265625,Very Poor,Very Poor,Very Poor,#FF0000
2025-04-29 07:30:00,"Anand Vihar, New Delhi - DPCC",189.0,191.9989087301588,189.51692,2.9989087301587745,0.5169219970703125,Poor,Poor,Poor,#FF7E00
2025-04-29 08:30:00,"Anand Vihar, New Delhi - DPCC",189.0,189.4352777777778,188.80379,0.4352777777777987,0.1962127685546875,Poor,Poor,Poor,#FF7E00
2025-04-29 09:30:00,"Anand Vihar, New Delhi - DPCC",300.0,296.2742976190476,300.16193,3.725702380952384,0.16192626953125,Very Poor,Very Poor,Severe,#FF0000
2025-04-29 10:30:00,"Anand Vihar, New Delhi - DPCC",194.0,193.40322619047615,193.41005,0.5967738095238246,0.5899505615234375,Poor,Poor,Poor,#FF7E00
2025-04-29 11:30:00,"Anand Vihar, New Delhi - DPCC",181.0,185.73280086580087,181.01085,4.7328008658008685,0.0108489990234375,Poor,Poor,Poor,#FF7E00
2025-04-29 12:30:00,"Anand Vihar, New Delhi - DPCC",211.0,211.62892063492063,210.9299,0.6289206349206609,0.070098876953125,Very Poor,Very Poor,Very Poor,#FF0000
2025-04-29 13:30:00,"Anand Vihar, New Delhi - DPCC",183.0,182.99742460317455,182.96046,0.0025753968254207,0.0395355224609375,Poor,Poor,Poor,#FF7E00
2025-04-29 16:30:00,"Anand Vihar, New Delhi - DPCC",193.0,192.86225252525253,192.89345,0.1377474747474707,0.1065521240234375,Poor,Poor,Poor,#FF7E00
2025-04-29 17:30:00,"Anand Vihar, New Delhi - DPCC",189.0,189.19000793650795,189.19061,0.190007936507925,0.19061279296875,Poor,Poor,Poor,#FF7E00
2025-04-29 18:30:00,"Anand Vihar, New Delhi - DPCC",219.0,221.2507301587301,218.95897,2.250730158730136,0.0410308837890625,Very Poor,Very Poor,Very Poor,#FF0000
2025-04-29 19:30:00,"Anand Vihar, New Delhi - DPCC",256.0,260.80417532467527,255.97527,4.804175324675271,0.0247344970703125,Very Poor,Very Poor,Very Poor,#FF0000
2025-04-29 20:30:00,"Anand Vihar, New Delhi - DPCC",239.0,239.64606179931172,239.01254,0.6460617993117523,0.012542724609375,Very Poor,Very Poor,Very Poor,#FF0000
2025-04-29 21:30:00,"Anand Vihar, New Delhi - DPCC",500.0,498.79333333333335,499.9946,1.2066666666666492,0.005401611328125,Severe,Severe,Severe,#8F3F97
2025-04-29 22:30:00,"Anand Vihar, New Delhi - DPCC",191.0,191.8548134920635,190.83627,0.8548134920634993,0.163726806640625,Poor,Poor,Poor,#FF7E00
2025-04-29 23:30:00,"Anand Vihar, New Delhi - DPCC",172.0,174.6951886724386,172.61913,2.6951886724386043,0.6191253662109375,Poor,Poor,Poor,#FF7E00
2025-04-30 00:30:00,"Anand Vihar, New Delhi - DPCC",139.0,138.82027380952383,138.87029,0.1797261904761455,0.1297149658203125,Poor,Poor,Poor,#FF7E00
2025-04-30 01:30:00,"Anand Vihar, New Delhi - DPCC",163.0,163.12848448773448,162.68524,0.1284844877344824,0.31475830078125,Poor,Poor,Poor,#FF7E00
2025-04-30 02:30:00,"Anand Vihar, New Delhi - DPCC",199.0,200.81937301587303,199.19345,1.819373015873026,0.193450927734375,Poor,Very Poor,Poor,#FF7E00
2025-04-30 03:30:00,"Anand Vihar, New Delhi - DPCC",202.0,202.29868939393936,202.23427,0.2986893939393837,0.2342681884765625,Very Poor,Very Poor,Very Poor,#FF0000
2025-04-30 04:30:00,"Anand Vihar, New Delhi - DPCC",232.0,231.85516666666663,231.96349,0.1448333333333664,0.0365142822265625,Very Poor,Very Poor,Very Poor,#FF0000
2025-04-30 05:30:00,"Anand Vihar, New Delhi - DPCC",249.0,256.02321969696965,248.87914,7.023219696969647,0.1208648681640625,Very Poor,Very Poor,Very Poor,#FF0000
2025-04-30 06:30:00,"Anand Vihar, New Delhi - DPCC",188.0,188.15102777777776,188.02484,0.1510277777777844,0.02484130859375,Poor,Poor,Poor,#FF7E00
2025-04-30 07:30:00,"Anand Vihar, New Delhi - DPCC",161.0,161.90464646464653,161.08757,0.9046464646465324,0.0875701904296875,Poor,Poor,Poor,#FF7E00
2025-04-30 08:30:00,"Anand Vihar, New Delhi - DPCC",150.0,150.63303174603178,150.43991,0.6330317460317758,0.439910888671875,Poor,Poor,Poor,#FF7E00
2025-04-30 11:30:00,"Anand Vihar, New Delhi - DPCC",138.0,138.06533333333334,138.00551,0.0653333333333421,0.0055084228515625,Poor,Poor,Poor,#FF7E00
2025-04-30 12:30:00,"Anand Vihar, New Delhi - DPCC",136.0,135.87806746031748,135.87613,0.1219325396825183,0.123870849609375,Poor,Poor,Poor,#FF7E00
2025-04-30 13:30:00,"Anand Vihar, New Delhi - DPCC",157.0,157.5946507936508,157.06775,0.5946507936507999,0.0677490234375,Poor,Poor,Poor,#FF7E00
2025-04-30 14:30:00,"Anand Vihar, New Delhi - DPCC",211.0,210.6206642246642,211.03596,0.3793357753357895,0.0359649658203125,Very Poor,Very Poor,Very Poor,#FF0000
2025-04-30 15:30:00,"Anand Vihar, New Delhi - DPCC",201.0,201.0723849206349,200.98639,0.0723849206349029,0.01361083984375,Very Poor,Very Poor,Very Poor,#FF0000
2025-04-30 16:30:00,"Anand Vihar, New Delhi - DPCC",173.0,175.48071031746025,173.048,2.4807103174602503,0.048004150390625,Poor,Poor,Poor,#FF7E00
2025-04-30 17:30:00,"Anand Vihar, New Delhi - DPCC",163.0,163.14380158730157,162.80003,0.1438015873015672,0.1999664306640625,Poor,Poor,Poor,#FF7E00
2025-04-30 18:30:00,"Anand Vihar, New Delhi - DPCC",161.0,161.00021789321795,161.30022,0.0002178932179504,0.3002166748046875,Poor,Poor,Poor,#FF7E00
2025-04-30 19:30:00,"Anand Vihar, New Delhi - DPCC",158.0,158.57823809523808,157.73836,0.5782380952380777,0.2616424560546875,Poor,Poor,Poor,#FF7E00
2025-04-30 20:30:00,"Anand Vihar, New Delhi - DPCC",187.0,186.72433982683975,186.97743,0.2756601731602188,0.0225677490234375,Poor,Poor,Poor,#FF7E00
2025-04-30 21:30:00,"Anand Vihar, New Delhi - DPCC",176.0,174.82319444444437,176.27962,1.1768055555556316,0.2796173095703125,Poor,Poor,Poor,#FF7E00
2025-04-30 22:30:00,"Anand Vihar, New Delhi - DPCC",500.0,498.955,500.00357,1.045000000000016,0.003570556640625,Severe,Severe,Severe,#8F3F97
2025-04-30 23:30:00,"Anand Vihar, New Delhi - DPCC",500.0,497.6266666666667,499.99463,2.373333333333278,0.00537109375,Severe,Severe,Severe,#8F3F97
2025-05-01 00:30:00,"Anand Vihar, New Delhi - DPCC",169.0,174.1158888888889,168.83618,5.11588888888889,0.163818359375,Poor,Poor,Poor,#FF7E00
2025-05-01 01:30:00,"Anand Vihar, New Delhi - DPCC",170.0,174.36307142857137,169.71992,4.363071428571374,0.2800750732421875,Poor,Poor,Poor,#FF7E00
2025-05-01 02:30:00,"Anand Vihar, New Delhi - DPCC",186.0,186.80249458874457,186.00172,0.8024945887445654,0.0017242431640625,Poor,Poor,Poor,#FF7E00
2025-05-01 03:30:00,"Anand Vihar, New Delhi - DPCC",189.0,188.7967485569985,188.94064,0.2032514430015055,0.059356689453125,Poor,Poor,Poor,#FF7E00
2025-05-01 04:30:00,"Anand Vihar, New Delhi - DPCC",188.0,188.49706349206355,188.20067,0.4970634920635461,0.2006683349609375,Poor,Poor,Poor,#FF7E00
2025-05-01 05:30:00,"Anand Vihar, New Delhi - DPCC",199.0,199.60862698412708,198.6059,0.6086269841270848,0.39410400390625,Poor,Poor,Poor,#FF7E00
2025-05-01 06:30:00,"Anand Vihar, New Delhi - DPCC",177.0,177.3063888888889,176.98402,0.3063888888889039,0.0159759521484375,Poor,Poor,Poor,#FF7E00
2025-05-01 07:30:00,"Anand Vihar, New Delhi - DPCC",168.0,167.92142388167386,168.0945,0.0785761183261399,0.0944976806640625,Poor,Poor,Poor,#FF7E00
2025-05-01 08:30:00,"Anand Vihar, New Delhi - DPCC",161.0,161.75146031746036,161.30191,0.7514603174603565,0.301910400390625,Poor,Poor,Poor,#FF7E00
2025-05-01 09:30:00,"Anand Vihar, New Delhi - DPCC",188.0,187.4044556277056,187.97389,0.5955443722943983,0.0261077880859375,Poor,Poor,Poor,#FF7E00
2025-05-01 10:30:00,"Anand Vihar, New Delhi - DPCC",273.0,279.84071428571417,272.74774,6.840714285714171,0.25225830078125,Very Poor,Very Poor,Very Poor,#FF0000
2025-05-01 11:30:00,"Anand Vihar, New Delhi - DPCC",307.0,312.6462936507936,306.86313,5.646293650793609,0.136871337890625,Severe,Severe,Severe,#8F3F97
2025-05-01 12:30:00,"Anand Vihar, New Delhi - DPCC",242.0,245.91462373737372,241.95044,3.914623737373745,0.049560546875,Very Poor,Very Poor,Very Poor,#FF0000
2025-05-01 13:30:00,"Anand Vihar, New Delhi - DPCC",207.0,210.08891666666668,206.55849,3.0889166666666767,0.4415130615234375,Very Poor,Very Poor,Very Poor,#FF0000
2025-05-01 14:30:00,"Anand Vihar, New Delhi - DPCC",195.0,195.00017063492064,195.03513,0.0001706349206642,0.035125732421875,Poor,Poor,Poor,#FF7E00
2025-05-01 15:30:00,"Anand Vihar, New Delhi - DPCC",302.0,304.84448809523803,301.88223,2.8444880952380345,0.117767333984375,Severe,Severe,Severe,#8F3F97
2025-05-01 16:30:00,"Anand Vihar, New Delhi - DPCC",195.0,194.7870250305251,194.92828,0.2129749694749136,0.07171630859375,Poor,Poor,Poor,#FF7E00
2025-05-01 17:30:00,"Anand Vihar, New Delhi - DPCC",164.0,166.15921825396825,164.16873,2.1592182539682483,0.168731689453125,Poor,Poor,Poor,#FF7E00
2025-05-01 18:30:00,"Anand Vihar, New Delhi - DPCC",170.0,169.64183383283384,169.83041,0.3581661671661607,0.169586181640625,Poor,Poor,Poor,#FF7E00
2025-05-01 19:30:00,"Anand Vihar, New Delhi - DPCC",197.0,197.3961984126984,196.94225,0.3961984126984248,0.0577545166015625,Poor,Poor,Poor,#FF7E00
2025-05-01 20:30:00,"Anand Vihar, New Delhi - DPCC",264.0,264.2854365079366,263.953,0.2854365079365948,0.0469970703125,Very Poor,Very Poor,Very Poor,#FF0000
2025-05-01 21:30:00,"Anand Vihar, New Delhi - DPCC",216.0,213.16119624819623,215.85664,2.8388037518037663,0.1433563232421875,Very Poor,Very Poor,Very Poor,#FF0000
2025-05-01 22:30:00,"Anand Vihar, New Delhi - DPCC",159.0,160.2624206349206,158.76135,1.262420634920602,0.2386474609375,Poor,Poor,Poor,#FF7E00
2025-05-01 23:30:00,"Anand Vihar, New Delhi - DPCC",500.0,498.955,499.9722,1.045000000000016,0.027801513671875,Severe,Severe,Severe,#8F3F97
2025-05-02 00:30:00,"Anand Vihar, New Delhi - DPCC",130.0,132.68809920634922,129.80464,2.688099206349221,0.1953582763671875,Poor,Poor,Poor,#FF7E00
2025-05-02 01:30:00,"Anand Vihar, New Delhi - DPCC",61.0,70.1703373015873,61.199833,9.170337301587296,0.1998329162597656,Moderate,Moderate,Moderate,#FFFF00
2025-05-02 02:30:00,"Anand Vihar, New Delhi - DPCC",66.0,70.80240476190477,66.04365,4.802404761904768,0.0436477661132812,Moderate,Moderate,Moderate,#FFFF00
2025-05-02 03:30:00,"Anand Vihar, New Delhi - DPCC",83.0,77.19283333333333,83.00876,5.807166666666674,0.008758544921875,Moderate,Moderate,Moderate,#FFFF00
2025-05-02 04:30:00,"Anand Vihar, New Delhi - DPCC",64.0,71.84113095238095,64.15751,7.841130952380951,0.1575088500976562,Moderate,Moderate,Moderate,#FFFF00
2025-05-02 05:30:00,"Anand Vihar, New Delhi - DPCC",68.0,71.84426984126985,68.055214,3.844269841269849,0.0552139282226562,Moderate,Moderate,Moderate,#FFFF00
2025-05-02 06:30:00,"Anand Vihar, New Delhi - DPCC",80.0,78.22482142857145,80.05218,1.7751785714285546,0.0521774291992187,Moderate,Moderate,Moderate,#FFFF00
2025-05-02 07:30:00,"Anand Vihar, New Delhi - DPCC",90.0,86.3528134920635,89.98271,3.647186507936496,0.0172882080078125,Moderate,Moderate,Moderate,#FFFF00
2025-05-02 08:30:00,"Anand Vihar, New Delhi - DPCC",82.0,83.17465079365078,81.99302,1.174650793650784,0.0069808959960937,Moderate,Moderate,Moderate,#FFFF00
2025-05-02 09:30:00,"Anand Vihar, New Delhi - DPCC",79.0,80.75807936507938,78.99255,1.7580793650793822,0.0074462890625,Moderate,Moderate,Moderate,#FFFF00
2025-05-02 10:30:00,"Anand Vihar, New Delhi - DPCC",74.0,76.62220634920638,74.05339,2.62220634920638,0.0533905029296875,Moderate,Moderate,Moderate,#FFFF00
2025-05-02 11:30:00,"Anand Vihar, New Delhi - DPCC",82.0,80.33960714285715,82.00858,1.6603928571428526,0.0085830688476562,Moderate,Moderate,Moderate,#FFFF00
2025-05-02 12:30:00,"Anand Vihar, New Delhi - DPCC",89.0,87.4599126984127,89.04521,1.540087301587306,0.0452117919921875,Moderate,Moderate,Moderate,#FFFF00
2025-05-02 13:30:00,"Anand Vihar, New Delhi - DPCC",500.0,406.0360396825397,499.92157,93.9639603174603,0.07843017578125,Severe,Severe,Severe,#8F3F97
2025-05-02 14:30:00,"Anand Vihar, New Delhi - DPCC",136.0,138.30309523809524,136.26529,2.3030952380952385,0.265289306640625,Poor,Poor,Poor,#FF7E00
2025-05-02 15:30:00,"Anand Vihar, New Delhi - DPCC",183.0,194.40040873015877,182.99196,11.400408730158745,0.0080413818359375,Poor,Poor,Poor,#FF7E00
2025-05-02 16:30:00,"Anand Vihar, New Delhi - DPCC",277.0,282.2333095238096,276.95718,5.233309523809567,0.042816162109375,Very Poor,Very Poor,Very Poor,#FF0000
2025-05-02 17:30:00,"Anand Vihar, New Delhi - DPCC",322.0,324.02145598845595,321.9744,2.021455988455955,0.025604248046875,Severe,Severe,Severe,#8F3F97
2025-05-02 18:30:00,"Anand Vihar, New Delhi - DPCC",309.0,310.8168055555556,308.96524,1.816805555555561,0.034759521484375,Severe,Severe,Severe,#8F3F97
2025-05-02 19:30:00,"Anand Vihar, New Delhi - DPCC",309.0,309.12111904761906,308.9719,0.1211190476190609,0.028106689453125,Severe,Severe,Severe,#8F3F97
2025-05-02 20:30:00,"Anand Vihar, New Delhi - DPCC",303.0,303.2202142857144,302.7054,0.2202142857144053,0.294586181640625,Severe,Severe,Severe,#8F3F97
2025-05-02 21:30:00,"Anand Vihar, New Delhi - DPCC",269.0,269.7640346320346,269.21176,0.7640346320346225,0.211761474609375,Very Poor,Very Poor,Very Poor,#FF0000
2025-05-02 22:30:00,"Anand Vihar, New Delhi - DPCC",500.0,500.0,500.03293,0.0,0.032928466796875,Severe,Severe,Severe,#8F3F97
2025-05-02 23:30:00,"Anand Vihar, New Delhi - DPCC",308.0,308.9285357142858,308.08658,0.928535714285772,0.086578369140625,Severe,Severe,Severe,#8F3F97
2025-05-03 00:30:00,"Anand Vihar, New Delhi - DPCC",303.0,303.71135714285714,302.8851,0.711357142857139,0.114898681640625,Severe,Severe,Severe,#8F3F97
2025-05-03 01:30:00,"Anand Vihar, New Delhi - DPCC",500.0,500.0,500.01028,0.0,0.010284423828125,Severe,Severe,Severe,#8F3F97
2025-05-03 02:30:00,"Anand Vihar, New Delhi - DPCC",262.0,260.42256837606834,262.1106,1.577431623931659,0.110595703125,Very Poor,Very Poor,Very Poor,#FF0000
2025-05-03 03:30:00,"Anand Vihar, New Delhi - DPCC",228.0,229.50176984126975,228.12544,1.5017698412697769,0.1254425048828125,Very Poor,Very Poor,Very Poor,#FF0000
2025-05-03 04:30:00,"Anand Vihar, New Delhi - DPCC",162.0,162.60967857142853,162.00818,0.6096785714285318,0.0081787109375,Poor,Poor,Poor,#FF7E00
2025-05-03 05:30:00,"Anand Vihar, New Delhi - DPCC",145.0,145.0944007936508,145.07236,0.0944007936508057,0.072357177734375,Poor,Poor,Poor,#FF7E00
2025-05-03 06:30:00,"Anand Vihar, New Delhi - DPCC",187.0,183.8897976190476,186.91013,3.110202380952387,0.089874267578125,Poor,Poor,Poor,#FF7E00
2025-05-03 07:30:00,"Anand Vihar, New Delhi - DPCC",213.0,212.93891666666676,212.90749,0.061083333333272,0.0925140380859375,Very Poor,Very Poor,Very Poor,#FF0000
2025-05-03 08:30:00,"Anand Vihar, New Delhi - DPCC",207.0,206.57500793650797,207.2164,0.4249920634920556,0.216400146484375,Very Poor,Very Poor,Very Poor,#FF0000
2025-05-03 09:30:00,"Anand Vihar, New Delhi - DPCC",142.0,145.52269552669554,141.92578,3.522695526695543,0.07421875,Poor,Poor,Poor,#FF7E00
2025-05-03 10:30:00,"Anand Vihar, New Delhi - DPCC",131.0,130.84186904761907,130.8936,0.1581309523809295,0.1063995361328125,Poor,Poor,Poor,#FF7E00
2025-05-03 11:30:00,"Anand Vihar, New Delhi - DPCC",131.0,131.00196428571428,130.86276,0.0019642857142798,0.137237548828125,Poor,Poor,Poor,#FF7E00
2025-05-03 12:30:00,"Anand Vihar, New Delhi - DPCC",135.0,134.62082936507937,134.94405,0.3791706349206265,0.0559539794921875,Poor,Poor,Poor,#FF7E00
2025-05-03 13:30:00,"Anand Vihar, New Delhi - DPCC",188.0,189.1166785714285,187.98286,1.1166785714285368,0.0171356201171875,Poor,Poor,Poor,#FF7E00
2025-05-03 14:30:00,"Anand Vihar, New Delhi - DPCC",290.0,293.04144119769126,290.0696,3.041441197691256,0.069610595703125,Very Poor,Very Poor,Very Poor,#FF0000
2025-05-03 15:30:00,"Anand Vihar, New Delhi - DPCC",256.0,257.23078879453874,256.00046,1.2307887945387392,0.000457763671875,Very Poor,Very Poor,Very Poor,#FF0000
2025-05-03 16:30:00,"Anand Vihar, New Delhi - DPCC",276.0,272.2500873015873,276.0031,3.749912698412686,0.00311279296875,Very Poor,Very Poor,Very Poor,#FF0000
2025-05-03 17:30:00,"Anand Vihar, New Delhi - DPCC",301.0,300.61006601731606,300.98868,0.3899339826839423,0.011322021484375,Severe,Severe,Severe,#8F3F97
2025-05-03 18:30:00,"Anand Vihar, New Delhi - DPCC",286.0,287.06232142857147,285.92316,1.0623214285714653,0.07684326171875,Very Poor,Very Poor,Very Poor,#FF0000
2025-05-03 19:30:00,"Anand Vihar, New Delhi - DPCC",265.0,266.4438165723166,264.96548,1.4438165723166207,0.034515380859375,Very Poor,Very Poor,Very Poor,#FF0000
2025-05-03 20:30:00,"Anand Vihar, New Delhi - DPCC",296.0,296.06621428571435,297.01608,0.0662142857143521,1.016082763671875,Very Poor,Very Poor,Very Poor,#FF0000
2025-05-03 21:30:00,"Anand Vihar, New Delhi - DPCC",335.0,332.81523773448777,334.8698,2.1847622655122336,0.13018798828125,Severe,Severe,Severe,#8F3F97
2025-05-03 22:30:00,"Anand Vihar, New Delhi - DPCC",376.0,373.5781789321789,376.0924,2.4218210678210994,0.0924072265625,Severe,Severe,Severe,#8F3F97
2025-05-03 23:30:00,"Anand Vihar, New Delhi - DPCC",340.0,338.1882922077923,339.738,1.8117077922076987,0.261993408203125,Severe,Severe,Severe,#8F3F97
2025-05-04 00:30:00,"Anand Vihar, New Delhi - DPCC",500.0,468.7256825396825,498.91632,31.27431746031749,1.08367919921875,Severe,Severe,Severe,#8F3F97
2025-05-04 01:30:00,"Anand Vihar, New Delhi - DPCC",326.0,324.31955627705634,326.09003,1.6804437229436644,0.09002685546875,Severe,Severe,Severe,#8F3F97
2025-05-04 02:30:00,"Anand Vihar, New Delhi - DPCC",313.0,313.06446428571434,312.70416,0.0644642857143367,0.29583740234375,Severe,Severe,Severe,#8F3F97
2025-05-04 03:30:00,"Anand Vihar, New Delhi - DPCC",297.0,297.6870873015872,296.7499,0.6870873015872121,0.250091552734375,Very Poor,Very Poor,Very Poor,#FF0000
2025-05-04 04:30:00,"Anand Vihar, New Delhi - DPCC",500.0,472.2678968253968,499.94495,27.7321031746032,0.0550537109375,Severe,Severe,Severe,#8F3F97
2025-05-04 05:30:00,"Anand Vihar, New Delhi - DPCC",190.0,190.4646111111112,190.25435,0.4646111111111963,0.2543487548828125,Poor,Poor,Poor,#FF7E00
2025-05-04 06:30:00,"Anand Vihar, New Delhi - DPCC",500.0,500.0,499.97894,0.0,0.02105712890625,Severe,Severe,Severe,#8F3F97
2025-05-04 07:30:00,"Anand Vihar, New Delhi - DPCC",135.0,133.56879365079368,134.52242,1.4312063492063205,0.4775848388671875,Poor,Poor,Poor,#FF7E00
2025-05-04 08:30:00,"Anand Vihar, New Delhi - DPCC",129.0,129.90327777777776,129.02176,0.9032777777777596,0.021759033203125,Poor,Poor,Poor,#FF7E00
2025-05-04 09:30:00,"Anand Vihar, New Delhi - DPCC",122.0,121.61453571428568,121.90292,0.3854642857143204,0.097076416015625,Poor,Poor,Poor,#FF7E00
2025-05-04 10:30:00,"Anand Vihar, New Delhi - DPCC",116.0,116.19783333333336,116.200195,0.1978333333333495,0.2001953125,Poor,Poor,Poor,#FF7E00
2025-05-04 11:30:00,"Anand Vihar, New Delhi - DPCC",114.0,114.12668253968258,113.84393,0.1266825396825766,0.15606689453125,Poor,Poor,Poor,#FF7E00
2025-05-04 12:30:00,"Anand Vihar, New Delhi - DPCC",110.0,110.5195476190476,110.05309,0.5195476190476143,0.0530929565429687,Poor,Poor,Poor,#FF7E00
2025-05-04 13:30:00,"Anand Vihar, New Delhi - DPCC",500.0,479.475,499.9832,20.524999999999977,0.016815185546875,Severe,Severe,Severe,#8F3F97
2025-05-04 14:30:00,"Anand Vihar, New Delhi - DPCC",166.0,170.4642182539682,165.81624,4.464218253968198,0.1837615966796875,Poor,Poor,Poor,#FF7E00
2025-05-04 15:30:00,"Anand Vihar, New Delhi - DPCC",185.0,186.8838412698413,185.30202,1.883841269841298,0.3020172119140625,Poor,Poor,Poor,#FF7E00
2025-05-04 16:30:00,"Anand Vihar, New Delhi - DPCC",157.0,157.02541666666664,156.75395,0.0254166666666435,0.2460479736328125,Poor,Poor,Poor,#FF7E00
2025-05-04 17:30:00,"Anand Vihar, New Delhi - DPCC",148.0,147.64146825396824,147.95078,0.3585317460317583,0.049224853515625,Poor,Poor,Poor,#FF7E00
2025-05-04 18:30:00,"Anand Vihar, New Delhi - DPCC",193.0,193.6288041125541,192.98334,0.6288041125541213,0.01666259765625,Poor,Poor,Poor,#FF7E00
2025-05-04 19:30:00,"Anand Vihar, New Delhi - DPCC",210.0,210.22373853923847,210.00821,0.2237385392384681,0.008209228515625,Very Poor,Very Poor,Very Poor,#FF0000
2025-05-04 20:30:00,"Anand Vihar, New Delhi - DPCC",500.0,500.0,499.98135,0.0,0.018646240234375,Severe,Severe,Severe,#8F3F97
2025-05-04 21:30:00,"Anand Vihar, New Delhi - DPCC",500.0,500.0,499.9981,0.0,0.00189208984375,Severe,Severe,Severe,#8F3F97
2025-05-04 22:30:00,"Anand Vihar, New Delhi - DPCC",60.0,80.53613888888891,60.945797,20.536138888888917,0.9457969665527344,Moderate,Moderate,Moderate,#FFFF00
2025-05-04 23:30:00,"Anand Vihar, New Delhi - DPCC",66.0,89.90344444444445,66.13815,23.90344444444445,0.138153076171875,Moderate,Moderate,Moderate,#FFFF00
2025-05-05 00:30:00,"Anand Vihar, New Delhi - DPCC",76.0,78.36566269841272,76.08368,2.36566269841272,0.08367919921875,Moderate,Moderate,Moderate,#FFFF00
2025-05-05 01:30:00,"Anand Vihar, New Delhi - DPCC",92.0,90.6216984126984,92.01863,1.3783015873015927,0.0186309814453125,Moderate,Moderate,Moderate,#FFFF00
2025-05-05 02:30:00,"Anand Vihar, New Delhi - DPCC",100.0,99.9449365079365,99.949844,0.0550634920634962,0.0501556396484375,Moderate,Moderate,Moderate,#FFFF00
2025-05-05 03:30:00,"Anand Vihar, New Delhi - DPCC",105.0,106.04786507936508,105.06827,1.0478650793650672,0.068267822265625,Poor,Poor,Poor,#FF7E00
2025-05-05 04:30:00,"Anand Vihar, New Delhi - DPCC",112.0,111.8814761904762,111.88344,0.1185238095238077,0.1165618896484375,Poor,Poor,Poor,#FF7E00
2025-05-05 05:30:00,"Anand Vihar, New Delhi - DPCC",110.0,109.84514682539682,110.05885,0.1548531746031756,0.0588531494140625,Poor,Poor,Poor,#FF7E00
2025-05-05 06:30:00,"Anand Vihar, New Delhi - DPCC",101.0,100.97619264069264,101.03695,0.0238073593073551,0.0369491577148437,Poor,Poor,Poor,#FF7E00
2025-05-05 07:30:00,"Anand Vihar, New Delhi - DPCC",102.0,101.51753391053391,101.978676,0.4824660894660724,0.0213241577148437,Poor,Poor,Poor,#FF7E00
2025-05-05 08:30:00,"Anand Vihar, New Delhi - DPCC",104.0,105.2938015873016,104.30496,1.293801587301601,0.304962158203125,Poor,Poor,Poor,#FF7E00
2025-05-05 09:30:00,"Anand Vihar, New Delhi - DPCC",112.0,111.6886944444444,111.912926,0.3113055555555917,0.0870742797851562,Poor,Poor,Poor,#FF7E00
2025-05-05 10:30:00,"Anand Vihar, New Delhi - DPCC",103.0,103.33662698412698,102.98845,0.3366269841269798,0.0115509033203125,Poor,Poor,Poor,#FF7E00
2025-05-05 11:30:00,"Anand Vihar, New Delhi - DPCC",114.0,113.55459126984132,113.98826,0.4454087301586895,0.0117416381835937,Poor,Poor,Poor,#FF7E00
2025-05-05 12:30:00,"Anand Vihar, New Delhi - DPCC",500.0,488.39,500.00208,11.610000000000014,0.0020751953125,Severe,Severe,Severe,#8F3F97
2025-05-05 13:30:00,"Anand Vihar, New Delhi - DPCC",140.0,141.7731738816739,139.7766,1.7731738816738982,0.2234039306640625,Poor,Poor,Poor,#FF7E00
2025-05-05 14:30:00,"Anand Vihar, New Delhi - DPCC",500.0,500.0,500.0026,0.0,0.002593994140625,Severe,Severe,Severe,#8F3F97
2025-05-05 15:30:00,"Anand Vihar, New Delhi - DPCC",149.0,148.93926587301584,149.16502,0.0607341269841583,0.1650238037109375,Poor,Poor,Poor,#FF7E00
2025-05-05 16:30:00,"Anand Vihar, New Delhi - DPCC",130.0,131.9658333333333,129.84676,1.965833333333308,0.1532440185546875,Poor,Poor,Poor,#FF7E00
2025-05-05 17:30:00,"Anand Vihar, New Delhi - DPCC",138.0,139.0578095238095,138.01442,1.0578095238095102,0.0144195556640625,Poor,Poor,Poor,#FF7E00
2025-05-05 18:30:00,"Anand Vihar, New Delhi - DPCC",168.0,168.1009556277056,167.93378,0.1009556277055878,0.06622314453125,Poor,Poor,Poor,#FF7E00
2025-05-05 19:30:00,"Anand Vihar, New Delhi - DPCC",500.0,471.3078095238096,499.9916,28.692190476190436,0.008392333984375,Severe,Severe,Severe,#8F3F97
2025-05-05 20:30:00,"Anand Vihar, New Delhi - DPCC",130.0,130.787869047619,129.84465,0.7878690476190116,0.1553497314453125,Poor,Poor,Poor,#FF7E00
2025-05-05 21:30:00,"Anand Vihar, New Delhi - DPCC",134.0,136.16189285714287,134.10953,2.161892857142874,0.109527587890625,Poor,Poor,Poor,#FF7E00
2025-05-05 22:30:00,"Anand Vihar, New Delhi - DPCC",190.0,180.49879761904765,190.00615,9.50120238095235,0.0061492919921875,Poor,Poor,Poor,#FF7E00
2025-05-05 23:30:00,"Anand Vihar, New Delhi - DPCC",130.0,130.89182142857143,129.89256,0.8918214285714328,0.1074371337890625,Poor,Poor,Poor,#FF7E00
2025-05-06 00:30:00,"Anand Vihar, New Delhi - DPCC",500.0,500.0,500.00043,0.0,0.00042724609375,Severe,Severe,Severe,#8F3F97
2025-05-06 01:30:00,"Anand Vihar, New Delhi - DPCC",321.0,322.2236984126984,321.11084,1.2236984126984112,0.11083984375,Severe,Severe,Severe,#8F3F97
2025-05-06 02:30:00,"Anand Vihar, New Delhi - DPCC",157.0,155.5610317460318,156.69098,1.4389682539681985,0.30902099609375,Poor,Poor,Poor,#FF7E00
2025-05-06 03:30:00,"Anand Vihar, New Delhi - DPCC",134.0,137.9755396825397,134.07375,3.975539682539704,0.0737457275390625,Poor,Poor,Poor,#FF7E00
2025-05-06 04:30:00,"Anand Vihar, New Delhi - DPCC",138.0,138.0304761904762,138.06683,0.0304761904762074,0.06683349609375,Poor,Poor,Poor,#FF7E00
2025-05-06 05:30:00,"Anand Vihar, New Delhi - DPCC",112.0,112.1179025974026,111.99026,0.1179025974025904,0.0097427368164062,Poor,Poor,Poor,#FF7E00
2025-05-06 06:30:00,"Anand Vihar, New Delhi - DPCC",500.0,500.0,500.07083,0.0,0.070831298828125,Severe,Severe,Severe,#8F3F97
2025-05-06 07:30:00,"Anand Vihar, New Delhi - DPCC",500.0,500.0,500.04697,0.0,0.046966552734375,Severe,Severe,Severe,#8F3F97
2025-05-06 08:30:00,"Anand Vihar, New Delhi - DPCC",500.0,493.36166666666674,499.98685,6.638333333333264,0.013153076171875,Severe,Severe,Severe,#8F3F97
2025-05-06 09:30:00,"Anand Vihar, New Delhi - DPCC",106.0,105.75104761904764,106.30869,0.2489523809523746,0.3086929321289062,Poor,Poor,Poor,#FF7E00
2025-05-06 10:30:00,"Anand Vihar, New Delhi - DPCC",500.0,494.5133333333334,499.96973,5.486666666666622,0.0302734375,Severe,Severe,Severe,#8F3F97
2025-05-06 11:30:00,"Anand Vihar, New Delhi - DPCC",94.0,92.62380663780668,94.02813,1.3761933621933338,0.0281295776367187,Moderate,Moderate,Moderate,#FFFF00
2025-05-06 12:30:00,"Anand Vihar, New Delhi - DPCC",106.0,112.40117568542568,105.90062,6.4011756854256845,0.0993804931640625,Poor,Poor,Poor,#FF7E00
2025-05-06 13:30:00,"Anand Vihar, New Delhi - DPCC",124.0,123.39540728715728,123.95751,0.6045927128427167,0.0424880981445312,Poor,Poor,Poor,#FF7E00
2025-05-06 14:30:00,"Anand Vihar, New Delhi - DPCC",147.0,147.4794761904762,146.9513,0.4794761904761913,0.0487060546875,Poor,Poor,Poor,#FF7E00
2025-05-06 15:30:00,"Anand Vihar, New Delhi - DPCC",164.0,164.2898156565657,163.98972,0.2898156565657075,0.010284423828125,Poor,Poor,Poor,#FF7E00
2025-05-06 16:30:00,"Anand Vihar, New Delhi - DPCC",177.0,178.21704761904763,176.99976,1.2170476190476336,0.000244140625,Poor,Poor,Poor,#FF7E00
2025-05-06 17:30:00,"Anand Vihar, New Delhi - DPCC",172.0,172.2822857142857,171.82603,0.282285714285706,0.1739654541015625,Poor,Poor,Poor,#FF7E00
2025-05-06 18:30:00,"Anand Vihar, New Delhi - DPCC",120.0,120.13326984126984,119.9825,0.1332698412698363,0.0175018310546875,Poor,Poor,Poor,#FF7E00
2025-05-06 19:30:00,"Anand Vihar, New Delhi - DPCC",113.0,113.21139862914862,113.22208,0.2113986291486185,0.222076416015625,Poor,Poor,Poor,#FF7E00
2025-05-06 20:30:00,"Anand Vihar, New Delhi - DPCC",102.0,101.66806962481964,101.96696,0.331930375180363,0.0330429077148437,Poor,Poor,Poor,#FF7E00
2025-05-06 21:30:00,"Anand Vihar, New Delhi - DPCC",94.0,95.34800793650794,94.14436,1.3480079365079405,0.1443634033203125,Moderate,Moderate,Moderate,#FFFF00
2025-05-06 22:30:00,"Anand Vihar, New Delhi - DPCC",98.0,98.37485317460316,97.96054,0.3748531746031744,0.039459228515625,Moderate,Moderate,Moderate,#FFFF00
2025-05-06 23:30:00,"Anand Vihar, New Delhi - DPCC",104.0,105.30757936507936,104.08359,1.3075793650793486,0.083587646484375,Poor,Poor,Poor,#FF7E00
2025-05-07 00:30:00,"Anand Vihar, New Delhi - DPCC",115.0,115.46304761904764,114.98864,0.4630476190476429,0.0113601684570312,Poor,Poor,Poor,#FF7E00
2025-05-07 01:30:00,"Anand Vihar, New Delhi - DPCC",135.0,131.75021703296702,134.8851,3.249782967032985,0.114898681640625,Poor,Poor,Poor,#FF7E00
2025-05-07 02:30:00,"Anand Vihar, New Delhi - DPCC",500.0,500.0,499.9671,0.0,0.03289794921875,Severe,Severe,Severe,#8F3F97
2025-05-07 03:30:00,"Anand Vihar, New Delhi - DPCC",500.0,500.0,500.01678,0.0,0.01678466796875,Severe,Severe,Severe,#8F3F97
2025-05-07 04:30:00,"Anand Vihar, New Delhi - DPCC",500.0,500.0,499.9678,0.0,0.032196044921875,Severe,Severe,Severe,#8F3F97
2025-05-07 05:30:00,"Anand Vihar, New Delhi - DPCC",150.0,152.5873253968254,151.0318,2.587325396825406,1.03179931640625,Poor,Poor,Poor,#FF7E00
2025-05-07 06:30:00,"Anand Vihar, New Delhi - DPCC",138.0,137.80643975468976,137.59639,0.1935602453102376,0.4036102294921875,Poor,Poor,Poor,#FF7E00
2025-05-07 07:30:00,"Anand Vihar, New Delhi - DPCC",121.0,120.62065476190472,120.955185,0.3793452380952828,0.0448150634765625,Poor,Poor,Poor,#FF7E00
2025-05-07 08:30:00,"Anand Vihar, New Delhi - DPCC",113.0,113.0470295815296,113.27021,0.0470295815295997,0.2702102661132812,Poor,Poor,Poor,#FF7E00
2025-05-07 09:30:00,"Anand Vihar, New Delhi - DPCC",112.0,111.866,111.94171,0.1340000000000145,0.05828857421875,Poor,Poor,Poor,#FF7E00
2025-05-07 10:30:00,"Anand Vihar, New Delhi - DPCC",136.0,136.00690079365077,135.89394,0.0069007936507716,0.1060638427734375,Poor,Poor,Poor,#FF7E00
2025-05-07 11:30:00,"Anand Vihar, New Delhi - DPCC",146.0,147.3434880952381,146.3713,1.3434880952380863,0.371307373046875,Poor,Poor,Poor,#FF7E00
2025-05-07 12:30:00,"Anand Vihar, New Delhi - DPCC",138.0,138.3093095238095,138.14296,0.3093095238095031,0.1429595947265625,Poor,Poor,Poor,#FF7E00
2025-05-07 13:30:00,"Anand Vihar, New Delhi - DPCC",129.0,120.61892857142858,129.00493,8.381071428571417,0.0049285888671875,Poor,Poor,Poor,#FF7E00
2025-05-07 14:30:00,"Anand Vihar, New Delhi - DPCC",157.0,147.5699007936508,156.94623,9.430099206349212,0.05377197265625,Poor,Poor,Poor,#FF7E00
2025-05-07 15:30:00,"Anand Vihar, New Delhi - DPCC",158.0,156.312119047619,157.9311,1.6878809523809934,0.0688934326171875,Poor,Poor,Poor,#FF7E00
2025-05-07 16:30:00,"Anand Vihar, New Delhi - DPCC",150.0,151.64978174603172,149.98564,1.6497817460317208,0.0143585205078125,Poor,Poor,Poor,#FF7E00
2025-05-07 17:30:00,"Anand Vihar, New Delhi - DPCC",252.0,257.3158809523809,252.00319,5.315880952380951,0.0031890869140625,Very Poor,Very Poor,Very Poor,#FF0000
2025-05-07 18:30:00,"Anand Vihar, New Delhi - DPCC",313.0,308.1821038961039,312.73767,4.817896103896089,0.2623291015625,Severe,Severe,Severe,#8F3F97
2025-05-07 19:30:00,"Anand Vihar, New Delhi - DPCC",331.0,332.07763492063503,330.9585,1.0776349206350346,0.04150390625,Severe,Severe,Severe,#8F3F97
2025-05-07 20:30:00,"Anand Vihar, New Delhi - DPCC",351.0,352.51721031746035,351.12875,1.5172103174603535,0.128753662109375,Severe,Severe,Severe,#8F3F97
2025-05-07 21:30:00,"Anand Vihar, New Delhi - DPCC",359.0,360.9778373015873,358.84155,1.9778373015873283,0.158447265625,Severe,Severe,Severe,#8F3F97
2025-05-07 22:30:00,"Anand Vihar, New Delhi - DPCC",332.0,331.89756204906223,331.77234,0.1024379509377695,0.2276611328125,Severe,Severe,Severe,#8F3F97
2025-05-07 23:30:00,"Anand Vihar, New Delhi - DPCC",500.0,497.2271666666667,499.7407,2.772833333333324,0.259307861328125,Severe,Severe,Severe,#8F3F97
2025-05-08 00:30:00,"Anand Vihar, New Delhi - DPCC",500.0,500.0,500.033,0.0,0.032989501953125,Severe,Severe,Severe,#8F3F97
2025-05-08 01:30:00,"Anand Vihar, New Delhi - DPCC",306.0,312.4196587301587,305.83374,6.419658730158687,0.166259765625,Severe,Severe,Severe,#8F3F97
2025-05-08 02:30:00,"Anand Vihar, New Delhi - DPCC",313.0,312.3516547619048,313.34204,0.6483452380952031,0.342041015625,Severe,Severe,Severe,#8F3F97
2025-05-08 03:30:00,"Anand Vihar, New Delhi - DPCC",269.0,269.78208225108216,269.14597,0.7820822510821586,0.145965576171875,Very Poor,Very Poor,Very Poor,#FF0000
2025-05-08 04:30:00,"Anand Vihar, New Delhi - DPCC",131.0,130.99560317460322,131.47525,0.0043968253967818,0.475250244140625,Poor,Poor,Poor,#FF7E00
2025-05-08 05:30:00,"Anand Vihar, New Delhi - DPCC",133.0,135.2859761904762,133.08813,2.285976190476191,0.088134765625,Poor,Poor,Poor,#FF7E00
2025-05-08 07:30:00,"Anand Vihar, New Delhi - DPCC",500.0,489.385,499.98715,10.615000000000007,0.012847900390625,Severe,Severe,Severe,#8F3F97
2025-05-08 08:30:00,"Anand Vihar, New Delhi - DPCC",500.0,499.58,499.98065,0.4200000000000159,0.01934814453125,Severe,Severe,Severe,#8F3F97
2025-05-08 09:30:00,"Anand Vihar, New Delhi - DPCC",95.0,95.37569841269844,95.01721,0.3756984126984264,0.0172119140625,Moderate,Moderate,Moderate,#FFFF00
2025-05-08 10:30:00,"Anand Vihar, New Delhi - DPCC",94.0,94.72293759018764,94.086975,0.7229375901876267,0.08697509765625,Moderate,Moderate,Moderate,#FFFF00
2025-05-08 11:30:00,"Anand Vihar, New Delhi - DPCC",118.0,117.47837301587305,117.90779,0.5216269841269536,0.0922088623046875,Poor,Poor,Poor,#FF7E00
2025-05-08 12:30:00,"Anand Vihar, New Delhi - DPCC",130.0,129.63588095238097,129.7411,0.3641190476190274,0.2588958740234375,Poor,Poor,Poor,#FF7E00
2025-05-08 13:30:00,"Anand Vihar, New Delhi - DPCC",134.0,137.13334920634924,134.15323,3.133349206349237,0.153228759765625,Poor,Poor,Poor,#FF7E00
2025-05-08 14:30:00,"Anand Vihar, New Delhi - DPCC",215.0,207.32916269841272,214.99086,7.670837301587284,0.0091400146484375,Very Poor,Very Poor,Very Poor,#FF0000
2025-05-08 15:30:00,"Anand Vihar, New Delhi - DPCC",259.0,265.1431435786436,258.93024,6.14314357864356,0.06976318359375,Very Poor,Very Poor,Very Poor,#FF0000
2025-05-08 16:30:00,"Anand Vihar, New Delhi - DPCC",303.0,301.36610497835494,303.49078,1.6338950216450598,0.49078369140625,Severe,Severe,Severe,#8F3F97
2025-05-08 17:30:00,"Anand Vihar, New Delhi - DPCC",326.0,322.2791782106782,326.17386,3.7208217893218034,0.173858642578125,Severe,Severe,Severe,#8F3F97
2025-05-08 18:30:00,"Anand Vihar, New Delhi - DPCC",262.0,263.3528248695749,262.18506,1.3528248695748744,0.18505859375,Very Poor,Very Poor,Very Poor,#FF0000
2025-05-08 19:30:00,"Anand Vihar, New Delhi - DPCC",221.0,222.4634444444445,221.18213,1.4634444444444623,0.18212890625,Very Poor,Very Poor,Very Poor,#FF0000
2025-05-08 20:30:00,"Anand Vihar, New Delhi - DPCC",184.0,178.50491991341994,183.98505,5.49508008658006,0.01495361328125,Poor,Poor,Poor,#FF7E00
2025-05-08 21:30:00,"Anand Vihar, New Delhi - DPCC",228.0,229.62942460317456,228.12334,1.6294246031745845,0.1233367919921875,Very Poor,Very Poor,Very Poor,#FF0000
2025-05-08 22:30:00,"Anand Vihar, New Delhi - DPCC",186.0,186.17502705627703,185.90443,0.1750270562770595,0.0955657958984375,Poor,Poor,Poor,#FF7E00
2025-05-08 23:30:00,"Anand Vihar, New Delhi - DPCC",218.0,217.99705158730168,217.90492,0.0029484126983163,0.0950775146484375,Very Poor,Very Poor,Very Poor,#FF0000
2025-05-09 00:30:00,"Anand Vihar, New Delhi - DPCC",235.0,232.2495912698413,234.99356,2.750408730158739,0.006439208984375,Very Poor,Very Poor,Very Poor,#FF0000
2025-05-09 01:30:00,"Anand Vihar, New Delhi - DPCC",269.0,271.7525277777777,268.48996,2.7525277777776864,0.510040283203125,Very Poor,Very Poor,Very Poor,#FF0000
2025-05-09 02:30:00,"Anand Vihar, New Delhi - DPCC",283.0,281.0719603174604,282.92465,1.9280396825396335,0.075347900390625,Very Poor,Very Poor,Very Poor,#FF0000
2025-05-09 03:30:00,"Anand Vihar, New Delhi - DPCC",198.0,196.475257936508,197.79114,1.524742063491999,0.2088623046875,Poor,Poor,Poor,#FF7E00
2025-05-09 04:30:00,"Anand Vihar, New Delhi - DPCC",133.0,132.89976190476193,133.13608,0.100238095238069,0.136077880859375,Poor,Poor,Poor,#FF7E00
2025-05-09 05:30:00,"Anand Vihar, New Delhi - DPCC",112.0,112.87856926406924,112.043846,0.8785692640692417,0.0438461303710937,Poor,Poor,Poor,#FF7E00
2025-05-09 06:30:00,"Anand Vihar, New Delhi - DPCC",102.0,101.3184963924964,101.97831,0.6815036075036147,0.0216903686523437,Poor,Poor,Poor,#FF7E00
2025-05-09 07:30:00,"Anand Vihar, New Delhi - DPCC",102.0,101.17398051948054,101.96757,0.826019480519463,0.0324325561523437,Poor,Poor,Poor,#FF7E00
2025-05-09 08:30:00,"Anand Vihar, New Delhi - DPCC",101.0,97.64503210678212,100.994354,3.354967893217875,0.005645751953125,Poor,Moderate,Poor,#FF7E00
2025-05-09 09:30:00,"Anand Vihar, New Delhi - DPCC",500.0,477.8651904761905,499.87683,22.13480952380951,0.1231689453125,Severe,Severe,Severe,#8F3F97
2025-05-09 10:30:00,"Anand Vihar, New Delhi - DPCC",500.0,495.955,499.9999,4.045000000000016,9.1552734375e-05,Severe,Severe,Severe,#8F3F97
2025-05-09 11:30:00,"Anand Vihar, New Delhi - DPCC",93.0,91.0823293650794,93.05211,1.9176706349206116,0.0521087646484375,Moderate,Moderate,Moderate,#FFFF00
2025-05-09 12:30:00,"Anand Vihar, New Delhi - DPCC",101.0,114.15456060606056,101.14746,13.15456060606057,0.1474609375,Poor,Poor,Poor,#FF7E00
2025-05-09 13:30:00,"Anand Vihar, New Delhi - DPCC",500.0,374.36044444444434,498.8827,125.63955555555566,1.1173095703125,Severe,Severe,Severe,#8F3F97
2025-05-09 14:30:00,"Anand Vihar, New Delhi - DPCC",170.0,172.98191391941384,169.69289,2.981913919413841,0.3071136474609375,Poor,Poor,Poor,#FF7E00
2025-05-09 15:30:00,"Anand Vihar, New Delhi - DPCC",238.0,250.7337222222222,238.24817,12.733722222222212,0.2481689453125,Very Poor,Very Poor,Very Poor,#FF0000
2025-05-09 16:30:00,"Anand Vihar, New Delhi - DPCC",282.0,275.2056984126984,281.61783,6.794301587301618,0.382171630859375,Very Poor,Very Poor,Very Poor,#FF0000
2025-05-09 17:30:00,"Anand Vihar, New Delhi - DPCC",285.0,286.53334126984123,285.43185,1.5333412698412303,0.431854248046875,Very Poor,Very Poor,Very Poor,#FF0000
2025-05-09 18:30:00,"Anand Vihar, New Delhi - DPCC",255.0,255.98376551226545,254.92677,0.9837655122654212,0.0732269287109375,Very Poor,Very Poor,Very Poor,#FF0000
2025-05-09 19:30:00,"Anand Vihar, New Delhi - DPCC",500.0,497.345,499.9875,2.6549999999999727,0.01251220703125,Severe,Severe,Severe,#8F3F97
2025-05-09 20:30:00,"Anand Vihar, New Delhi - DPCC",310.0,309.9914303751804,309.90598,0.0085696248195858,0.094024658203125,Severe,Severe,Severe,#8F3F97
2025-05-09 21:30:00,"Anand Vihar, New Delhi - DPCC",396.0,395.1508492063491,396.1834,0.8491507936508924,0.18341064453125,Severe,Severe,Severe,#8F3F97
2025-05-09 22:30:00,"Anand Vihar, New Delhi - DPCC",363.0,358.0622420634921,362.3935,4.937757936507921,0.60650634765625,Severe,Severe,Severe,#8F3F97
2025-05-09 23:30:00,"Anand Vihar, New Delhi - DPCC",392.0,391.73960286935295,391.97046,0.2603971306470498,0.029541015625,Severe,Severe,Severe,#8F3F97
2025-05-10 00:30:00,"Anand Vihar, New Delhi - DPCC",422.0,421.4731507936507,421.91977,0.5268492063493113,0.080230712890625,Severe,Severe,Severe,#8F3F97
2025-05-10 01:30:00,"Anand Vihar, New Delhi - DPCC",436.0,436.9757539682541,436.17154,0.9757539682540824,0.171539306640625,Severe,Severe,Severe,#8F3F97
2025-05-10 02:30:00,"Anand Vihar, New Delhi - DPCC",428.0,428.4930396825398,428.2569,0.493039682539802,0.25689697265625,Severe,Severe,Severe,#8F3F97
2025-05-10 03:30:00,"Anand Vihar, New Delhi - DPCC",500.0,488.7251666666667,499.81656,11.274833333333277,0.183441162109375,Severe,Severe,Severe,#8F3F97
2025-05-10 04:30:00,"Anand Vihar, New Delhi - DPCC",500.0,497.9413333333334,499.9823,2.0586666666666247,0.0177001953125,Severe,Severe,Severe,#8F3F97
2025-05-10 05:30:00,"Anand Vihar, New Delhi - DPCC",128.0,132.8746626984127,128.0294,4.874662698412692,0.0294036865234375,Poor,Poor,Poor,#FF7E00
2025-05-10 06:30:00,"Anand Vihar, New Delhi - DPCC",118.0,118.79361507936508,117.93551,0.7936150793650825,0.0644912719726562,Poor,Poor,Poor,#FF7E00
2025-05-10 07:30:00,"Anand Vihar, New Delhi - DPCC",132.0,132.1005912698413,132.02031,0.1005912698412885,0.0203094482421875,Poor,Poor,Poor,#FF7E00
2025-05-10 08:30:00,"Anand Vihar, New Delhi - DPCC",116.0,115.940630952381,116.12245,0.0593690476190147,0.1224517822265625,Poor,Poor,Poor,#FF7E00
2025-05-10 09:30:00,"Anand Vihar, New Delhi - DPCC",137.0,136.94528571428572,137.04372,0.054714285714283,0.0437164306640625,Poor,Poor,Poor,#FF7E00
2025-05-10 10:30:00,"Anand Vihar, New Delhi - DPCC",156.0,156.3216626984127,156.17543,0.3216626984126947,0.1754302978515625,Poor,Poor,Poor,#FF7E00
2025-05-10 11:30:00,"Anand Vihar, New Delhi - DPCC",124.0,123.42356746031744,124.150314,0.5764325396825569,0.1503143310546875,Poor,Poor,Poor,#FF7E00
2025-05-10 12:30:00,"Anand Vihar, New Delhi - DPCC",131.0,131.33488095238093,130.91821,0.3348809523809279,0.081787109375,Poor,Poor,Poor,#FF7E00
2025-05-10 13:30:00,"Anand Vihar, New Delhi - DPCC",148.0,148.41412698412697,147.65598,0.4141269841269661,0.344024658203125,Poor,Poor,Poor,#FF7E00
2025-05-10 14:30:00,"Anand Vihar, New Delhi - DPCC",144.0,145.03905158730157,144.60744,1.0390515873015715,0.6074371337890625,Poor,Poor,Poor,#FF7E00
2025-05-10 15:30:00,"Anand Vihar, New Delhi - DPCC",139.0,141.16864285714286,138.79597,2.1686428571428564,0.2040252685546875,Poor,Poor,Poor,#FF7E00
2025-05-10 16:30:00,"Anand Vihar, New Delhi - DPCC",142.0,142.7653344155844,141.927,0.7653344155843911,0.072998046875,Poor,Poor,Poor,#FF7E00
2025-05-10 17:30:00,"Anand Vihar, New Delhi - DPCC",500.0,500.0,499.95276,0.0,0.0472412109375,Severe,Severe,Severe,#8F3F97
2025-05-10 19:30:00,"Anand Vihar, New Delhi - DPCC",339.0,339.4262261904763,339.08737,0.4262261904763136,0.087371826171875,Severe,Severe,Severe,#8F3F97
2025-05-10 20:30:00,"Anand Vihar, New Delhi - DPCC",364.0,367.6709642857143,363.67627,3.670964285714263,0.32373046875,Severe,Severe,Severe,#8F3F97
2025-05-10 21:30:00,"Anand Vihar, New Delhi - DPCC",338.0,339.1457088744591,338.1131,1.1457088744591033,0.11309814453125,Severe,Severe,Severe,#8F3F97
2025-05-10 22:30:00,"Anand Vihar, New Delhi - DPCC",352.0,350.459503968254,352.06586,1.540496031745988,0.06585693359375,Severe,Severe,Severe,#8F3F97
2025-05-10 23:30:00,"Anand Vihar, New Delhi - DPCC",300.0,298.65787265512256,299.97375,1.34212734487744,0.0262451171875,Very Poor,Very Poor,Very Poor,#FF0000
2025-05-11 00:30:00,"Anand Vihar, New Delhi - DPCC",184.0,179.56283405483413,184.11124,4.437165945165873,0.111236572265625,Poor,Poor,Poor,#FF7E00
2025-05-11 01:30:00,"Anand Vihar, New Delhi - DPCC",199.0,197.76303174603177,198.99457,1.2369682539682287,0.00543212890625,Poor,Poor,Poor,#FF7E00
2025-05-11 02:30:00,"Anand Vihar, New Delhi - DPCC",303.0,297.8251836219336,302.96924,5.174816378066396,0.03076171875,Severe,Very Poor,Severe,#8F3F97
2025-05-11 03:30:00,"Anand Vihar, New Delhi - DPCC",173.0,171.7658326118326,172.86646,1.234167388167407,0.133544921875,Poor,Poor,Poor,#FF7E00
2025-05-11 04:30:00,"Anand Vihar, New Delhi - DPCC",149.0,151.0289841269841,149.5104,2.0289841269841133,0.510406494140625,Poor,Poor,Poor,#FF7E00
2025-05-11 05:30:00,"Anand Vihar, New Delhi - DPCC",142.0,142.92692965367962,142.0357,0.926929653679622,0.03570556640625,Poor,Poor,Poor,#FF7E00
2025-05-11 06:30:00,"Anand Vihar, New Delhi - DPCC",114.0,114.12441053391058,114.06558,0.1244105339105772,0.065582275390625,Poor,Poor,Poor,#FF7E00
2025-05-11 07:30:00,"Anand Vihar, New Delhi - DPCC",92.0,93.3049087301587,92.38756,1.3049087301587008,0.3875579833984375,Moderate,Moderate,Moderate,#FFFF00
2025-05-11 08:30:00,"Anand Vihar, New Delhi - DPCC",84.0,86.34715800865798,84.04006,2.347158008657985,0.0400619506835937,Moderate,Moderate,Moderate,#FFFF00
2025-05-11 09:30:00,"Anand Vihar, New Delhi - DPCC",93.0,93.8026103896104,92.95151,0.8026103896103933,0.048492431640625,Moderate,Moderate,Moderate,#FFFF00
2025-05-11 10:30:00,"Anand Vihar, New Delhi - DPCC",94.0,94.0911738816739,93.956375,0.091173881673896,0.0436248779296875,Moderate,Moderate,Moderate,#FFFF00
2025-05-11 11:30:00,"Anand Vihar, New Delhi - DPCC",101.0,99.98816883116884,100.9271,1.011831168831165,0.0728988647460937,Poor,Moderate,Poor,#FF7E00
2025-05-11 12:30:00,"Anand Vihar, New Delhi - DPCC",112.0,109.5746904761905,111.96974,2.425309523809503,0.0302581787109375,Poor,Poor,Poor,#FF7E00
2025-05-11 13:30:00,"Anand Vihar, New Delhi - DPCC",154.0,162.36857142857147,153.81444,8.368571428571471,0.1855621337890625,Poor,Poor,Poor,#FF7E00
2025-05-11 14:30:00,"Anand Vihar, New Delhi - DPCC",414.0,328.5104920634921,413.22357,85.48950793650789,0.77642822265625,Severe,Severe,Severe,#8F3F97
2025-05-11 15:30:00,"Anand Vihar, New Delhi - DPCC",123.0,213.5054404761905,123.62565,90.5054404761905,0.6256484985351562,Poor,Very Poor,Poor,#FF7E00
2025-05-11 16:30:00,"Anand Vihar, New Delhi - DPCC",130.0,129.6725158730159,130.11829,0.3274841269841033,0.1182861328125,Poor,Poor,Poor,#FF7E00
2025-05-11 17:30:00,"Anand Vihar, New Delhi - DPCC",95.0,96.234626984127,95.042274,1.23462698412699,0.0422744750976562,Moderate,Moderate,Moderate,#FFFF00
2025-05-11 18:30:00,"Anand Vihar, New Delhi - DPCC",110.0,109.85755158730156,109.9556,0.1424484126984282,0.044403076171875,Poor,Poor,Poor,#FF7E00
2025-05-11 19:30:00,"Anand Vihar, New Delhi - DPCC",84.0,85.92139285714283,84.14928,1.921392857142834,0.1492767333984375,Moderate,Moderate,Moderate,#FFFF00
2025-05-11 20:30:00,"Anand Vihar, New Delhi - DPCC",88.0,90.04838095238094,88.0817,2.0483809523809384,0.0817031860351562,Moderate,Moderate,Moderate,#FFFF00
2025-05-11 21:30:00,"Anand Vihar, New Delhi - DPCC",108.0,107.46917063492064,107.90548,0.5308293650793701,0.0945205688476562,Poor,Poor,Poor,#FF7E00
2025-05-11 22:30:00,"Anand Vihar, New Delhi - DPCC",100.0,100.40993686868688,100.052124,0.40993686868687,0.0521240234375,Moderate,Poor,Poor,#FFFF00
2025-05-11 23:30:00,"Anand Vihar, New Delhi - DPCC",137.0,136.7839285714286,137.01535,0.2160714285714107,0.015350341796875,Poor,Poor,Poor,#FF7E00
2025-05-12 00:30:00,"Anand Vihar, New Delhi - DPCC",177.0,177.54597619047618,176.99776,0.545976190476182,0.0022430419921875,Poor,Poor,Poor,#FF7E00
2025-05-12 01:30:00,"Anand Vihar, New Delhi - DPCC",500.0,493.4533333333334,500.0228,6.546666666666624,0.022796630859375,Severe,Severe,Severe,#8F3F97
2025-05-12 02:30:00,"Anand Vihar, New Delhi - DPCC",163.0,164.60334920634915,162.69513,1.6033492063491508,0.30487060546875,Poor,Poor,Poor,#FF7E00
2025-05-12 03:30:00,"Anand Vihar, New Delhi - DPCC",139.0,138.7381064213564,139.36893,0.2618935786435941,0.368927001953125,Poor,Poor,Poor,#FF7E00
2025-05-12 04:30:00,"Anand Vihar, New Delhi - DPCC",500.0,500.0,499.99423,0.0,0.005767822265625,Severe,Severe,Severe,#8F3F97
2025-05-12 05:30:00,"Anand Vihar, New Delhi - DPCC",135.0,134.91062301587306,134.73723,0.0893769841269431,0.2627716064453125,Poor,Poor,Poor,#FF7E00
2025-05-12 06:30:00,"Anand Vihar, New Delhi - DPCC",125.0,126.75917857142856,125.71423,1.7591785714285637,0.7142333984375,Poor,Poor,Poor,#FF7E00
2025-05-12 07:30:00,"Anand Vihar, New Delhi - DPCC",500.0,500.0,500.00735,0.0,0.007354736328125,Severe,Severe,Severe,#8F3F97
2025-05-12 08:30:00,"Anand Vihar, New Delhi - DPCC",110.0,109.92590873015877,109.83685,0.074091269841233,0.16314697265625,Poor,Poor,Poor,#FF7E00
2025-05-12 09:30:00,"Anand Vihar, New Delhi - DPCC",120.0,119.6994523809524,120.16644,0.3005476190476059,0.16644287109375,Poor,Poor,Poor,#FF7E00
2025-05-12 10:30:00,"Anand Vihar, New Delhi - DPCC",138.0,137.9659761904762,138.07826,0.0340238095238021,0.0782623291015625,Poor,Poor,Poor,#FF7E00
2025-05-12 11:30:00,"Anand Vihar, New Delhi - DPCC",144.0,144.06002886002886,143.85312,0.0600288600288649,0.146881103515625,Poor,Poor,Poor,#FF7E00
2025-05-12 12:30:00,"Anand Vihar, New Delhi - DPCC",500.0,500.0,499.98123,0.0,0.018768310546875,Severe,Severe,Severe,#8F3F97
2025-05-12 13:30:00,"Anand Vihar, New Delhi - DPCC",175.0,176.50057142857145,175.0441,1.5005714285714475,0.044097900390625,Poor,Poor,Poor,#FF7E00
2025-05-12 14:30:00,"Anand Vihar, New Delhi - DPCC",215.0,215.546503968254,215.0658,0.5465039682539725,0.0657958984375,Very Poor,Very Poor,Very Poor,#FF0000
2025-05-12 15:30:00,"Anand Vihar, New Delhi - DPCC",316.0,304.60169047619047,315.37067,11.39830952380953,0.62933349609375,Severe,Severe,Severe,#8F3F97
2025-05-12 16:30:00,"Anand Vihar, New Delhi - DPCC",321.0,321.1141507936507,321.36575,0.1141507936507082,0.365753173828125,Severe,Severe,Severe,#8F3F97
2025-05-12 17:30:00,"Anand Vihar, New Delhi - DPCC",199.0,201.00278210678204,198.65065,2.0027821067820355,0.3493499755859375,Poor,Very Poor,Poor,#FF7E00
2025-05-12 18:30:00,"Anand Vihar, New Delhi - DPCC",137.0,137.81082142857142,137.0053,0.8108214285714155,0.0052947998046875,Poor,Poor,Poor,#FF7E00
2025-05-12 19:30:00,"Anand Vihar, New Delhi - DPCC",500.0,500.0,499.97833,0.0,0.02166748046875,Severe,Severe,Severe,#8F3F97
2025-05-12 20:30:00,"Anand Vihar, New Delhi - DPCC",500.0,500.0,499.9429,0.0,0.057098388671875,Severe,Severe,Severe,#8F3F97
2025-05-12 21:30:00,"Anand Vihar, New Delhi - DPCC",116.0,118.43097619047624,115.94204,2.4309761904762297,0.0579605102539062,Poor,Poor,Poor,#FF7E00
2025-05-12 22:30:00,"Anand Vihar, New Delhi - DPCC",83.0,90.32138203463202,83.26332,7.321382034632023,0.2633209228515625,Moderate,Moderate,Moderate,#FFFF00
2025-05-12 23:30:00,"Anand Vihar, New Delhi - DPCC",89.0,91.70411904761906,89.01867,2.7041190476190597,0.0186691284179687,Moderate,Moderate,Moderate,#FFFF00
2025-05-13 00:30:00,"Anand Vihar, New Delhi - DPCC",500.0,480.7918571428572,499.8688,19.208142857142832,0.131195068359375,Severe,Severe,Severe,#8F3F97
2025-05-13 01:30:00,"Anand Vihar, New Delhi - DPCC",113.0,121.7719801587302,113.21864,8.771980158730187,0.2186431884765625,Poor,Poor,Poor,#FF7E00
2025-05-13 02:30:00,"Anand Vihar, New Delhi - DPCC",141.0,142.32867784992786,140.57486,1.3286778499278569,0.425140380859375,Poor,Poor,Poor,#FF7E00
2025-05-13 03:30:00,"Anand Vihar, New Delhi - DPCC",160.0,160.210126984127,159.99278,0.2101269841269868,0.0072174072265625,Poor,Poor,Poor,#FF7E00
2025-05-13 04:30:00,"Anand Vihar, New Delhi - DPCC",141.0,141.6173333333333,141.12675,0.6173333333333346,0.1267547607421875,Poor,Poor,Poor,#FF7E00
2025-05-13 05:30:00,"Anand Vihar, New Delhi - DPCC",150.0,150.1286031746032,149.80702,0.1286031746031994,0.1929779052734375,Poor,Poor,Poor,#FF7E00
2025-05-13 06:30:00,"Anand Vihar, New Delhi - DPCC",138.0,138.15230952380952,137.99957,0.1523095238095209,0.00042724609375,Poor,Poor,Poor,#FF7E00
2025-05-13 07:30:00,"Anand Vihar, New Delhi - DPCC",139.0,139.3514761904762,138.94617,0.3514761904762054,0.0538330078125,Poor,Poor,Poor,#FF7E00
2025-05-13 08:30:00,"Anand Vihar, New Delhi - DPCC",500.0,500.0,500.01102,0.0,0.011016845703125,Severe,Severe,Severe,#8F3F97
2025-05-13 09:30:00,"Anand Vihar, New Delhi - DPCC",181.0,182.49315873015868,181.51921,1.493158730158683,0.5192108154296875,Poor,Poor,Poor,#FF7E00
2025-05-13 10:30:00,"Anand Vihar, New Delhi - DPCC",200.0,205.2258813131312,199.60219,5.225881313131168,0.3978118896484375,Poor,Very Poor,Poor,#FF7E00
2025-05-13 11:30:00,"Anand Vihar, New Delhi - DPCC",134.0,137.0243095238095,134.14996,3.0243095238095066,0.14996337890625,Poor,Poor,Poor,#FF7E00
2025-05-13 12:30:00,"Anand Vihar, New Delhi - DPCC",127.0,127.02593650793646,127.12933,0.0259365079364641,0.12933349609375,Poor,Poor,Poor,#FF7E00
2025-05-13 13:30:00,"Anand Vihar, New Delhi - DPCC",500.0,500.0,500.00818,0.0,0.0081787109375,Severe,Severe,Severe,#8F3F97
2025-05-13 14:30:00,"Anand Vihar, New Delhi - DPCC",500.0,491.0573333333333,499.9657,8.942666666666696,0.0343017578125,Severe,Severe,Severe,#8F3F97
2025-05-13 15:30:00,"Anand Vihar, New Delhi - DPCC",83.0,82.6547896825397,83.26939,0.3452103174602996,0.2693862915039062,Moderate,Moderate,Moderate,#FFFF00
2025-05-13 16:30:00,"Anand Vihar, New Delhi - DPCC",123.0,127.25272222222222,122.79941,4.252722222222218,0.200592041015625,Poor,Poor,Poor,#FF7E00
2025-05-13 17:30:00,"Anand Vihar, New Delhi - DPCC",168.0,168.91211111111113,167.88171,0.9121111111111304,0.1182861328125,Poor,Poor,Poor,#FF7E00
2025-05-13 18:30:00,"Anand Vihar, New Delhi - DPCC",206.0,210.87171184371184,206.10445,4.871711843711864,0.1044464111328125,Very Poor,Very Poor,Very Poor,#FF0000
2025-05-13 19:30:00,"Anand Vihar, New Delhi - DPCC",163.0,166.69133730158734,163.04854,3.691337301587339,0.0485382080078125,Poor,Poor,Poor,#FF7E00
2025-05-13 20:30:00,"Anand Vihar, New Delhi - DPCC",142.0,141.7565725108225,142.34273,0.2434274891774919,0.3427276611328125,Poor,Poor,Poor,#FF7E00
2025-05-13 21:30:00,"Anand Vihar, New Delhi - DPCC",123.0,123.51269841269844,122.869705,0.5126984126984269,0.1302947998046875,Poor,Poor,Poor,#FF7E00
2025-05-13 22:30:00,"Anand Vihar, New Delhi - DPCC",204.0,195.3052103174604,203.97,8.694789682539636,0.029998779296875,Very Poor,Poor,Very Poor,#FF0000
2025-05-13 23:30:00,"Anand Vihar, New Delhi - DPCC",326.0,309.4103535353536,325.33307,16.58964646464642,0.66693115234375,Severe,Severe,Severe,#8F3F97
2025-05-14 00:30:00,"Anand Vihar, New Delhi - DPCC",359.0,359.07226587301585,358.8516,0.0722658730158514,0.148406982421875,Severe,Severe,Severe,#8F3F97
2025-05-14 01:30:00,"Anand Vihar, New Delhi - DPCC",301.0,299.5338928571427,300.9707,1.466107142857311,0.029296875,Severe,Very Poor,Severe,#8F3F97
2025-05-14 02:30:00,"Anand Vihar, New Delhi - DPCC",500.0,500.0,499.97714,0.0,0.022857666015625,Severe,Severe,Severe,#8F3F97
2025-05-14 03:30:00,"Anand Vihar, New Delhi - DPCC",181.0,180.930895021645,180.95634,0.0691049783549999,0.0436553955078125,Poor,Poor,Poor,#FF7E00
2025-05-14 04:30:00,"Anand Vihar, New Delhi - DPCC",168.0,167.94962698412695,167.92168,0.0503730158730491,0.0783233642578125,Poor,Poor,Poor,#FF7E00
2025-05-14 05:30:00,"Anand Vihar, New Delhi - DPCC",500.0,500.0,500.0175,0.0,0.017486572265625,Severe,Severe,Severe,#8F3F97
2025-05-14 06:30:00,"Anand Vihar, New Delhi - DPCC",179.0,178.71732359307356,178.79604,0.2826764069264413,0.2039642333984375,Poor,Poor,Poor,#FF7E00
2025-05-14 07:30:00,"Anand Vihar, New Delhi - DPCC",187.0,191.5566150793651,186.81058,4.556615079365088,0.189422607421875,Poor,Poor,Poor,#FF7E00
2025-05-14 08:30:00,"Anand Vihar, New Delhi - DPCC",173.0,173.13554761904754,173.29817,0.1355476190475428,0.2981719970703125,Poor,Poor,Poor,#FF7E00
2025-05-14 09:30:00,"Anand Vihar, New Delhi - DPCC",183.0,182.5151984126984,183.15762,0.4848015873016038,0.157623291015625,Poor,Poor,Poor,#FF7E00
2025-05-14 10:30:00,"Anand Vihar, New Delhi - DPCC",149.0,149.32230158730164,148.74123,0.3223015873016379,0.2587738037109375,Poor,Poor,Poor,#FF7E00
2025-05-14 11:30:00,"Anand Vihar, New Delhi - DPCC",136.0,136.22462301587302,136.04594,0.2246230158730213,0.0459442138671875,Poor,Poor,Poor,#FF7E00
2025-05-14 12:30:00,"Anand Vihar, New Delhi - DPCC",151.0,151.04623412698413,150.97296,0.0462341269841317,0.02703857421875,Poor,Poor,Poor,#FF7E00
2025-05-14 13:30:00,"Anand Vihar, New Delhi - DPCC",214.0,203.79843586968585,214.01433,10.201564130314154,0.0143280029296875,Very Poor,Very Poor,Very Poor,#FF0000
2025-05-14 14:30:00,"Anand Vihar, New Delhi - DPCC",372.0,347.4584365079365,371.86356,24.54156349206352,0.136444091796875,Severe,Severe,Severe,#8F3F97
2025-05-14 15:30:00,"Anand Vihar, New Delhi - DPCC",454.0,397.95810317460325,453.7093,56.04189682539675,0.29071044921875,Severe,Severe,Severe,#8F3F97
2025-05-14 16:30:00,"Anand Vihar, New Delhi - DPCC",266.0,340.5746388888889,266.04752,74.5746388888889,0.047515869140625,Very Poor,Severe,Very Poor,#FF0000
2025-05-14 17:30:00,"Anand Vihar, New Delhi - DPCC",326.0,339.27539682539674,325.89838,13.27539682539674,0.10162353515625,Severe,Severe,Severe,#8F3F97
2025-05-14 18:30:00,"Anand Vihar, New Delhi - DPCC",78.0,188.482003968254,79.12274,110.48200396825402,1.12274169921875,Moderate,Poor,Moderate,#FFFF00
2025-05-14 19:30:00,"Anand Vihar, New Delhi - DPCC",83.0,111.2434325396825,83.21983,28.2434325396825,0.2198333740234375,Moderate,Poor,Moderate,#FFFF00
2025-05-14 20:30:00,"Anand Vihar, New Delhi - DPCC",79.0,87.4611349206349,79.11714,8.461134920634905,0.1171417236328125,Moderate,Moderate,Moderate,#FFFF00
2025-05-14 21:30:00,"Anand Vihar, New Delhi - DPCC",86.0,88.16507539682537,85.965195,2.1650753968253724,0.0348052978515625,Moderate,Moderate,Moderate,#FFFF00
2025-05-14 22:30:00,"Anand Vihar, New Delhi - DPCC",104.0,103.76969696969698,103.98064,0.2303030303030198,0.0193634033203125,Poor,Poor,Poor,#FF7E00
2025-05-14 23:30:00,"Anand Vihar, New Delhi - DPCC",110.0,108.62376839826838,110.13525,1.376231601731618,0.1352462768554687,Poor,Poor,Poor,#FF7E00
2025-05-15 00:30:00,"Anand Vihar, New Delhi - DPCC",114.0,108.83510173160174,113.981476,5.164898268398261,0.018524169921875,Poor,Poor,Poor,#FF7E00
2025-05-15 01:30:00,"Anand Vihar, New Delhi - DPCC",111.0,111.4535303030303,111.00941,0.4535303030303055,0.0094070434570312,Poor,Poor,Poor,#FF7E00
2025-05-15 02:30:00,"Anand Vihar, New Delhi - DPCC",91.0,97.07095093795095,91.31606,6.070950937950968,0.3160629272460937,Moderate,Moderate,Moderate,#FFFF00
2025-05-15 03:30:00,"Anand Vihar, New Delhi - DPCC",105.0,104.52935569985569,105.04061,0.470644300144329,0.0406112670898437,Poor,Poor,Poor,#FF7E00
2025-05-15 04:30:00,"Anand Vihar, New Delhi - DPCC",367.0,301.9464440836942,366.8261,65.05355591630581,0.17388916015625,Severe,Severe,Severe,#8F3F97
2025-05-15 05:30:00,"Anand Vihar, New Delhi - DPCC",500.0,448.4105952380952,499.73883,51.5894047619048,0.26116943359375,Severe,Severe,Severe,#8F3F97
2025-05-15 06:30:00,"Anand Vihar, New Delhi - DPCC",419.0,393.5733928571429,418.76727,25.426607142857108,0.23272705078125,Severe,Severe,Severe,#8F3F97
2025-05-15 07:30:00,"Anand Vihar, New Delhi - DPCC",304.0,305.4144523809524,304.11514,1.4144523809524117,0.115142822265625,Severe,Severe,Severe,#8F3F97
2025-05-15 08:30:00,"Anand Vihar, New Delhi - DPCC",260.0,261.118626984127,259.93216,1.1186269841269905,0.067840576171875,Very Poor,Very Poor,Very Poor,#FF0000
2025-05-15 09:30:00,"Anand Vihar, New Delhi - DPCC",258.0,259.58596031746026,257.92322,1.5859603174602626,0.0767822265625,Very Poor,Very Poor,Very Poor,#FF0000
2025-05-15 10:30:00,"Anand Vihar, New Delhi - DPCC",269.0,266.7294007936508,268.83856,2.270599206349232,0.16143798828125,Very Poor,Very Poor,Very Poor,#FF0000
2025-05-15 11:30:00,"Anand Vihar, New Delhi - DPCC",279.0,280.0385238095239,279.23618,1.038523809523895,0.236175537109375,Very Poor,Very Poor,Very Poor,#FF0000
2025-05-15 12:30:00,"Anand Vihar, New Delhi - DPCC",267.0,272.9579246031746,267.0152,5.957924603174604,0.01519775390625,Very Poor,Very Poor,Very Poor,#FF0000
2025-05-15 13:30:00,"Anand Vihar, New Delhi - DPCC",320.0,321.57223412698403,320.00937,1.5722341269840283,0.009368896484375,Severe,Severe,Severe,#8F3F97
2025-05-15 14:30:00,"Anand Vihar, New Delhi - DPCC",386.0,386.7885515873015,386.02792,0.7885515873015265,0.027923583984375,Severe,Severe,Severe,#8F3F97
2025-05-15 15:30:00,"Anand Vihar, New Delhi - DPCC",500.0,489.7197222222223,499.89682,10.280277777777712,0.103179931640625,Severe,Severe,Severe,#8F3F97
2025-05-15 16:30:00,"Anand Vihar, New Delhi - DPCC",448.0,432.7398751803752,448.01514,15.26012481962482,0.01513671875,Severe,Severe,Severe,#8F3F97
2025-05-15 17:30:00,"Anand Vihar, New Delhi - DPCC",457.0,447.5244689754689,456.94205,9.475531024531108,0.057952880859375,Severe,Severe,Severe,#8F3F97
2025-05-15 18:30:00,"Anand Vihar, New Delhi - DPCC",417.0,405.4085952380953,417.05087,11.591404761904698,0.050872802734375,Severe,Severe,Severe,#8F3F97
2025-05-15 19:30:00,"Anand Vihar, New Delhi - DPCC",365.0,366.7041542901544,364.74423,1.7041542901543494,0.255767822265625,Severe,Severe,Severe,#8F3F97
2025-05-15 20:30:00,"Anand Vihar, New Delhi - DPCC",412.0,410.6036583694085,411.9827,1.3963416305915644,0.017303466796875,Severe,Severe,Severe,#8F3F97
2025-05-15 21:30:00,"Anand Vihar, New Delhi - DPCC",444.0,445.42167857142863,444.06738,1.4216785714286289,0.0673828125,Severe,Severe,Severe,#8F3F97
2025-05-15 22:30:00,"Anand Vihar, New Delhi - DPCC",403.0,407.4355465367966,403.44403,4.435546536796608,0.44403076171875,Severe,Severe,Severe,#8F3F97
2025-05-15 23:30:00,"Anand Vihar, New Delhi - DPCC",293.0,295.8554484126984,293.06528,2.855448412698422,0.065277099609375,Very Poor,Very Poor,Very Poor,#FF0000
2025-05-16 00:30:00,"Anand Vihar, New Delhi - DPCC",184.0,183.97724062049065,184.29617,0.022759379509381,0.296173095703125,Poor,Poor,Poor,#FF7E00
2025-05-16 01:30:00,"Anand Vihar, New Delhi - DPCC",227.0,227.13546825396827,226.71262,0.1354682539682699,0.287384033203125,Very Poor,Very Poor,Very Poor,#FF0000
2025-05-16 02:30:00,"Anand Vihar, New Delhi - DPCC",274.0,270.8761082251082,274.05707,3.1238917748917743,0.05706787109375,Very Poor,Very Poor,Very Poor,#FF0000
2025-05-16 03:30:00,"Anand Vihar, New Delhi - DPCC",395.0,395.1027575757576,395.07916,0.1027575757575505,0.07916259765625,Severe,Severe,Severe,#8F3F97
2025-05-16 04:30:00,"Anand Vihar, New Delhi - DPCC",342.0,340.69960714285713,341.6856,1.3003928571428671,0.31439208984375,Severe,Severe,Severe,#8F3F97
2025-05-16 05:30:00,"Anand Vihar, New Delhi - DPCC",500.0,496.075,499.49783,3.9250000000000114,0.502166748046875,Severe,Severe,Severe,#8F3F97
2025-05-16 06:30:00,"Anand Vihar, New Delhi - DPCC",182.0,185.58720634920635,181.954,3.587206349206326,0.0460052490234375,Poor,Poor,Poor,#FF7E00
2025-05-16 07:30:00,"Anand Vihar, New Delhi - DPCC",186.0,190.07605555555557,185.98972,4.076055555555541,0.010284423828125,Poor,Poor,Poor,#FF7E00
2025-05-16 08:30:00,"Anand Vihar, New Delhi - DPCC",252.0,249.8894304029305,251.96114,2.110569597069542,0.0388641357421875,Very Poor,Very Poor,Very Poor,#FF0000
2025-05-16 09:30:00,"Anand Vihar, New Delhi - DPCC",396.0,393.243075036075,395.96924,2.7569249639249733,0.03076171875,Severe,Severe,Severe,#8F3F97
2025-05-16 10:30:00,"Anand Vihar, New Delhi - DPCC",278.0,280.21994841269844,278.20972,2.219948412698443,0.209716796875,Very Poor,Very Poor,Very Poor,#FF0000
2025-05-16 11:30:00,"Anand Vihar, New Delhi - DPCC",307.0,306.55551678876685,306.7415,0.4444832112331482,0.258514404296875,Severe,Severe,Severe,#8F3F97
2025-05-16 12:30:00,"Anand Vihar, New Delhi - DPCC",301.0,299.4594890109891,301.42197,1.5405109890108974,0.421966552734375,Severe,Very Poor,Severe,#8F3F97
2025-05-16 13:30:00,"Anand Vihar, New Delhi - DPCC",168.0,167.97984920634917,167.8465,0.0201507936508278,0.15350341796875,Poor,Poor,Poor,#FF7E00
2025-05-16 14:30:00,"Anand Vihar, New Delhi - DPCC",174.0,177.66059920634913,174.00919,3.660599206349133,0.009185791015625,Poor,Poor,Poor,#FF7E00
2025-05-16 15:30:00,"Anand Vihar, New Delhi - DPCC",201.0,202.23592857142864,200.94392,1.2359285714286443,0.0560760498046875,Very Poor,Very Poor,Very Poor,#FF0000
2025-05-16 16:30:00,"Anand Vihar, New Delhi - DPCC",204.0,205.1217857142857,204.10646,1.1217857142856928,0.1064605712890625,Very Poor,Very Poor,Very Poor,#FF0000
2025-05-16 17:30:00,"Anand Vihar, New Delhi - DPCC",134.0,136.7977857142857,134.24535,2.797785714285709,0.2453460693359375,Poor,Poor,Poor,#FF7E00
2025-05-16 18:30:00,"Anand Vihar, New Delhi - DPCC",151.0,154.83837698412697,150.85312,3.838376984126967,0.146881103515625,Poor,Poor,Poor,#FF7E00
2025-05-16 19:30:00,"Anand Vihar, New Delhi - DPCC",173.0,172.51365079365078,173.53903,0.4863492063492174,0.539031982421875,Poor,Poor,Poor,#FF7E00
2025-05-16 20:30:00,"Anand Vihar, New Delhi - DPCC",153.0,153.17886904761906,152.88399,0.1788690476190595,0.1160125732421875,Poor,Poor,Poor,#FF7E00
2025-05-16 21:30:00,"Anand Vihar, New Delhi - DPCC",146.0,146.89149603174602,145.7987,0.8914960317460157,0.2012939453125,Poor,Poor,Poor,#FF7E00
2025-05-16 22:30:00,"Anand Vihar, New Delhi - DPCC",137.0,138.39776190476192,137.13058,1.3977619047619214,0.130584716796875,Poor,Poor,Poor,#FF7E00
2025-05-16 23:30:00,"Anand Vihar, New Delhi - DPCC",161.0,162.29975793650794,160.991,1.2997579365079446,0.009002685546875,Poor,Poor,Poor,#FF7E00
2025-05-17 00:30:00,"Anand Vihar, New Delhi - DPCC",187.0,187.0538809523809,183.67305,0.053880952380922,3.3269500732421875,Poor,Poor,Poor,#FF7E00
2025-05-17 01:30:00,"Anand Vihar, New Delhi - DPCC",286.0,292.3020404040405,291.88858,6.302040404040497,5.888580322265625,Very Poor,Very Poor,Very Poor,#FF0000
2025-05-17 02:30:00,"Anand Vihar, New Delhi - DPCC",312.0,311.2982063492064,319.77713,0.7017936507936042,7.777130126953125,Severe,Severe,Severe,#8F3F97
2025-05-17 03:30:00,"Anand Vihar, New Delhi - DPCC",252.0,261.4118647186148,257.0945,9.411864718614822,5.094512939453125,Very Poor,Very Poor,Very Poor,#FF0000
2025-05-17 04:30:00,"Anand Vihar, New Delhi - DPCC",182.0,181.91041666666663,182.2331,0.0895833333333655,0.23309326171875,Poor,Poor,Poor,#FF7E00
2025-05-17 05:30:00,"Anand Vihar, New Delhi - DPCC",179.0,179.2326388888888,179.4697,0.2326388888888004,0.469696044921875,Poor,Poor,Poor,#FF7E00
2025-05-17 06:30:00,"Anand Vihar, New Delhi - DPCC",165.0,163.81338131313134,165.1404,1.1866186868686557,0.1403961181640625,Poor,Poor,Poor,#FF7E00
2025-05-17 07:30:00,"Anand Vihar, New Delhi - DPCC",158.0,158.0303333333333,155.89503,0.0303333333332886,2.104965209960937,Poor,Poor,Poor,#FF7E00
2025-05-17 08:30:00,"Anand Vihar, New Delhi - DPCC",160.0,161.1365955988456,160.17151,1.136595598845588,0.1715087890625,Poor,Poor,Poor,#FF7E00
2025-05-17 09:30:00,"Anand Vihar, New Delhi - DPCC",500.0,499.27,499.94394,0.7300000000000182,0.056060791015625,Severe,Severe,Severe,#8F3F97
2025-05-17 10:30:00,"Anand Vihar, New Delhi - DPCC",148.0,153.17155555555553,150.33983,5.171555555555528,2.339828491210937,Poor,Poor,Poor,#FF7E00
2025-05-17 11:30:00,"Anand Vihar, New Delhi - DPCC",159.0,187.3035277777779,159.85806,28.3035277777779,0.858062744140625,Poor,Poor,Poor,#FF7E00
2025-05-17 12:30:00,"Anand Vihar, New Delhi - DPCC",138.0,139.5614761904762,135.28586,1.561476190476213,2.714141845703125,Poor,Poor,Poor,#FF7E00
2025-05-17 13:30:00,"Anand Vihar, New Delhi - DPCC",500.0,491.9423333333333,500.41522,8.057666666666705,0.41522216796875,Severe,Severe,Severe,#8F3F97
2025-05-17 14:30:00,"Anand Vihar, New Delhi - DPCC",500.0,489.9073333333333,500.47897,10.092666666666672,0.478973388671875,Severe,Severe,Severe,#8F3F97
2025-05-17 15:30:00,"Anand Vihar, New Delhi - DPCC",500.0,490.3273333333333,500.25864,9.672666666666714,0.258636474609375,Severe,Severe,Severe,#8F3F97
2025-05-17 16:30:00,"Anand Vihar, New Delhi - DPCC",500.0,489.6298333333333,520.8226,10.370166666666703,20.82257080078125,Severe,Severe,Severe,#8F3F97
2025-05-17 17:30:00,"Anand Vihar, New Delhi - DPCC",500.0,489.7073333333333,500.19193,10.29266666666672,0.191925048828125,Severe,Severe,Severe,#8F3F97
2025-05-17 18:30:00,"Anand Vihar, New Delhi - DPCC",177.0,187.3927085137085,176.86148,10.3927085137085,0.138519287109375,Poor,Poor,Poor,#FF7E00
2025-05-17 19:30:00,"Anand Vihar, New Delhi - DPCC",171.0,175.54167279942274,173.60286,4.5416727994227415,2.6028594970703125,Poor,Poor,Poor,#FF7E00
2025-05-17 20:30:00,"Anand Vihar, New Delhi - DPCC",151.0,151.1692936507937,152.53542,0.1692936507936906,1.5354156494140625,Poor,Poor,Poor,#FF7E00
2025-05-17 21:30:00,"Anand Vihar, New Delhi - DPCC",134.0,135.33121825396825,133.03252,1.3312182539682451,0.9674835205078124,Poor,Poor,Poor,#FF7E00
2025-05-17 22:30:00,"Anand Vihar, New Delhi - DPCC",132.0,134.02354761904763,132.49971,2.0235476190476334,0.4997100830078125,Poor,Poor,Poor,#FF7E00
2025-05-17 23:30:00,"Anand Vihar, New Delhi - DPCC",150.0,150.20136507936508,148.9019,0.2013650793650754,1.0980987548828125,Poor,Poor,Poor,#FF7E00
2025-05-18 00:30:00,"Anand Vihar, New Delhi - DPCC",153.0,153.41145238095245,153.2099,0.4114523809524257,0.20989990234375,Poor,Poor,Poor,#FF7E00
2025-05-18 01:30:00,"Anand Vihar, New Delhi - DPCC",142.0,144.17414393939396,149.67412,2.174143939393957,7.6741180419921875,Poor,Poor,Poor,#FF7E00
2025-05-18 02:30:00,"Anand Vihar, New Delhi - DPCC",151.0,152.17122619047618,151.04381,1.171226190476176,0.0438079833984375,Poor,Poor,Poor,#FF7E00
2025-05-18 03:30:00,"Anand Vihar, New Delhi - DPCC",178.0,177.52653571428576,188.54852,0.4734642857142432,10.54852294921875,Poor,Poor,Poor,#FF7E00
2025-05-18 04:30:00,"Anand Vihar, New Delhi - DPCC",171.0,171.52813888888886,171.40881,0.5281388888888614,0.4088134765625,Poor,Poor,Poor,#FF7E00
2025-05-18 05:30:00,"Anand Vihar, New Delhi - DPCC",174.0,174.10011111111112,175.64006,0.1001111111111185,1.6400604248046875,Poor,Poor,Poor,#FF7E00
2025-05-18 06:30:00,"Anand Vihar, New Delhi - DPCC",181.0,181.8525753968254,180.84091,0.8525753968253866,0.159088134765625,Poor,Poor,Poor,#FF7E00
2025-05-18 07:30:00,"Anand Vihar, New Delhi - DPCC",183.0,183.0825317460317,184.0871,0.0825317460317194,1.08709716796875,Poor,Poor,Poor,#FF7E00
2025-05-18 08:30:00,"Anand Vihar, New Delhi - DPCC",192.0,191.6349985569985,191.28046,0.3650014430014607,0.71954345703125,Poor,Poor,Poor,#FF7E00
2025-05-18 09:30:00,"Anand Vihar, New Delhi - DPCC",203.0,203.7241666666667,205.46284,0.7241666666666902,2.4628448486328125,Very Poor,Very Poor,Very Poor,#FF0000
2025-05-18 10:30:00,"Anand Vihar, New Delhi - DPCC",197.0,199.19935606060605,201.10297,2.19935606060605,4.10296630859375,Poor,Poor,Very Poor,#FF7E00
2025-05-18 11:30:00,"Anand Vihar, New Delhi - DPCC",205.0,205.0583888888888,206.5935,0.0583888888887997,1.593505859375,Very Poor,Very Poor,Very Poor,#FF0000
2025-05-18 12:30:00,"Anand Vihar, New Delhi - DPCC",187.0,187.8271428571429,187.46269,0.8271428571428601,0.4626922607421875,Poor,Poor,Poor,#FF7E00
2025-05-18 13:30:00,"Anand Vihar, New Delhi - DPCC",500.0,495.0608333333333,501.61688,4.939166666666722,1.61688232421875,Severe,Severe,Severe,#8F3F97
2025-05-18 14:30:00,"Anand Vihar, New Delhi - DPCC",500.0,499.27,503.62515,0.7300000000000182,3.625152587890625,Severe,Severe,Severe,#8F3F97
2025-05-18 15:30:00,"Anand Vihar, New Delhi - DPCC",247.0,263.82632539682544,253.98053,16.82632539682544,6.98052978515625,Very Poor,Very Poor,Very Poor,#FF0000
2025-05-18 16:30:00,"Anand Vihar, New Delhi - DPCC",199.0,204.1346432178932,197.39487,5.134643217893171,1.605133056640625,Poor,Very Poor,Poor,#FF7E00
2025-05-18 17:30:00,"Anand Vihar, New Delhi - DPCC",177.0,177.77831746031745,175.8049,0.778317460317453,1.195098876953125,Poor,Poor,Poor,#FF7E00
2025-05-18 18:30:00,"Anand Vihar, New Delhi - DPCC",175.0,175.3250476190476,175.22784,0.3250476190476092,0.22784423828125,Poor,Poor,Poor,#FF7E00
2025-05-18 19:30:00,"Anand Vihar, New Delhi - DPCC",170.0,170.45120288045285,168.27664,0.4512028804528256,1.723358154296875,Poor,Poor,Poor,#FF7E00
2025-05-18 20:30:00,"Anand Vihar, New Delhi - DPCC",157.0,158.5882380952381,158.78473,1.588238095238097,1.78472900390625,Poor,Poor,Poor,#FF7E00
2025-05-18 21:30:00,"Anand Vihar, New Delhi - DPCC",162.0,156.6930952380952,169.28497,5.306904761904804,7.28497314453125,Poor,Poor,Poor,#FF7E00
2025-05-18 22:30:00,"Anand Vihar, New Delhi - DPCC",144.0,145.28611111111107,143.60704,1.2861111111110688,0.3929595947265625,Poor,Poor,Poor,#FF7E00
2025-05-18 23:30:00,"Anand Vihar, New Delhi - DPCC",500.0,498.5725,502.38934,1.427500000000009,2.38934326171875,Severe,Severe,Severe,#8F3F97
2025-05-19 00:30:00,"Anand Vihar, New Delhi - DPCC",136.0,133.35405952380952,137.30109,2.645940476190475,1.30108642578125,Poor,Poor,Poor,#FF7E00
2025-05-19 01:30:00,"Anand Vihar, New Delhi - DPCC",142.0,138.74316702741703,143.65619,3.25683297258297,1.65618896484375,Poor,Poor,Poor,#FF7E00
2025-05-19 02:30:00,"Anand Vihar, New Delhi - DPCC",500.0,500.0,499.91995,0.0,0.080047607421875,Severe,Severe,Severe,#8F3F97
2025-05-19 03:30:00,"Anand Vihar, New Delhi - DPCC",158.0,161.73441666666665,158.80751,3.734416666666647,0.8075103759765625,Poor,Poor,Poor,#FF7E00
2025-05-19 04:30:00,"Anand Vihar, New Delhi - DPCC",164.0,170.3822103174603,165.29662,6.382210317460306,1.2966156005859375,Poor,Poor,Poor,#FF7E00
2025-05-19 05:30:00,"Anand Vihar, New Delhi - DPCC",171.0,170.84175915750916,169.22833,0.1582408424908408,1.77166748046875,Poor,Poor,Poor,#FF7E00
2025-05-19 06:30:00,"Anand Vihar, New Delhi - DPCC",500.0,499.27,499.90738,0.7300000000000182,0.092620849609375,Severe,Severe,Severe,#8F3F97
2025-05-19 07:30:00,"Anand Vihar, New Delhi - DPCC",204.0,204.97620238095237,199.23444,0.976202380952344,4.76556396484375,Very Poor,Very Poor,Poor,#FF0000
2025-05-19 08:30:00,"Anand Vihar, New Delhi - DPCC",207.0,213.0027976190476,214.264,6.002797619047584,7.264007568359375,Very Poor,Very Poor,Very Poor,#FF0000
2025-05-19 09:30:00,"Anand Vihar, New Delhi - DPCC",220.0,221.2165266955267,221.99472,1.21652669552671,1.994720458984375,Very Poor,Very Poor,Very Poor,#FF0000
2025-05-19 10:30:00,"Anand Vihar, New Delhi - DPCC",201.0,201.41920346320344,202.5177,0.4192034632034449,1.5177001953125,Very Poor,Very Poor,Very Poor,#FF0000
2025-05-19 11:30:00,"Anand Vihar, New Delhi - DPCC",191.0,189.9914191919192,192.65518,1.008580808080808,1.655181884765625,Poor,Poor,Poor,#FF7E00
2025-05-19 12:30:00,"Anand Vihar, New Delhi - DPCC",193.0,194.15116522366523,195.90668,1.151165223665231,2.90667724609375,Poor,Poor,Poor,#FF7E00
2025-05-19 13:30:00,"Anand Vihar, New Delhi - DPCC",250.0,251.90027272727264,248.38283,1.9002727272726645,1.6171722412109375,Very Poor,Very Poor,Very Poor,#FF0000
2025-05-19 14:30:00,"Anand Vihar, New Delhi - DPCC",320.0,316.6186464646465,319.4306,3.381353535353526,0.56939697265625,Severe,Severe,Severe,#8F3F97
2025-05-19 15:30:00,"Anand Vihar, New Delhi - DPCC",500.0,498.79333333333335,502.90253,1.2066666666666492,2.90252685546875,Severe,Severe,Severe,#8F3F97
2025-05-19 16:30:00,"Anand Vihar, New Delhi - DPCC",252.0,253.49186868686863,253.7074,1.4918686868686564,1.7073974609375,Very Poor,Very Poor,Very Poor,#FF0000
2025-05-19 17:30:00,"Anand Vihar, New Delhi - DPCC",254.0,251.92638023088017,251.47377,2.07361976911983,2.526229858398437,Very Poor,Very Poor,Very Poor,#FF0000
2025-05-19 18:30:00,"Anand Vihar, New Delhi - DPCC",208.0,211.21261904761903,210.9681,3.2126190476190573,2.9680938720703125,Very Poor,Very Poor,Very Poor,#FF0000
2025-05-19 19:30:00,"Anand Vihar, New Delhi - DPCC",204.0,205.144746031746,206.04312,1.1447460317459957,2.043121337890625,Very Poor,Very Poor,Very Poor,#FF0000
2025-05-19 20:30:00,"Anand Vihar, New Delhi - DPCC",221.0,223.74187301587293,236.91486,2.7418730158729545,15.91485595703125,Very Poor,Very Poor,Very Poor,#FF0000
2025-05-19 21:30:00,"Anand Vihar, New Delhi - DPCC",183.0,183.498746031746,181.856,0.498746031746009,1.1439971923828125,Poor,Poor,Poor,#FF7E00
2025-05-19 22:30:00,"Anand Vihar, New Delhi - DPCC",170.0,170.4567266899766,170.97324,0.4567266899765911,0.973236083984375,Poor,Poor,Poor,#FF7E00
2025-05-19 23:30:00,"Anand Vihar, New Delhi - DPCC",158.0,159.2595714285714,155.19168,1.2595714285714052,2.808319091796875,Poor,Poor,Poor,#FF7E00
2025-05-20 00:30:00,"Anand Vihar, New Delhi - DPCC",500.0,492.7575,502.9711,7.242500000000007,2.971099853515625,Severe,Severe,Severe,#8F3F97
2025-05-20 01:30:00,"Anand Vihar, New Delhi - DPCC",128.0,130.02011507936507,128.68036,2.0201150793650697,0.68035888671875,Poor,Poor,Poor,#FF7E00
2025-05-20 02:30:00,"Anand Vihar, New Delhi - DPCC",500.0,500.0,500.16693,0.0,0.16693115234375,Severe,Severe,Severe,#8F3F97
2025-05-20 03:30:00,"Anand Vihar, New Delhi - DPCC",135.0,136.66260317460316,134.34554,1.6626031746031629,0.6544647216796875,Poor,Poor,Poor,#FF7E00
2025-05-20 04:30:00,"Anand Vihar, New Delhi - DPCC",500.0,482.475,497.79514,17.524999999999977,2.204864501953125,Severe,Severe,Severe,#8F3F97
2025-05-20 05:30:00,"Anand Vihar, New Delhi - DPCC",161.0,163.74385281385278,162.08325,2.743852813852783,1.083251953125,Poor,Poor,Poor,#FF7E00
2025-05-20 06:30:00,"Anand Vihar, New Delhi - DPCC",172.0,177.27894047619043,172.9837,5.278940476190428,0.98370361328125,Poor,Poor,Poor,#FF7E00
2025-05-20 07:30:00,"Anand Vihar, New Delhi - DPCC",500.0,373.2319444444446,499.5695,126.7680555555554,0.430511474609375,Severe,Severe,Severe,#8F3F97
2025-05-20 08:30:00,"Anand Vihar, New Delhi - DPCC",200.0,205.4556868686869,197.48415,5.455686868686911,2.515853881835937,Poor,Very Poor,Poor,#FF7E00
2025-05-20 09:30:00,"Anand Vihar, New Delhi - DPCC",223.0,221.8349206349206,221.0434,1.1650793650794071,1.95660400390625,Very Poor,Very Poor,Very Poor,#FF0000
2025-05-20 10:30:00,"Anand Vihar, New Delhi - DPCC",255.0,252.80698304473304,259.2302,2.193016955266984,4.230194091796875,Very Poor,Very Poor,Very Poor,#FF0000
2025-05-20 11:30:00,"Anand Vihar, New Delhi - DPCC",500.0,497.09333333333336,500.72458,2.906666666666638,0.724578857421875,Severe,Severe,Severe,#8F3F97
2025-05-20 12:30:00,"Anand Vihar, New Delhi - DPCC",500.0,499.995,500.56552,0.0049999999999954,0.565521240234375,Severe,Severe,Severe,#8F3F97
2025-05-20 13:30:00,"Anand Vihar, New Delhi - DPCC",273.0,277.357253968254,274.02716,4.3572539682539855,1.02716064453125,Very Poor,Very Poor,Very Poor,#FF0000
2025-05-20 15:30:00,"Anand Vihar, New Delhi - DPCC",278.0,276.84871031746025,281.47293,1.1512896825397547,3.472930908203125,Very Poor,Very Poor,Very Poor,#FF0000
2025-05-20 16:30:00,"Anand Vihar, New Delhi - DPCC",229.0,232.09391269841277,227.52101,3.093912698412737,1.4789886474609375,Very Poor,Very Poor,Very Poor,#FF0000
2025-05-20 17:30:00,"Anand Vihar, New Delhi - DPCC",500.0,500.0,500.26376,0.0,0.263763427734375,Severe,Severe,Severe,#8F3F97
2025-05-20 18:30:00,"Anand Vihar, New Delhi - DPCC",209.0,220.28134126984136,213.9223,11.281341269841365,4.92230224609375,Very Poor,Very Poor,Very Poor,#FF0000
2025-05-20 19:30:00,"Anand Vihar, New Delhi - DPCC",500.0,211.3258217893218,196.67368,288.6741782106782,303.3263244628906,Severe,Very Poor,Poor,#8F3F97
2025-05-20 20:30:00,"Anand Vihar, New Delhi - DPCC",184.0,184.44950649350653,184.48936,0.4495064935065329,0.4893646240234375,Poor,Poor,Poor,#FF7E00
2025-05-20 21:30:00,"Anand Vihar, New Delhi - DPCC",181.0,184.64541522366525,183.23538,3.645415223665253,2.235382080078125,Poor,Poor,Poor,#FF7E00
2025-05-20 22:30:00,"Anand Vihar, New Delhi - DPCC",193.0,193.6737683982684,193.63722,0.6737683982684075,0.6372222900390625,Poor,Poor,Poor,#FF7E00
2025-05-20 23:30:00,"Anand Vihar, New Delhi - DPCC",193.0,193.816823953824,191.21825,0.8168239538239561,1.7817535400390625,Poor,Poor,Poor,#FF7E00
2025-05-21 00:30:00,"Anand Vihar, New Delhi - DPCC",500.0,498.955,502.92786,1.045000000000016,2.9278564453125,Severe,Severe,Severe,#8F3F97
2025-05-21 01:30:00,"Anand Vihar, New Delhi - DPCC",500.0,473.7150476190476,497.38376,26.284952380952404,2.616241455078125,Severe,Severe,Severe,#8F3F97
2025-05-21 02:30:00,"Anand Vihar, New Delhi - DPCC",153.0,162.6802738095238,156.11438,9.680273809523811,3.1143798828125,Poor,Poor,Poor,#FF7E00
2025-05-21 03:30:00,"Anand Vihar, New Delhi - DPCC",100.0,161.8023650793651,157.7418,61.8023650793651,57.74180603027344,Moderate,Poor,Poor,#FFFF00
2025-05-21 04:30:00,"Anand Vihar, New Delhi - DPCC",108.0,151.81519047619048,153.13405,43.81519047619048,45.13404846191406,Poor,Poor,Poor,#FF7E00
2025-05-21 05:30:00,"Anand Vihar, New Delhi - DPCC",140.0,151.39735714285715,142.91096,11.397357142857146,2.9109649658203125,Poor,Poor,Poor,#FF7E00
2025-05-21 06:30:00,"Anand Vihar, New Delhi - DPCC",140.0,153.27911111111112,151.48297,13.27911111111112,11.48297119140625,Poor,Poor,Poor,#FF7E00
2025-05-21 07:30:00,"Anand Vihar, New Delhi - DPCC",120.0,153.05161111111113,152.072,33.05161111111113,32.07200622558594,Poor,Poor,Poor,#FF7E00
2025-05-21 08:30:00,"Anand Vihar, New Delhi - DPCC",119.0,152.27802380952383,151.99738,33.27802380952383,32.99737548828125,Poor,Poor,Poor,#FF7E00
2025-05-21 09:30:00,"Anand Vihar, New Delhi - DPCC",121.0,151.63054761904763,153.03091,30.630547619047636,32.030914306640625,Poor,Poor,Poor,#FF7E00
2025-05-21 10:30:00,"Anand Vihar, New Delhi - DPCC",108.0,151.1712142857143,143.19173,43.17121428571431,35.19172668457031,Poor,Poor,Poor,#FF7E00
2025-05-21 11:30:00,"Anand Vihar, New Delhi - DPCC",118.0,150.99504761904765,143.45844,32.995047619047654,25.45843505859375,Poor,Poor,Poor,#FF7E00
2025-05-21 12:30:00,"Anand Vihar, New Delhi - DPCC",123.0,151.48552380952384,143.49806,28.48552380952384,20.498062133789062,Poor,Poor,Poor,#FF7E00
2025-05-21 13:30:00,"Anand Vihar, New Delhi - DPCC",76.0,148.19250649350653,144.2196,72.19250649350653,68.2196044921875,Moderate,Poor,Poor,#FFFF00
2025-05-21 15:30:00,"Anand Vihar, New Delhi - DPCC",96.0,146.6149826839827,130.72218,50.6149826839827,34.72218322753906,Moderate,Poor,Poor,#FFFF00
2025-05-21 16:30:00,"Anand Vihar, New Delhi - DPCC",87.0,146.74216125541128,139.5766,59.74216125541128,52.57659912109375,Moderate,Poor,Poor,#FFFF00
2025-05-21 17:30:00,"Anand Vihar, New Delhi - DPCC",68.0,147.67772077922078,136.1704,79.67772077922078,68.17039489746094,Moderate,Poor,Poor,#FFFF00
2025-05-21 18:30:00,"Anand Vihar, New Delhi - DPCC",88.0,145.05017316017316,129.65366,57.05017316017316,41.653656005859375,Moderate,Poor,Poor,#FFFF00
2025-05-21 19:30:00,"Anand Vihar, New Delhi - DPCC",85.0,145.7047207792208,136.18141,60.70472077922079,51.18141174316406,Moderate,Poor,Poor,#FFFF00
2025-05-21 20:30:00,"Anand Vihar, New Delhi - DPCC",94.0,148.53605411255413,133.37994,54.536054112554126,39.37994384765625,Moderate,Poor,Poor,#FFFF00
2025-05-21 21:30:00,"Anand Vihar, New Delhi - DPCC",96.0,146.97038744588744,140.81158,50.97038744588744,44.81158447265625,Moderate,Poor,Poor,#FFFF00
2025-05-21 22:30:00,"Anand Vihar, New Delhi - DPCC",90.0,146.85738744588744,140.79233,56.85738744588744,50.792327880859375,Moderate,Poor,Poor,#FFFF00
2025-05-21 23:30:00,"Anand Vihar, New Delhi - DPCC",89.0,147.05738744588746,137.86272,58.05738744588746,48.86271667480469,Moderate,Poor,Poor,#FFFF00
2025-05-22 00:30:00,"Anand Vihar, New Delhi - DPCC",88.0,146.8812207792208,137.10309,58.8812207792208,49.10308837890625,Moderate,Poor,Poor,#FFFF00
2025-05-22 01:30:00,"Anand Vihar, New Delhi - DPCC",84.0,146.72122077922077,137.10963,62.72122077922077,53.10963439941406,Moderate,Poor,Poor,#FFFF00
2025-05-22 02:30:00,"Anand Vihar, New Delhi - DPCC",77.0,146.31207792207792,130.10355,69.31207792207792,53.103546142578125,Moderate,Poor,Poor,#FFFF00
2025-05-22 03:30:00,"Anand Vihar, New Delhi - DPCC",70.0,145.60019696969695,130.07076,75.60019696969695,60.07075500488281,Moderate,Poor,Poor,#FFFF00
2025-05-22 04:30:00,"Anand Vihar, New Delhi - DPCC",66.0,145.60019696969695,130.12323,79.60019696969695,64.12322998046875,Moderate,Poor,Poor,#FFFF00
2025-05-22 05:30:00,"Anand Vihar, New Delhi - DPCC",72.0,147.33319696969696,129.99823,75.33319696969696,57.99822998046875,Moderate,Poor,Poor,#FFFF00
2025-05-22 06:30:00,"Anand Vihar, New Delhi - DPCC",59.0,147.21619696969697,130.04486,88.21619696969697,71.04486083984375,Moderate,Poor,Poor,#FFFF00
2025-05-22 07:30:00,"Anand Vihar, New Delhi - DPCC",60.0,147.31419696969698,130.04486,87.31419696969698,70.04486083984375,Moderate,Poor,Poor,#FFFF00
2025-05-22 08:30:00,"Anand Vihar, New Delhi - DPCC",52.0,147.31419696969698,130.29782,95.31419696969698,78.29782104492188,Moderate,Poor,Poor,#FFFF00
2025-05-22 09:30:00,"Anand Vihar, New Delhi - DPCC",60.0,147.31419696969698,130.05516,87.31419696969698,70.05516052246094,Moderate,Poor,Poor,#FFFF00
2025-05-22 10:30:00,"Anand Vihar, New Delhi - DPCC",62.0,147.21619696969697,130.05516,85.21619696969697,68.05516052246094,Moderate,Poor,Poor,#FFFF00
2025-05-22 11:30:00,"Anand Vihar, New Delhi - DPCC",66.0,147.23519696969694,130.05516,81.23519696969694,64.05516052246094,Moderate,Poor,Poor,#FFFF00
2025-05-22 12:30:00,"Anand Vihar, New Delhi - DPCC",28.0,147.21619696969697,130.06683,119.21619696969697,102.06683349609376,Good,Poor,Poor,#00E400
2025-05-22 13:30:00,"Anand Vihar, New Delhi - DPCC",30.0,147.21619696969697,130.05516,117.21619696969697,100.05516052246094,Good,Poor,Poor,#00E400
2025-05-22 14:30:00,"Anand Vihar, New Delhi - DPCC",32.0,147.21619696969697,130.05516,115.21619696969697,98.05516052246094,Good,Poor,Poor,#00E400
2025-05-22 15:30:00,"Anand Vihar, New Delhi - DPCC",33.0,147.23519696969694,130.05516,114.23519696969694,97.05516052246094,Good,Poor,Poor,#00E400
2025-05-22 16:30:00,"Anand Vihar, New Delhi - DPCC",30.0,147.2403636363636,130.05516,117.2403636363636,100.05516052246094,Good,Poor,Poor,#00E400
2025-05-22 17:30:00,"Anand Vihar, New Delhi - DPCC",33.0,147.25936363636364,130.05516,114.25936363636364,97.05516052246094,Good,Poor,Poor,#00E400
2025-05-22 18:30:00,"Anand Vihar, New Delhi - DPCC",36.0,147.25936363636364,130.05516,111.25936363636364,94.05516052246094,Good,Poor,Poor,#00E400
2025-05-22 19:30:00,"Anand Vihar, New Delhi - DPCC",43.0,147.25936363636364,130.05516,104.25936363636364,87.05516052246094,Good,Poor,Poor,#00E400
2025-05-22 20:30:00,"Anand Vihar, New Delhi - DPCC",34.0,147.26936363636364,133.82196,113.26936363636364,99.82196044921876,Good,Poor,Poor,#00E400
2025-05-22 21:30:00,"Anand Vihar, New Delhi - DPCC",38.0,147.26936363636364,133.82196,109.26936363636364,95.82196044921876,Good,Poor,Poor,#00E400
2025-05-22 22:30:00,"Anand Vihar, New Delhi - DPCC",34.0,147.26936363636364,133.82196,113.26936363636364,99.82196044921876,Good,Poor,Poor,#00E400
2025-05-22 23:30:00,"Anand Vihar, New Delhi - DPCC",34.0,147.26936363636364,133.82196,113.26936363636364,99.82196044921876,Good,Poor,Poor,#00E400
2025-05-23 00:30:00,"Anand Vihar, New Delhi - DPCC",31.0,147.21619696969697,130.54134,116.21619696969697,99.54133605957033,Good,Poor,Poor,#00E400
2025-05-23 01:30:00,"Anand Vihar, New Delhi - DPCC",32.0,147.21619696969697,130.54134,115.21619696969697,98.54133605957033,Good,Poor,Poor,#00E400
2025-05-23 02:30:00,"Anand Vihar, New Delhi - DPCC",31.0,147.21619696969697,130.12907,116.21619696969697,99.12907409667967,Good,Poor,Poor,#00E400
2025-05-23 03:30:00,"Anand Vihar, New Delhi - DPCC",31.0,147.21619696969697,130.12907,116.21619696969697,99.12907409667967,Good,Poor,Poor,#00E400
2025-05-23 04:30:00,"Anand Vihar, New Delhi - DPCC",34.0,147.23519696969694,130.12907,113.23519696969694,96.12907409667967,Good,Poor,Poor,#00E400
2025-05-23 05:30:00,"Anand Vihar, New Delhi - DPCC",32.0,147.21619696969697,130.0507,115.21619696969697,98.05070495605467,Good,Poor,Poor,#00E400
2025-05-23 06:30:00,"Anand Vihar, New Delhi - DPCC",32.0,147.21619696969697,130.0507,115.21619696969697,98.05070495605467,Good,Poor,Poor,#00E400
2025-05-23 07:30:00,"Anand Vihar, New Delhi - DPCC",32.0,147.21619696969697,130.0507,115.21619696969697,98.05070495605467,Good,Poor,Poor,#00E400
2025-05-23 08:30:00,"Anand Vihar, New Delhi - DPCC",36.0,147.23519696969694,130.05841,111.23519696969694,94.05841064453124,Good,Poor,Poor,#00E400
2025-05-23 09:30:00,"Anand Vihar, New Delhi - DPCC",32.0,147.21619696969697,130.05516,115.21619696969697,98.05516052246094,Good,Poor,Poor,#00E400
2025-05-23 10:30:00,"Anand Vihar, New Delhi - DPCC",30.0,147.21619696969697,130.05516,117.21619696969697,100.05516052246094,Good,Poor,Poor,#00E400
2025-05-23 11:30:00,"Anand Vihar, New Delhi - DPCC",29.0,147.21619696969697,130.05516,118.21619696969697,101.05516052246094,Good,Poor,Poor,#00E400
2025-05-23 12:30:00,"Anand Vihar, New Delhi - DPCC",33.0,147.23519696969694,130.05516,114.23519696969694,97.05516052246094,Good,Poor,Poor,#00E400
2025-05-23 13:30:00,"Anand Vihar, New Delhi - DPCC",34.0,147.23519696969694,130.05516,113.23519696969694,96.05516052246094,Good,Poor,Poor,#00E400
2025-05-23 14:30:00,"Anand Vihar, New Delhi - DPCC",32.0,147.21619696969697,130.05516,115.21619696969697,98.05516052246094,Good,Poor,Poor,#00E400
2025-05-23 15:30:00,"Anand Vihar, New Delhi - DPCC",34.0,147.23519696969694,130.05516,113.23519696969694,96.05516052246094,Good,Poor,Poor,#00E400
2025-05-23 16:30:00,"Anand Vihar, New Delhi - DPCC",33.0,147.25936363636364,130.05516,114.25936363636364,97.05516052246094,Good,Poor,Poor,#00E400
2025-05-23 17:30:00,"Anand Vihar, New Delhi - DPCC",32.0,147.2403636363636,130.05516,115.2403636363636,98.05516052246094,Good,Poor,Poor,#00E400
2025-05-23 18:30:00,"Anand Vihar, New Delhi - DPCC",30.0,147.2403636363636,130.05516,117.2403636363636,100.05516052246094,Good,Poor,Poor,#00E400
2025-05-23 19:30:00,"Anand Vihar, New Delhi - DPCC",40.0,147.25936363636364,130.05516,107.25936363636364,90.05516052246094,Good,Poor,Poor,#00E400
2025-05-23 20:30:00,"Anand Vihar, New Delhi - DPCC",42.0,147.26936363636364,133.82196,105.26936363636364,91.82196044921876,Good,Poor,Poor,#00E400
2025-05-23 21:30:00,"Anand Vihar, New Delhi - DPCC",36.0,147.26936363636364,133.82196,111.26936363636364,97.82196044921876,Good,Poor,Poor,#00E400
2025-05-23 22:30:00,"Anand Vihar, New Delhi - DPCC",32.0,147.25036363636363,133.82196,115.25036363636364,101.82196044921876,Good,Poor,Poor,#00E400
2025-05-23 23:30:00,"Anand Vihar, New Delhi - DPCC",29.0,147.25036363636363,133.82196,118.25036363636364,104.82196044921876,Good,Poor,Poor,#00E400
2025-05-24 00:30:00,"Anand Vihar, New Delhi - DPCC",30.0,147.21619696969697,130.54134,117.21619696969697,100.54133605957033,Good,Poor,Poor,#00E400
2025-05-24 01:30:00,"Anand Vihar, New Delhi - DPCC",30.0,147.21619696969697,130.54134,117.21619696969697,100.54133605957033,Good,Poor,Poor,#00E400
2025-05-24 02:30:00,"Anand Vihar, New Delhi - DPCC",27.0,147.21619696969697,130.14075,120.21619696969697,103.1407470703125,Good,Poor,Poor,#00E400
2025-05-24 03:30:00,"Anand Vihar, New Delhi - DPCC",26.0,147.21619696969697,130.14075,121.21619696969697,104.1407470703125,Good,Poor,Poor,#00E400
2025-05-24 04:30:00,"Anand Vihar, New Delhi - DPCC",24.0,147.21619696969697,130.14075,123.21619696969697,106.1407470703125,Good,Poor,Poor,#00E400
2025-05-24 05:30:00,"Anand Vihar, New Delhi - DPCC",26.0,147.21619696969697,130.06238,121.21619696969697,104.0623779296875,Good,Poor,Poor,#00E400
2025-05-24 06:30:00,"Anand Vihar, New Delhi - DPCC",27.0,147.21619696969697,130.06238,120.21619696969697,103.0623779296875,Good,Poor,Poor,#00E400
2025-05-24 07:30:00,"Anand Vihar, New Delhi - DPCC",23.0,147.21619696969697,130.06238,124.21619696969697,107.0623779296875,Good,Poor,Poor,#00E400
2025-05-24 08:30:00,"Anand Vihar, New Delhi - DPCC",28.0,147.21619696969697,130.07008,119.21619696969697,102.07008361816406,Good,Poor,Poor,#00E400
2025-05-24 09:30:00,"Anand Vihar, New Delhi - DPCC",20.0,147.21119696969697,130.06683,127.21119696969696,110.06683349609376,Good,Poor,Poor,#00E400
2025-05-24 10:30:00,"Anand Vihar, New Delhi - DPCC",22.0,147.21619696969697,130.06683,125.21619696969697,108.06683349609376,Good,Poor,Poor,#00E400
2025-05-24 11:30:00,"Anand Vihar, New Delhi - DPCC",20.0,147.21119696969697,130.06683,127.21119696969696,110.06683349609376,Good,Poor,Poor,#00E400
2025-05-24 12:30:00,"Anand Vihar, New Delhi - DPCC",23.0,147.21619696969697,130.06683,124.21619696969697,107.06683349609376,Good,Poor,Poor,#00E400
2025-05-24 13:30:00,"Anand Vihar, New Delhi - DPCC",21.0,147.21119696969697,130.06683,126.21119696969696,109.06683349609376,Good,Poor,Poor,#00E400
2025-05-24 14:30:00,"Anand Vihar, New Delhi - DPCC",24.0,147.21619696969697,130.06683,123.21619696969697,106.06683349609376,Good,Poor,Poor,#00E400
2025-05-24 15:30:00,"Anand Vihar, New Delhi - DPCC",19.0,147.21119696969697,130.06683,128.21119696969697,111.06683349609376,Good,Poor,Poor,#00E400
2025-05-24 16:30:00,"Anand Vihar, New Delhi - DPCC",22.0,147.2403636363636,130.06683,125.2403636363636,108.06683349609376,Good,Poor,Poor,#00E400
2025-05-24 17:30:00,"Anand Vihar, New Delhi - DPCC",21.0,147.23536363636362,130.06683,126.23536363636362,109.06683349609376,Good,Poor,Poor,#00E400
2025-05-24 18:30:00,"Anand Vihar, New Delhi - DPCC",32.0,147.2403636363636,130.05516,115.2403636363636,98.05516052246094,Good,Poor,Poor,#00E400
2025-05-24 19:30:00,"Anand Vihar, New Delhi - DPCC",35.0,147.25936363636364,130.05516,112.25936363636364,95.05516052246094,Good,Poor,Poor,#00E400
2025-05-24 20:30:00,"Anand Vihar, New Delhi - DPCC",30.0,147.25036363636363,133.82196,117.25036363636364,103.82196044921876,Good,Poor,Poor,#00E400
2025-05-24 21:30:00,"Anand Vihar, New Delhi - DPCC",30.0,147.25036363636363,133.82196,117.25036363636364,103.82196044921876,Good,Poor,Poor,#00E400
2025-05-24 22:30:00,"Anand Vihar, New Delhi - DPCC",42.0,147.26936363636364,133.82196,105.26936363636364,91.82196044921876,Good,Poor,Poor,#00E400
2025-05-24 23:30:00,"Anand Vihar, New Delhi - DPCC",36.0,147.26936363636364,133.82196,111.26936363636364,97.82196044921876,Good,Poor,Poor,#00E400
2025-05-25 00:30:00,"Anand Vihar, New Delhi - DPCC",32.0,147.21619696969697,130.54134,115.21619696969697,98.54133605957033,Good,Poor,Poor,#00E400
2025-05-25 01:30:00,"Anand Vihar, New Delhi - DPCC",29.0,147.21619696969697,130.54134,118.21619696969697,101.54133605957033,Good,Poor,Poor,#00E400
2025-05-25 02:30:00,"Anand Vihar, New Delhi - DPCC",27.0,147.21619696969697,130.14075,120.21619696969697,103.1407470703125,Good,Poor,Poor,#00E400
2025-05-25 03:30:00,"Anand Vihar, New Delhi - DPCC",32.0,147.21619696969697,130.12907,115.21619696969697,98.12907409667967,Good,Poor,Poor,#00E400
2025-05-25 04:30:00,"Anand Vihar, New Delhi - DPCC",30.0,147.21619696969697,130.12907,117.21619696969697,100.12907409667967,Good,Poor,Poor,#00E400
2025-05-25 05:30:00,"Anand Vihar, New Delhi - DPCC",31.0,147.21619696969697,130.0507,116.21619696969697,99.05070495605467,Good,Poor,Poor,#00E400
2025-05-25 06:30:00,"Anand Vihar, New Delhi - DPCC",28.0,147.21619696969697,130.06238,119.21619696969697,102.0623779296875,Good,Poor,Poor,#00E400
2025-05-25 07:30:00,"Anand Vihar, New Delhi - DPCC",31.0,147.21619696969697,130.0507,116.21619696969697,99.05070495605467,Good,Poor,Poor,#00E400
2025-05-25 08:30:00,"Anand Vihar, New Delhi - DPCC",30.0,147.21619696969697,130.05841,117.21619696969697,100.05841064453124,Good,Poor,Poor,#00E400
2025-05-25 09:30:00,"Anand Vihar, New Delhi - DPCC",29.0,147.21619696969697,130.05516,118.21619696969697,101.05516052246094,Good,Poor,Poor,#00E400
2025-05-25 10:30:00,"Anand Vihar, New Delhi - DPCC",30.0,147.21619696969697,130.05516,117.21619696969697,100.05516052246094,Good,Poor,Poor,#00E400
2025-05-25 11:30:00,"Anand Vihar, New Delhi - DPCC",26.0,147.21619696969697,130.06683,121.21619696969697,104.06683349609376,Good,Poor,Poor,#00E400
2025-05-25 12:30:00,"Anand Vihar, New Delhi - DPCC",32.0,147.21619696969697,130.05516,115.21619696969697,98.05516052246094,Good,Poor,Poor,#00E400
2025-05-26 13:30:00,"Anand Vihar, New Delhi - DPCC",30.0,147.21619696969697,130.15346,117.21619696969697,100.15345764160156,Good,Poor,Poor,#00E400
2025-05-26 14:30:00,"Anand Vihar, New Delhi - DPCC",25.0,147.21619696969697,130.16513,122.21619696969697,105.16513061523438,Good,Poor,Poor,#00E400
2025-05-26 15:30:00,"Anand Vihar, New Delhi - DPCC",21.0,147.21119696969697,130.16513,126.21119696969696,109.16513061523438,Good,Poor,Poor,#00E400
2025-05-26 16:30:00,"Anand Vihar, New Delhi - DPCC",20.0,147.23536363636362,130.16513,127.23536363636362,110.16513061523438,Good,Poor,Poor,#00E400
2025-05-26 17:30:00,"Anand Vihar, New Delhi - DPCC",24.0,147.2403636363636,130.16513,123.2403636363636,106.16513061523438,Good,Poor,Poor,#00E400
2025-05-26 18:30:00,"Anand Vihar, New Delhi - DPCC",20.0,147.23536363636362,130.16513,127.23536363636362,110.16513061523438,Good,Poor,Poor,#00E400
2025-05-26 19:30:00,"Anand Vihar, New Delhi - DPCC",29.0,147.2403636363636,130.15346,118.2403636363636,101.15345764160156,Good,Poor,Poor,#00E400
2025-05-26 20:30:00,"Anand Vihar, New Delhi - DPCC",30.0,147.25036363636363,133.92024,117.25036363636364,103.92024230957033,Good,Poor,Poor,#00E400
2025-05-26 21:30:00,"Anand Vihar, New Delhi - DPCC",22.0,147.25036363636363,133.93192,125.25036363636364,111.93191528320312,Good,Poor,Poor,#00E400
2025-05-26 22:30:00,"Anand Vihar, New Delhi - DPCC",22.0,147.25036363636363,133.93192,125.25036363636364,111.93191528320312,Good,Poor,Poor,#00E400
2025-05-26 23:30:00,"Anand Vihar, New Delhi - DPCC",26.0,147.25036363636363,133.93192,121.25036363636364,107.93191528320312,Good,Poor,Poor,#00E400
2025-05-27 00:30:00,"Anand Vihar, New Delhi - DPCC",25.0,147.21619696969697,130.55301,122.21619696969697,105.55300903320312,Good,Poor,Poor,#00E400
2025-05-27 01:30:00,"Anand Vihar, New Delhi - DPCC",24.0,147.21619696969697,130.55301,123.21619696969697,106.55300903320312,Good,Poor,Poor,#00E400
2025-05-27 02:30:00,"Anand Vihar, New Delhi - DPCC",23.0,147.21619696969697,130.14075,124.21619696969697,107.1407470703125,Good,Poor,Poor,#00E400
2025-05-27 03:30:00,"Anand Vihar, New Delhi - DPCC",24.0,147.21619696969697,130.14075,123.21619696969697,106.1407470703125,Good,Poor,Poor,#00E400
2025-05-27 04:30:00,"Anand Vihar, New Delhi - DPCC",22.0,147.21619696969697,130.14075,125.21619696969697,108.1407470703125,Good,Poor,Poor,#00E400
2025-05-27 05:30:00,"Anand Vihar, New Delhi - DPCC",26.0,147.21619696969697,130.06238,121.21619696969697,104.0623779296875,Good,Poor,Poor,#00E400
2025-05-27 07:30:00,"Anand Vihar, New Delhi - DPCC",23.0,147.21619696969697,130.06238,124.21619696969697,107.0623779296875,Good,Poor,Poor,#00E400
2025-05-27 08:30:00,"Anand Vihar, New Delhi - DPCC",28.0,147.21619696969697,130.07008,119.21619696969697,102.07008361816406,Good,Poor,Poor,#00E400
2025-05-27 09:30:00,"Anand Vihar, New Delhi - DPCC",23.0,147.21619696969697,130.06683,124.21619696969697,107.06683349609376,Good,Poor,Poor,#00E400
2025-05-27 10:30:00,"Anand Vihar, New Delhi - DPCC",26.0,147.21619696969697,130.06683,121.21619696969697,104.06683349609376,Good,Poor,Poor,#00E400
2025-05-27 11:30:00,"Anand Vihar, New Delhi - DPCC",35.0,147.23519696969694,130.05516,112.23519696969694,95.05516052246094,Good,Poor,Poor,#00E400
2025-05-27 12:30:00,"Anand Vihar, New Delhi - DPCC",32.0,147.21619696969697,130.05516,115.21619696969697,98.05516052246094,Good,Poor,Poor,#00E400
2025-05-27 13:30:00,"Anand Vihar, New Delhi - DPCC",28.0,147.21619696969697,130.06683,119.21619696969697,102.06683349609376,Good,Poor,Poor,#00E400
2025-05-27 14:30:00,"Anand Vihar, New Delhi - DPCC",20.0,147.21119696969697,130.06683,127.21119696969696,110.06683349609376,Good,Poor,Poor,#00E400
2025-05-27 15:30:00,"Anand Vihar, New Delhi - DPCC",19.0,147.21119696969697,130.06683,128.21119696969697,111.06683349609376,Good,Poor,Poor,#00E400
2025-05-27 16:30:00,"Anand Vihar, New Delhi - DPCC",23.0,147.2403636363636,130.06683,124.2403636363636,107.06683349609376,Good,Poor,Poor,#00E400
2025-05-27 17:30:00,"Anand Vihar, New Delhi - DPCC",17.0,147.23536363636362,130.06683,130.23536363636362,113.06683349609376,Good,Poor,Poor,#00E400
2025-05-27 18:30:00,"Anand Vihar, New Delhi - DPCC",33.0,147.25936363636364,130.05516,114.25936363636364,97.05516052246094,Good,Poor,Poor,#00E400
2025-05-27 19:30:00,"Anand Vihar, New Delhi - DPCC",38.0,147.25936363636364,130.05516,109.25936363636364,92.05516052246094,Good,Poor,Poor,#00E400
2025-05-27 20:30:00,"Anand Vihar, New Delhi - DPCC",45.0,147.26936363636364,133.82196,102.26936363636364,88.82196044921875,Good,Poor,Poor,#00E400
2025-05-27 21:30:00,"Anand Vihar, New Delhi - DPCC",36.0,147.26936363636364,133.82196,111.26936363636364,97.82196044921876,Good,Poor,Poor,#00E400
2025-05-27 22:30:00,"Anand Vihar, New Delhi - DPCC",35.0,147.26936363636364,133.82196,112.26936363636364,98.82196044921876,Good,Poor,Poor,#00E400
2025-05-27 23:30:00,"Anand Vihar, New Delhi - DPCC",33.0,147.26936363636364,133.82196,114.26936363636364,100.82196044921876,Good,Poor,Poor,#00E400
2025-05-28 10:30:00,"Anand Vihar, New Delhi - DPCC",22.0,147.21619696969697,130.06683,125.21619696969697,108.06683349609376,Good,Poor,Poor,#00E400
2025-05-28 11:30:00,"Anand Vihar, New Delhi - DPCC",20.0,147.21119696969697,130.06683,127.21119696969696,110.06683349609376,Good,Poor,Poor,#00E400
2025-05-28 12:30:00,"Anand Vihar, New Delhi - DPCC",25.0,147.21619696969697,130.06683,122.21619696969697,105.06683349609376,Good,Poor,Poor,#00E400
2025-05-28 13:30:00,"Anand Vihar, New Delhi - DPCC",26.0,147.21619696969697,130.06683,121.21619696969697,104.06683349609376,Good,Poor,Poor,#00E400
2025-05-28 14:30:00,"Anand Vihar, New Delhi - DPCC",28.0,147.21619696969697,130.06683,119.21619696969697,102.06683349609376,Good,Poor,Poor,#00E400
2025-05-28 15:30:00,"Anand Vihar, New Delhi - DPCC",30.0,147.21619696969697,130.05516,117.21619696969697,100.05516052246094,Good,Poor,Poor,#00E400
2025-05-28 16:30:00,"Anand Vihar, New Delhi - DPCC",27.0,147.2403636363636,130.06683,120.2403636363636,103.06683349609376,Good,Poor,Poor,#00E400
2025-05-28 17:30:00,"Anand Vihar, New Delhi - DPCC",32.0,147.2403636363636,130.05516,115.2403636363636,98.05516052246094,Good,Poor,Poor,#00E400
2025-05-28 18:30:00,"Anand Vihar, New Delhi - DPCC",28.0,147.2403636363636,130.06683,119.2403636363636,102.06683349609376,Good,Poor,Poor,#00E400
2025-05-28 19:30:00,"Anand Vihar, New Delhi - DPCC",35.0,147.25936363636364,130.05516,112.25936363636364,95.05516052246094,Good,Poor,Poor,#00E400
2025-05-28 20:30:00,"Anand Vihar, New Delhi - DPCC",35.0,147.26936363636364,133.82196,112.26936363636364,98.82196044921876,Good,Poor,Poor,#00E400
2025-05-28 21:30:00,"Anand Vihar, New Delhi - DPCC",31.0,147.25036363636363,133.82196,116.25036363636364,102.82196044921876,Good,Poor,Poor,#00E400
2025-05-28 22:30:00,"Anand Vihar, New Delhi - DPCC",27.0,147.25036363636363,133.83363,120.25036363636364,106.83363342285156,Good,Poor,Poor,#00E400
2025-05-28 23:30:00,"Anand Vihar, New Delhi - DPCC",27.0,147.25036363636363,133.83363,120.25036363636364,106.83363342285156,Good,Poor,Poor,#00E400
2025-04-01 00:30:00,"Zoo Park, Hyderabad - TSPCB",180.0,181.52056349206345,179.9687,1.5205634920634452,0.0312957763671875,Poor,Poor,Poor,#FF7E00
2025-04-01 01:30:00,"Zoo Park, Hyderabad - TSPCB",174.0,173.67515079365083,174.04303,0.324849206349171,0.04302978515625,Poor,Poor,Poor,#FF7E00
2025-04-01 02:30:00,"Zoo Park, Hyderabad - TSPCB",176.0,175.3217976190476,176.05446,0.6782023809523992,0.0544586181640625,Poor,Poor,Poor,#FF7E00
2025-04-01 03:30:00,"Zoo Park, Hyderabad - TSPCB",184.0,183.44102777777775,183.95065,0.5589722222222235,0.049346923828125,Poor,Poor,Poor,#FF7E00
2025-04-01 04:30:00,"Zoo Park, Hyderabad - TSPCB",186.0,184.1473134920635,185.89369,1.852686507936511,0.1063079833984375,Poor,Poor,Poor,#FF7E00
2025-04-01 05:30:00,"Zoo Park, Hyderabad - TSPCB",186.0,184.10831349206347,185.89871,1.8916865079365264,0.101287841796875,Poor,Poor,Poor,#FF7E00
2025-04-01 06:30:00,"Zoo Park, Hyderabad - TSPCB",500.0,500.0,499.83643,0.0,0.16357421875,Severe,Severe,Severe,#8F3F97
2025-04-01 07:30:00,"Zoo Park, Hyderabad - TSPCB",500.0,497.7266666666667,499.90503,2.273333333333312,0.094970703125,Severe,Severe,Severe,#8F3F97
2025-04-01 08:30:00,"Zoo Park, Hyderabad - TSPCB",156.0,162.1612922077922,156.05345,6.161292207792201,0.0534515380859375,Poor,Poor,Poor,#FF7E00
2025-04-01 09:30:00,"Zoo Park, Hyderabad - TSPCB",162.0,176.46326190476185,162.01219,14.46326190476185,0.0121917724609375,Poor,Poor,Poor,#FF7E00
2025-04-01 10:30:00,"Zoo Park, Hyderabad - TSPCB",162.0,161.9852619047619,162.05232,0.0147380952381013,0.0523223876953125,Poor,Poor,Poor,#FF7E00
2025-04-01 12:30:00,"Zoo Park, Hyderabad - TSPCB",153.0,152.65049999999997,153.00226,0.3495000000000345,0.00225830078125,Poor,Poor,Poor,#FF7E00
2025-04-01 14:30:00,"Zoo Park, Hyderabad - TSPCB",176.0,175.55132142857144,175.91368,0.4486785714285588,0.0863189697265625,Poor,Poor,Poor,#FF7E00
2025-04-01 15:30:00,"Zoo Park, Hyderabad - TSPCB",157.0,156.60914935064935,157.10779,0.3908506493506252,0.1077880859375,Poor,Poor,Poor,#FF7E00
2025-04-01 16:30:00,"Zoo Park, Hyderabad - TSPCB",164.0,163.9624642857143,163.96356,0.0375357142856955,0.03643798828125,Poor,Poor,Poor,#FF7E00
2025-04-01 17:30:00,"Zoo Park, Hyderabad - TSPCB",176.0,175.59141666666667,176.01254,0.4085833333333255,0.012542724609375,Poor,Poor,Poor,#FF7E00
2025-04-01 18:30:00,"Zoo Park, Hyderabad - TSPCB",173.0,173.60953174603182,172.9783,0.6095317460318199,0.021697998046875,Poor,Poor,Poor,#FF7E00
2025-04-01 19:30:00,"Zoo Park, Hyderabad - TSPCB",157.0,156.62142316017315,157.01668,0.3785768398268487,0.0166778564453125,Poor,Poor,Poor,#FF7E00
2025-04-01 20:30:00,"Zoo Park, Hyderabad - TSPCB",148.0,141.5874090909091,147.85994,6.412590909090909,0.1400604248046875,Poor,Poor,Poor,#FF7E00
2025-04-01 21:30:00,"Zoo Park, Hyderabad - TSPCB",122.0,124.18591305916308,121.79928,2.1859130591630844,0.2007217407226562,Poor,Poor,Poor,#FF7E00
2025-04-01 22:30:00,"Zoo Park, Hyderabad - TSPCB",125.0,125.62177777777777,125.04517,0.6217777777777656,0.0451736450195312,Poor,Poor,Poor,#FF7E00
2025-04-01 23:30:00,"Zoo Park, Hyderabad - TSPCB",164.0,164.01660714285717,163.86876,0.0166071428571683,0.1312408447265625,Poor,Poor,Poor,#FF7E00
2025-04-02 00:30:00,"Zoo Park, Hyderabad - TSPCB",162.0,162.0987619047619,162.01508,0.0987619047618864,0.01507568359375,Poor,Poor,Poor,#FF7E00
2025-04-02 01:30:00,"Zoo Park, Hyderabad - TSPCB",164.0,164.1074404761905,164.01704,0.1074404761905043,0.0170440673828125,Poor,Poor,Poor,#FF7E00
2025-04-02 02:30:00,"Zoo Park, Hyderabad - TSPCB",169.0,169.3547380952381,169.00912,0.3547380952381047,0.009124755859375,Poor,Poor,Poor,#FF7E00
2025-04-02 03:30:00,"Zoo Park, Hyderabad - TSPCB",169.0,169.21097619047617,169.03207,0.210976190476174,0.032073974609375,Poor,Poor,Poor,#FF7E00
2025-04-02 04:30:00,"Zoo Park, Hyderabad - TSPCB",162.0,161.9952619047619,161.98471,0.0047380952381104,0.015289306640625,Poor,Poor,Poor,#FF7E00
2025-04-02 05:30:00,"Zoo Park, Hyderabad - TSPCB",162.0,161.92659523809522,161.9198,0.0734047619047828,0.0802001953125,Poor,Poor,Poor,#FF7E00
2025-04-02 06:30:00,"Zoo Park, Hyderabad - TSPCB",161.0,160.88523809523812,161.0269,0.1147619047618775,0.0269012451171875,Poor,Poor,Poor,#FF7E00
2025-04-02 07:30:00,"Zoo Park, Hyderabad - TSPCB",157.0,156.42319696969696,157.14082,0.57680303030304,0.1408233642578125,Poor,Poor,Poor,#FF7E00
2025-04-02 08:30:00,"Zoo Park, Hyderabad - TSPCB",153.0,152.7017222222222,152.96645,0.2982777777777983,0.0335540771484375,Poor,Poor,Poor,#FF7E00
2025-04-02 09:30:00,"Zoo Park, Hyderabad - TSPCB",140.0,140.58251623376628,140.0303,0.5825162337662846,0.030303955078125,Poor,Poor,Poor,#FF7E00
2025-04-02 10:30:00,"Zoo Park, Hyderabad - TSPCB",123.0,123.2962463924964,123.120094,0.2962463924963998,0.1200942993164062,Poor,Poor,Poor,#FF7E00
2025-04-02 11:30:00,"Zoo Park, Hyderabad - TSPCB",137.0,137.66728571428573,136.97302,0.6672857142857254,0.0269775390625,Poor,Poor,Poor,#FF7E00
2025-04-02 12:30:00,"Zoo Park, Hyderabad - TSPCB",150.0,151.15293722943724,150.18431,1.1529372294372422,0.1843109130859375,Poor,Poor,Poor,#FF7E00
2025-04-02 13:30:00,"Zoo Park, Hyderabad - TSPCB",164.0,163.98127380952386,163.9976,0.0187261904761442,0.0023956298828125,Poor,Poor,Poor,#FF7E00
2025-04-02 14:30:00,"Zoo Park, Hyderabad - TSPCB",181.0,181.7515476190476,180.93047,0.7515476190475852,0.0695343017578125,Poor,Poor,Poor,#FF7E00
2025-04-02 15:30:00,"Zoo Park, Hyderabad - TSPCB",500.0,498.85,499.8561,1.1499999999999773,0.143890380859375,Severe,Severe,Severe,#8F3F97
2025-04-02 16:30:00,"Zoo Park, Hyderabad - TSPCB",155.0,164.0358571428572,154.91655,9.035857142857196,0.0834503173828125,Poor,Poor,Poor,#FF7E00
2025-04-02 17:30:00,"Zoo Park, Hyderabad - TSPCB",158.0,161.75608333333335,157.5849,3.756083333333351,0.41510009765625,Poor,Poor,Poor,#FF7E00
2025-04-02 18:30:00,"Zoo Park, Hyderabad - TSPCB",159.0,159.2511785714286,159.06656,0.2511785714285963,0.066558837890625,Poor,Poor,Poor,#FF7E00
2025-04-02 19:30:00,"Zoo Park, Hyderabad - TSPCB",145.0,145.9905357142857,144.91824,0.9905357142856984,0.081756591796875,Poor,Poor,Poor,#FF7E00
2025-04-02 20:30:00,"Zoo Park, Hyderabad - TSPCB",127.0,127.3035277777778,126.97387,0.303527777777802,0.0261306762695312,Poor,Poor,Poor,#FF7E00
2025-04-02 21:30:00,"Zoo Park, Hyderabad - TSPCB",110.0,111.26478174603176,110.03156,1.2647817460317723,0.0315628051757812,Poor,Poor,Poor,#FF7E00
2025-04-02 22:30:00,"Zoo Park, Hyderabad - TSPCB",98.0,97.1433214285714,98.35431,0.8566785714286027,0.35430908203125,Moderate,Moderate,Moderate,#FFFF00
2025-04-02 23:30:00,"Zoo Park, Hyderabad - TSPCB",108.0,108.6983968253968,108.39814,0.6983968253968129,0.3981399536132812,Poor,Poor,Poor,#FF7E00
2025-04-03 00:30:00,"Zoo Park, Hyderabad - TSPCB",159.0,159.20834523809526,158.96802,0.2083452380952621,0.031982421875,Poor,Poor,Poor,#FF7E00
2025-04-03 01:30:00,"Zoo Park, Hyderabad - TSPCB",176.0,174.95658333333336,175.96773,1.0434166666666442,0.0322723388671875,Poor,Poor,Poor,#FF7E00
2025-04-03 02:30:00,"Zoo Park, Hyderabad - TSPCB",170.0,169.2930714285714,170.04782,0.7069285714285911,0.047821044921875,Poor,Poor,Poor,#FF7E00
2025-04-03 03:30:00,"Zoo Park, Hyderabad - TSPCB",168.0,168.8461071428571,168.02406,0.8461071428571074,0.0240631103515625,Poor,Poor,Poor,#FF7E00
2025-04-03 04:30:00,"Zoo Park, Hyderabad - TSPCB",164.0,164.05413095238094,163.93282,0.0541309523809445,0.0671844482421875,Poor,Poor,Poor,#FF7E00
2025-04-03 05:30:00,"Zoo Park, Hyderabad - TSPCB",161.0,160.8802380952381,161.0553,0.1197619047619014,0.0552978515625,Poor,Poor,Poor,#FF7E00
2025-04-03 06:30:00,"Zoo Park, Hyderabad - TSPCB",173.0,173.20222222222228,172.93405,0.2022222222222751,0.065948486328125,Poor,Poor,Poor,#FF7E00
2025-04-03 07:30:00,"Zoo Park, Hyderabad - TSPCB",151.0,151.18805627705626,151.02446,0.1880562770562619,0.0244598388671875,Poor,Poor,Poor,#FF7E00
2025-04-03 08:30:00,"Zoo Park, Hyderabad - TSPCB",150.0,150.34271103896106,150.08676,0.3427110389610561,0.086761474609375,Poor,Poor,Poor,#FF7E00
2025-04-03 09:30:00,"Zoo Park, Hyderabad - TSPCB",137.0,137.6790238095238,137.22836,0.6790238095238124,0.228363037109375,Poor,Poor,Poor,#FF7E00
2025-04-03 10:30:00,"Zoo Park, Hyderabad - TSPCB",120.0,121.97604797979798,120.45676,1.9760479797979824,0.456756591796875,Poor,Poor,Poor,#FF7E00
2025-04-03 11:30:00,"Zoo Park, Hyderabad - TSPCB",116.0,110.53060714285714,115.81013,5.469392857142864,0.1898727416992187,Poor,Poor,Poor,#FF7E00
2025-04-03 12:30:00,"Zoo Park, Hyderabad - TSPCB",147.0,145.92236904761904,146.95372,1.0776309523809573,0.0462799072265625,Poor,Poor,Poor,#FF7E00
2025-04-03 13:30:00,"Zoo Park, Hyderabad - TSPCB",104.0,105.50776190476192,104.01723,1.5077619047619208,0.0172271728515625,Poor,Poor,Poor,#FF7E00
2025-04-03 14:30:00,"Zoo Park, Hyderabad - TSPCB",78.0,79.93341522366524,78.22006,1.933415223665236,0.220062255859375,Moderate,Moderate,Moderate,#FFFF00
2025-04-03 15:30:00,"Zoo Park, Hyderabad - TSPCB",97.0,96.28992460317464,96.88267,0.7100753968253741,0.1173324584960937,Moderate,Moderate,Moderate,#FFFF00
2025-04-03 16:30:00,"Zoo Park, Hyderabad - TSPCB",142.0,142.04023412698413,141.91017,0.0402341269841315,0.0898284912109375,Poor,Poor,Poor,#FF7E00
2025-04-03 17:30:00,"Zoo Park, Hyderabad - TSPCB",103.0,101.4904880952381,103.04711,1.5095119047618937,0.0471115112304687,Poor,Poor,Poor,#FF7E00
2025-04-03 18:30:00,"Zoo Park, Hyderabad - TSPCB",75.0,75.45754220779222,75.08206,0.4575422077922155,0.082061767578125,Moderate,Moderate,Moderate,#FFFF00
2025-04-03 19:30:00,"Zoo Park, Hyderabad - TSPCB",76.0,75.58355808080807,76.04781,0.4164419191919251,0.0478134155273437,Moderate,Moderate,Moderate,#FFFF00
2025-04-03 20:30:00,"Zoo Park, Hyderabad - TSPCB",79.0,78.83365873015873,78.985344,0.1663412698412685,0.0146560668945312,Moderate,Moderate,Moderate,#FFFF00
2025-04-03 21:30:00,"Zoo Park, Hyderabad - TSPCB",81.0,80.32796031746031,80.74044,0.6720396825396904,0.2595596313476562,Moderate,Moderate,Moderate,#FFFF00
2025-04-03 22:30:00,"Zoo Park, Hyderabad - TSPCB",82.0,81.4677380952381,82.027695,0.5322619047618957,0.0276947021484375,Moderate,Moderate,Moderate,#FFFF00
2025-04-03 23:30:00,"Zoo Park, Hyderabad - TSPCB",81.0,80.42026659451659,80.96547,0.5797334054834096,0.0345306396484375,Moderate,Moderate,Moderate,#FFFF00
2025-04-04 00:30:00,"Zoo Park, Hyderabad - TSPCB",89.0,89.19720238095236,88.89751,0.1972023809523619,0.1024932861328125,Moderate,Moderate,Moderate,#FFFF00
2025-04-04 01:30:00,"Zoo Park, Hyderabad - TSPCB",97.0,96.36076984126984,96.96188,0.6392301587301574,0.038116455078125,Moderate,Moderate,Moderate,#FFFF00
2025-04-04 02:30:00,"Zoo Park, Hyderabad - TSPCB",98.0,97.62562049062048,98.06348,0.3743795093795228,0.0634765625,Moderate,Moderate,Moderate,#FFFF00
2025-04-04 03:30:00,"Zoo Park, Hyderabad - TSPCB",101.0,101.12451190476187,100.92234,0.1245119047618743,0.0776596069335937,Poor,Poor,Poor,#FF7E00
2025-04-04 04:30:00,"Zoo Park, Hyderabad - TSPCB",104.0,103.4207142857143,104.04591,0.5792857142857031,0.0459136962890625,Poor,Poor,Poor,#FF7E00
2025-04-04 10:30:00,"Zoo Park, Hyderabad - TSPCB",80.0,80.81919047619046,80.15452,0.8191904761904567,0.1545181274414062,Moderate,Moderate,Moderate,#FFFF00
2025-04-04 11:30:00,"Zoo Park, Hyderabad - TSPCB",89.0,89.00514285714281,88.89101,0.0051428571428147,0.1089935302734375,Moderate,Moderate,Moderate,#FFFF00
2025-04-04 12:30:00,"Zoo Park, Hyderabad - TSPCB",92.0,91.14454545454544,91.81444,0.8554545454545632,0.1855621337890625,Moderate,Moderate,Moderate,#FFFF00
2025-04-04 13:30:00,"Zoo Park, Hyderabad - TSPCB",121.0,128.95102813852816,121.05481,7.951028138528159,0.0548095703125,Poor,Poor,Poor,#FF7E00
2025-04-04 14:30:00,"Zoo Park, Hyderabad - TSPCB",140.0,139.8398928571428,139.79543,0.1601071428571856,0.2045745849609375,Poor,Poor,Poor,#FF7E00
2025-04-04 15:30:00,"Zoo Park, Hyderabad - TSPCB",138.0,137.66676731601729,138.10957,0.3332326839827146,0.1095733642578125,Poor,Poor,Poor,#FF7E00
2025-04-04 16:30:00,"Zoo Park, Hyderabad - TSPCB",132.0,133.8315927128427,132.03403,1.8315927128427063,0.034027099609375,Poor,Poor,Poor,#FF7E00
2025-04-04 17:30:00,"Zoo Park, Hyderabad - TSPCB",115.0,112.7172748917749,114.829,2.282725108225094,0.1709976196289062,Poor,Poor,Poor,#FF7E00
2025-04-04 18:30:00,"Zoo Park, Hyderabad - TSPCB",112.0,110.8549101731602,111.97068,1.1450898268398078,0.0293197631835937,Poor,Poor,Poor,#FF7E00
2025-04-04 19:30:00,"Zoo Park, Hyderabad - TSPCB",112.0,108.6411904761905,111.83759,3.358809523809498,0.1624069213867187,Poor,Poor,Poor,#FF7E00
2025-04-04 20:30:00,"Zoo Park, Hyderabad - TSPCB",104.0,102.82452525252523,103.81914,1.175474747474766,0.1808624267578125,Poor,Poor,Poor,#FF7E00
2025-04-04 21:30:00,"Zoo Park, Hyderabad - TSPCB",86.0,85.03579761904759,86.11297,0.9642023809524148,0.1129684448242187,Moderate,Moderate,Moderate,#FFFF00
2025-04-04 22:30:00,"Zoo Park, Hyderabad - TSPCB",86.0,82.17233333333331,85.501915,3.827666666666687,0.4980850219726562,Moderate,Moderate,Moderate,#FFFF00
2025-04-04 23:30:00,"Zoo Park, Hyderabad - TSPCB",82.0,79.96786111111109,81.43212,2.032138888888909,0.5678787231445312,Moderate,Moderate,Moderate,#FFFF00
2025-04-05 00:30:00,"Zoo Park, Hyderabad - TSPCB",76.0,74.96496031746032,76.003426,1.0350396825396757,0.0034255981445312,Moderate,Moderate,Moderate,#FFFF00
2025-04-05 01:30:00,"Zoo Park, Hyderabad - TSPCB",78.0,79.32857359307361,78.77029,1.3285735930736138,0.7702865600585938,Moderate,Moderate,Moderate,#FFFF00
2025-04-05 02:30:00,"Zoo Park, Hyderabad - TSPCB",106.0,105.36695779220776,106.045204,0.6330422077922293,0.0452041625976562,Poor,Poor,Poor,#FF7E00
2025-04-05 03:30:00,"Zoo Park, Hyderabad - TSPCB",110.0,108.85455555555558,109.78917,1.145444444444422,0.2108306884765625,Poor,Poor,Poor,#FF7E00
2025-04-05 04:30:00,"Zoo Park, Hyderabad - TSPCB",500.0,500.0,499.90082,0.0,0.09918212890625,Severe,Severe,Severe,#8F3F97
2025-04-05 05:30:00,"Zoo Park, Hyderabad - TSPCB",103.0,101.95604761904757,102.77332,1.0439523809524331,0.2266769409179687,Poor,Poor,Poor,#FF7E00
2025-04-05 06:30:00,"Zoo Park, Hyderabad - TSPCB",104.0,103.72221825396824,104.228424,0.2777817460317635,0.228424072265625,Poor,Poor,Poor,#FF7E00
2025-04-05 07:30:00,"Zoo Park, Hyderabad - TSPCB",112.0,111.32828174603172,112.06777,0.6717182539682796,0.0677719116210937,Poor,Poor,Poor,#FF7E00
2025-04-05 08:30:00,"Zoo Park, Hyderabad - TSPCB",110.0,109.7949722222222,109.90517,0.2050277777778006,0.0948333740234375,Poor,Poor,Poor,#FF7E00
2025-04-05 09:30:00,"Zoo Park, Hyderabad - TSPCB",90.0,90.25877380952384,89.6195,0.2587738095238308,0.3805007934570312,Moderate,Moderate,Moderate,#FFFF00
2025-04-05 10:30:00,"Zoo Park, Hyderabad - TSPCB",90.0,88.88917857142856,90.25788,1.110821428571441,0.2578811645507812,Moderate,Moderate,Moderate,#FFFF00
2025-04-05 11:30:00,"Zoo Park, Hyderabad - TSPCB",109.0,105.05938095238098,108.9709,3.9406190476190233,0.0290985107421875,Poor,Poor,Poor,#FF7E00
2025-04-05 12:30:00,"Zoo Park, Hyderabad - TSPCB",136.0,132.82130952380953,135.99945,3.178690476190468,0.00054931640625,Poor,Poor,Poor,#FF7E00
2025-04-05 13:30:00,"Zoo Park, Hyderabad - TSPCB",162.0,162.00242857142857,162.03532,0.0024285714285667,0.0353240966796875,Poor,Poor,Poor,#FF7E00
2025-04-05 14:30:00,"Zoo Park, Hyderabad - TSPCB",169.0,169.1115952380952,169.04051,0.111595238095191,0.0405120849609375,Poor,Poor,Poor,#FF7E00
2025-04-05 15:30:00,"Zoo Park, Hyderabad - TSPCB",174.0,173.29538888888888,174.01572,0.7046111111111202,0.015716552734375,Poor,Poor,Poor,#FF7E00
2025-04-05 16:30:00,"Zoo Park, Hyderabad - TSPCB",164.0,163.97044047619048,164.10353,0.0295595238095245,0.1035308837890625,Poor,Poor,Poor,#FF7E00
2025-04-05 17:30:00,"Zoo Park, Hyderabad - TSPCB",160.0,160.23690476190478,160.08269,0.2369047619047819,0.0826873779296875,Poor,Poor,Poor,#FF7E00
2025-04-05 18:30:00,"Zoo Park, Hyderabad - TSPCB",148.0,140.314433982684,147.30203,7.685566017316006,0.697967529296875,Poor,Poor,Poor,#FF7E00
2025-04-05 19:30:00,"Zoo Park, Hyderabad - TSPCB",136.0,134.64144985569988,135.79044,1.3585501443001249,0.209564208984375,Poor,Poor,Poor,#FF7E00
2025-04-05 20:30:00,"Zoo Park, Hyderabad - TSPCB",98.0,98.19476984126986,98.269295,0.1947698412698599,0.2692947387695312,Moderate,Moderate,Moderate,#FFFF00
2025-04-05 21:30:00,"Zoo Park, Hyderabad - TSPCB",80.0,80.37843253968255,79.94028,0.3784325396825494,0.059722900390625,Moderate,Moderate,Moderate,#FFFF00
2025-04-05 22:30:00,"Zoo Park, Hyderabad - TSPCB",79.0,79.44041883116886,78.94598,0.4404188311688557,0.0540237426757812,Moderate,Moderate,Moderate,#FFFF00
2025-04-05 23:30:00,"Zoo Park, Hyderabad - TSPCB",80.0,80.20074422799424,80.00063,0.2007442279942353,0.0006332397460937,Moderate,Moderate,Moderate,#FFFF00
2025-04-06 00:30:00,"Zoo Park, Hyderabad - TSPCB",89.0,86.00327777777775,88.74907,2.996722222222246,0.2509307861328125,Moderate,Moderate,Moderate,#FFFF00
2025-04-06 01:30:00,"Zoo Park, Hyderabad - TSPCB",82.0,82.3778650793651,82.73319,0.3778650793650939,0.7331924438476562,Moderate,Moderate,Moderate,#FFFF00
2025-04-06 02:30:00,"Zoo Park, Hyderabad - TSPCB",76.0,76.46891666666669,76.103325,0.4689166666666864,0.1033248901367187,Moderate,Moderate,Moderate,#FFFF00
2025-04-06 03:30:00,"Zoo Park, Hyderabad - TSPCB",78.0,77.85552994227994,77.67204,0.1444700577200564,0.3279571533203125,Moderate,Moderate,Moderate,#FFFF00
2025-04-06 04:30:00,"Zoo Park, Hyderabad - TSPCB",75.0,75.35797835497836,74.71961,0.357978354978357,0.2803878784179687,Moderate,Moderate,Moderate,#FFFF00
2025-04-06 05:30:00,"Zoo Park, Hyderabad - TSPCB",72.0,72.2771904761905,71.79522,0.2771904761904977,0.2047805786132812,Moderate,Moderate,Moderate,#FFFF00
2025-04-06 06:30:00,"Zoo Park, Hyderabad - TSPCB",75.0,75.76469047619048,75.57411,0.7646904761904807,0.5741119384765625,Moderate,Moderate,Moderate,#FFFF00
2025-04-06 07:30:00,"Zoo Park, Hyderabad - TSPCB",90.0,89.82221248196247,89.84605,0.1777875180375332,0.1539535522460937,Moderate,Moderate,Moderate,#FFFF00
2025-04-06 08:30:00,"Zoo Park, Hyderabad - TSPCB",89.0,89.65729978354977,88.81067,0.6572997835497745,0.1893310546875,Moderate,Moderate,Moderate,#FFFF00
2025-04-06 09:30:00,"Zoo Park, Hyderabad - TSPCB",82.0,81.66065873015873,82.79074,0.3393412698412703,0.790740966796875,Moderate,Moderate,Moderate,#FFFF00
2025-04-06 10:30:00,"Zoo Park, Hyderabad - TSPCB",86.0,86.98471825396825,86.028175,0.9847182539682536,0.0281753540039062,Moderate,Moderate,Moderate,#FFFF00
2025-04-06 11:30:00,"Zoo Park, Hyderabad - TSPCB",106.0,105.1769761904762,105.86057,0.8230238095238036,0.1394271850585937,Poor,Poor,Poor,#FF7E00
2025-04-06 12:30:00,"Zoo Park, Hyderabad - TSPCB",114.0,113.71574314574316,114.17944,0.2842568542568386,0.179443359375,Poor,Poor,Poor,#FF7E00
2025-04-06 13:30:00,"Zoo Park, Hyderabad - TSPCB",121.0,123.5867067099567,120.92185,2.586706709956701,0.0781478881835937,Poor,Poor,Poor,#FF7E00
2025-04-06 14:30:00,"Zoo Park, Hyderabad - TSPCB",113.0,112.84658044733044,112.764565,0.153419552669547,0.2354354858398437,Poor,Poor,Poor,#FF7E00
2025-04-06 15:30:00,"Zoo Park, Hyderabad - TSPCB",96.0,98.05611904761903,96.68578,2.056119047619049,0.6857833862304688,Moderate,Moderate,Moderate,#FFFF00
2025-04-06 16:30:00,"Zoo Park, Hyderabad - TSPCB",500.0,500.0,499.85526,0.0,0.144744873046875,Severe,Severe,Severe,#8F3F97
2025-04-06 17:30:00,"Zoo Park, Hyderabad - TSPCB",500.0,500.0,499.86307,0.0,0.136932373046875,Severe,Severe,Severe,#8F3F97
2025-04-06 18:30:00,"Zoo Park, Hyderabad - TSPCB",500.0,500.0,499.9097,0.0,0.090301513671875,Severe,Severe,Severe,#8F3F97
2025-04-06 19:30:00,"Zoo Park, Hyderabad - TSPCB",500.0,500.0,499.92538,0.0,0.074615478515625,Severe,Severe,Severe,#8F3F97
2025-04-06 20:30:00,"Zoo Park, Hyderabad - TSPCB",101.0,99.66483730158728,101.10271,1.3351626984127165,0.1027069091796875,Poor,Moderate,Poor,#FF7E00
2025-04-06 21:30:00,"Zoo Park, Hyderabad - TSPCB",80.0,81.2680119047619,80.30201,1.2680119047619058,0.3020095825195312,Moderate,Moderate,Moderate,#FFFF00
2025-04-06 22:30:00,"Zoo Park, Hyderabad - TSPCB",77.0,78.05928787878788,77.16651,1.0592878787878846,0.1665115356445312,Moderate,Moderate,Moderate,#FFFF00
2025-04-06 23:30:00,"Zoo Park, Hyderabad - TSPCB",79.0,79.11419660894663,78.792076,0.1141966089466279,0.2079238891601562,Moderate,Moderate,Moderate,#FFFF00
2025-04-07 00:30:00,"Zoo Park, Hyderabad - TSPCB",101.0,98.21350144300143,100.65741,2.786498556998552,0.34259033203125,Poor,Moderate,Poor,#FF7E00
2025-04-07 01:30:00,"Zoo Park, Hyderabad - TSPCB",109.0,105.22034126984128,108.95263,3.7796587301587294,0.0473709106445312,Poor,Poor,Poor,#FF7E00
2025-04-07 02:30:00,"Zoo Park, Hyderabad - TSPCB",124.0,124.13945670995672,124.123,0.1394567099567183,0.1230010986328125,Poor,Poor,Poor,#FF7E00
2025-04-07 03:30:00,"Zoo Park, Hyderabad - TSPCB",137.0,137.3972023809524,137.01143,0.3972023809523932,0.0114288330078125,Poor,Poor,Poor,#FF7E00
2025-04-07 04:30:00,"Zoo Park, Hyderabad - TSPCB",133.0,132.3551111111111,132.95175,0.644888888888886,0.048248291015625,Poor,Poor,Poor,#FF7E00
2025-04-07 05:30:00,"Zoo Park, Hyderabad - TSPCB",137.0,137.39778571428573,137.11957,0.3977857142857317,0.11956787109375,Poor,Poor,Poor,#FF7E00
2025-04-07 06:30:00,"Zoo Park, Hyderabad - TSPCB",125.0,125.42681746031744,125.03343,0.4268174603174515,0.0334320068359375,Poor,Poor,Poor,#FF7E00
2025-04-07 07:30:00,"Zoo Park, Hyderabad - TSPCB",95.0,95.8610515873016,94.81316,0.8610515873016027,0.1868362426757812,Moderate,Moderate,Moderate,#FFFF00
2025-04-07 08:30:00,"Zoo Park, Hyderabad - TSPCB",96.0,94.51707936507935,95.786285,1.482920634920646,0.213714599609375,Moderate,Moderate,Moderate,#FFFF00
2025-04-07 09:30:00,"Zoo Park, Hyderabad - TSPCB",103.0,102.4140753968254,103.23212,0.5859246031746039,0.23211669921875,Poor,Poor,Poor,#FF7E00
2025-04-07 10:30:00,"Zoo Park, Hyderabad - TSPCB",93.0,91.8024440836941,92.72384,1.1975559163059015,0.2761611938476562,Moderate,Moderate,Moderate,#FFFF00
2025-04-07 11:30:00,"Zoo Park, Hyderabad - TSPCB",88.0,89.3922536075036,88.66761,1.392253607503605,0.6676101684570312,Moderate,Moderate,Moderate,#FFFF00
2025-04-07 12:30:00,"Zoo Park, Hyderabad - TSPCB",500.0,500.0,499.89258,0.0,0.107421875,Severe,Severe,Severe,#8F3F97
2025-04-07 13:30:00,"Zoo Park, Hyderabad - TSPCB",132.0,131.38394083694084,132.16934,0.6160591630591625,0.169342041015625,Poor,Poor,Poor,#FF7E00
2025-04-07 14:30:00,"Zoo Park, Hyderabad - TSPCB",150.0,150.47052380952385,149.95358,0.4705238095238258,0.046417236328125,Poor,Poor,Poor,#FF7E00
2025-04-07 15:30:00,"Zoo Park, Hyderabad - TSPCB",151.0,145.4400952380953,150.73657,5.559904761904704,0.263427734375,Poor,Poor,Poor,#FF7E00
2025-04-07 16:30:00,"Zoo Park, Hyderabad - TSPCB",152.0,152.3479365079365,152.1507,0.3479365079365095,0.15069580078125,Poor,Poor,Poor,#FF7E00
2025-04-07 17:30:00,"Zoo Park, Hyderabad - TSPCB",152.0,152.40936507936507,152.10591,0.4093650793650738,0.1059112548828125,Poor,Poor,Poor,#FF7E00
2025-04-07 18:30:00,"Zoo Park, Hyderabad - TSPCB",142.0,141.72761507936508,142.0491,0.27238492063492,0.049102783203125,Poor,Poor,Poor,#FF7E00
2025-04-07 19:30:00,"Zoo Park, Hyderabad - TSPCB",111.0,109.21625,110.7611,1.783750000000012,0.2388992309570312,Poor,Poor,Poor,#FF7E00
2025-04-07 20:30:00,"Zoo Park, Hyderabad - TSPCB",101.0,100.99695634920636,100.84513,0.0030436507936286,0.1548690795898437,Poor,Poor,Poor,#FF7E00
2025-04-07 21:30:00,"Zoo Park, Hyderabad - TSPCB",90.0,89.71074783549783,89.925606,0.289252164502173,0.0743942260742187,Moderate,Moderate,Moderate,#FFFF00
2025-04-07 22:30:00,"Zoo Park, Hyderabad - TSPCB",85.0,85.90897768897771,85.22048,0.908977688977714,0.2204818725585937,Moderate,Moderate,Moderate,#FFFF00
2025-04-07 23:30:00,"Zoo Park, Hyderabad - TSPCB",81.0,82.07252380952382,80.906975,1.0725238095238154,0.0930252075195312,Moderate,Moderate,Moderate,#FFFF00
2025-04-08 00:30:00,"Zoo Park, Hyderabad - TSPCB",90.0,89.84113816738817,89.79243,0.1588618326118336,0.2075729370117187,Moderate,Moderate,Moderate,#FFFF00
2025-04-08 01:30:00,"Zoo Park, Hyderabad - TSPCB",114.0,110.5942316017316,114.02523,3.4057683982683926,0.0252304077148437,Poor,Poor,Poor,#FF7E00
2025-04-08 02:30:00,"Zoo Park, Hyderabad - TSPCB",131.0,132.66895634920633,130.89508,1.6689563492063255,0.10491943359375,Poor,Poor,Poor,#FF7E00
2025-04-08 03:30:00,"Zoo Park, Hyderabad - TSPCB",118.0,114.90251984126982,118.110275,3.0974801587301783,0.1102752685546875,Poor,Poor,Poor,#FF7E00
2025-04-08 04:30:00,"Zoo Park, Hyderabad - TSPCB",120.0,115.9018531746032,120.114655,4.09814682539681,0.114654541015625,Poor,Poor,Poor,#FF7E00
2025-04-08 05:30:00,"Zoo Park, Hyderabad - TSPCB",103.0,101.41646392496394,102.90599,1.583536075036065,0.0940093994140625,Poor,Poor,Poor,#FF7E00
2025-04-08 06:30:00,"Zoo Park, Hyderabad - TSPCB",84.0,85.29298959373959,83.7555,1.2929895937395912,0.2444992065429687,Moderate,Moderate,Moderate,#FFFF00
2025-04-08 07:30:00,"Zoo Park, Hyderabad - TSPCB",75.0,76.09833333333334,75.27231,1.0983333333333434,0.272308349609375,Moderate,Moderate,Moderate,#FFFF00
2025-04-08 08:30:00,"Zoo Park, Hyderabad - TSPCB",91.0,90.91350396825396,90.8796,0.0864960317460514,0.1203994750976562,Moderate,Moderate,Moderate,#FFFF00
2025-04-08 09:30:00,"Zoo Park, Hyderabad - TSPCB",92.0,92.60831277056278,91.90466,0.608312770562776,0.0953369140625,Moderate,Moderate,Moderate,#FFFF00
2025-04-08 10:30:00,"Zoo Park, Hyderabad - TSPCB",100.0,101.0568214285714,100.305244,1.0568214285713964,0.3052444458007812,Moderate,Poor,Poor,#FFFF00
2025-04-08 11:30:00,"Zoo Park, Hyderabad - TSPCB",112.0,112.37171031746033,112.18197,0.3717103174603124,0.1819686889648437,Poor,Poor,Poor,#FF7E00
2025-04-08 12:30:00,"Zoo Park, Hyderabad - TSPCB",124.0,121.46985353535358,124.308044,2.530146464646421,0.30804443359375,Poor,Poor,Poor,#FF7E00
2025-04-08 13:30:00,"Zoo Park, Hyderabad - TSPCB",136.0,136.57812085137087,135.90227,0.5781208513708691,0.0977325439453125,Poor,Poor,Poor,#FF7E00
2025-04-08 14:30:00,"Zoo Park, Hyderabad - TSPCB",147.0,147.6177738095238,146.95955,0.6177738095238112,0.0404510498046875,Poor,Poor,Poor,#FF7E00
2025-04-08 15:30:00,"Zoo Park, Hyderabad - TSPCB",140.0,138.38177380952385,139.93692,1.6182261904761504,0.063079833984375,Poor,Poor,Poor,#FF7E00
2025-04-08 16:30:00,"Zoo Park, Hyderabad - TSPCB",135.0,132.8072233044733,134.96515,2.192776695526703,0.03485107421875,Poor,Poor,Poor,#FF7E00
2025-04-11 13:30:00,"Zoo Park, Hyderabad - TSPCB",18.0,81.87119011544011,18.77919,63.87119011544012,0.7791900634765625,Good,Moderate,Good,#00E400
2025-04-11 14:30:00,"Zoo Park, Hyderabad - TSPCB",180.0,181.2942380952381,179.98589,1.2942380952381145,0.0141143798828125,Poor,Poor,Poor,#FF7E00
2025-04-11 15:30:00,"Zoo Park, Hyderabad - TSPCB",183.0,183.09872619047616,182.97993,0.0987261904761567,0.0200653076171875,Poor,Poor,Poor,#FF7E00
2025-04-11 16:30:00,"Zoo Park, Hyderabad - TSPCB",164.0,163.92377380952385,164.0359,0.0762261904761487,0.0359039306640625,Poor,Poor,Poor,#FF7E00
2025-04-11 17:30:00,"Zoo Park, Hyderabad - TSPCB",120.0,118.87138028638026,119.83169,1.1286197136197416,0.1683120727539062,Poor,Poor,Poor,#FF7E00
2025-04-11 18:30:00,"Zoo Park, Hyderabad - TSPCB",88.0,92.9101666666667,88.39985,4.910166666666697,0.3998489379882812,Moderate,Moderate,Moderate,#FFFF00
2025-04-11 19:30:00,"Zoo Park, Hyderabad - TSPCB",97.0,98.74625,97.10191,1.7462500000000034,0.1019134521484375,Moderate,Moderate,Moderate,#FFFF00
2025-04-11 20:30:00,"Zoo Park, Hyderabad - TSPCB",111.0,108.70358766233764,110.91882,2.296412337662374,0.0811767578125,Poor,Poor,Poor,#FF7E00
2025-04-11 21:30:00,"Zoo Park, Hyderabad - TSPCB",101.0,101.0832976190476,101.057884,0.0832976190476131,0.0578842163085937,Poor,Poor,Poor,#FF7E00
2025-04-11 22:30:00,"Zoo Park, Hyderabad - TSPCB",104.0,102.7689917582418,103.80992,1.2310082417581896,0.1900787353515625,Poor,Poor,Poor,#FF7E00
2025-04-11 23:30:00,"Zoo Park, Hyderabad - TSPCB",78.0,80.33466017316019,78.17598,2.334660173160188,0.1759796142578125,Moderate,Moderate,Moderate,#FFFF00
2025-04-12 00:30:00,"Zoo Park, Hyderabad - TSPCB",63.0,72.78499603174602,63.432396,9.78499603174602,0.4323959350585937,Moderate,Moderate,Moderate,#FFFF00
2025-04-12 01:30:00,"Zoo Park, Hyderabad - TSPCB",72.0,73.29540873015871,71.922165,1.2954087301587125,0.0778350830078125,Moderate,Moderate,Moderate,#FFFF00
2025-04-12 02:30:00,"Zoo Park, Hyderabad - TSPCB",68.0,68.5830992063492,67.829124,0.5830992063492033,0.1708755493164062,Moderate,Moderate,Moderate,#FFFF00
2025-04-12 03:30:00,"Zoo Park, Hyderabad - TSPCB",61.0,63.936650793650806,61.107983,2.9366507936508057,0.1079826354980468,Moderate,Moderate,Moderate,#FFFF00
2025-04-12 04:30:00,"Zoo Park, Hyderabad - TSPCB",71.0,69.08818253968256,70.99143,1.9118174603174367,0.0085678100585937,Moderate,Moderate,Moderate,#FFFF00
2025-04-12 11:30:00,"Zoo Park, Hyderabad - TSPCB",58.0,59.961873015873024,57.98495,1.9618730158730244,0.0150489807128906,Moderate,Moderate,Moderate,#FFFF00
2025-04-12 12:30:00,"Zoo Park, Hyderabad - TSPCB",60.0,60.827067460317465,60.071243,0.8270674603174655,0.0712432861328125,Moderate,Moderate,Moderate,#FFFF00
2025-04-12 13:30:00,"Zoo Park, Hyderabad - TSPCB",71.0,68.92462301587304,70.779495,2.0753769841269616,0.2205047607421875,Moderate,Moderate,Moderate,#FFFF00
2025-04-12 14:30:00,"Zoo Park, Hyderabad - TSPCB",500.0,492.08,499.89117,7.920000000000016,0.10882568359375,Severe,Severe,Severe,#8F3F97
2025-04-12 15:30:00,"Zoo Park, Hyderabad - TSPCB",142.0,141.8573174603175,142.02187,0.1426825396825108,0.0218658447265625,Poor,Poor,Poor,#FF7E00
2025-04-12 16:30:00,"Zoo Park, Hyderabad - TSPCB",140.0,146.20419841269845,140.071,6.204198412698446,0.0709991455078125,Poor,Poor,Poor,#FF7E00
2025-04-12 17:30:00,"Zoo Park, Hyderabad - TSPCB",158.0,160.1328398268398,158.00989,2.132839826839813,0.0098876953125,Poor,Poor,Poor,#FF7E00
2025-04-12 18:30:00,"Zoo Park, Hyderabad - TSPCB",173.0,173.14369841269843,173.00511,0.1436984126984271,0.0051116943359375,Poor,Poor,Poor,#FF7E00
2025-04-12 19:30:00,"Zoo Park, Hyderabad - TSPCB",157.0,156.80726839826838,157.00737,0.1927316017316229,0.0073699951171875,Poor,Poor,Poor,#FF7E00
2025-04-12 20:30:00,"Zoo Park, Hyderabad - TSPCB",142.0,141.90446464646465,141.99826,0.0955353535353538,0.001739501953125,Poor,Poor,Poor,#FF7E00
2025-04-12 21:30:00,"Zoo Park, Hyderabad - TSPCB",140.0,140.5676194083694,140.07675,0.5676194083694099,0.076751708984375,Poor,Poor,Poor,#FF7E00
2025-04-12 22:30:00,"Zoo Park, Hyderabad - TSPCB",162.0,162.03926190476187,161.94373,0.0392619047618723,0.0562744140625,Poor,Poor,Poor,#FF7E00
2025-04-12 23:30:00,"Zoo Park, Hyderabad - TSPCB",183.0,183.13872619047612,182.94669,0.1387261904761487,0.053314208984375,Poor,Poor,Poor,#FF7E00
2025-04-13 00:30:00,"Zoo Park, Hyderabad - TSPCB",169.0,169.4543571428571,169.01736,0.4543571428571056,0.017364501953125,Poor,Poor,Poor,#FF7E00
2025-04-13 01:30:00,"Zoo Park, Hyderabad - TSPCB",163.0,163.180880952381,163.09428,0.1808809523809884,0.0942840576171875,Poor,Poor,Poor,#FF7E00
2025-04-13 02:30:00,"Zoo Park, Hyderabad - TSPCB",150.0,151.50552056277058,150.1253,1.5055205627705843,0.12530517578125,Poor,Poor,Poor,#FF7E00
2025-04-13 03:30:00,"Zoo Park, Hyderabad - TSPCB",111.0,110.44154761904764,110.597206,0.5584523809523603,0.4027938842773437,Poor,Poor,Poor,#FF7E00
2025-04-13 04:30:00,"Zoo Park, Hyderabad - TSPCB",96.0,96.8475974025974,96.288376,0.8475974025974011,0.2883758544921875,Moderate,Moderate,Moderate,#FFFF00
2025-04-13 05:30:00,"Zoo Park, Hyderabad - TSPCB",97.0,98.10808549783548,97.12673,1.1080854978354893,0.1267318725585937,Moderate,Moderate,Moderate,#FFFF00
2025-04-13 06:30:00,"Zoo Park, Hyderabad - TSPCB",100.0,97.29678571428572,99.57628,2.7032142857142816,0.4237213134765625,Moderate,Moderate,Moderate,#FFFF00
2025-04-13 07:30:00,"Zoo Park, Hyderabad - TSPCB",89.0,92.3024285714286,88.91229,3.3024285714285924,0.08770751953125,Moderate,Moderate,Moderate,#FFFF00
2025-04-13 08:30:00,"Zoo Park, Hyderabad - TSPCB",73.0,76.462329004329,73.20091,3.462329004329007,0.2009124755859375,Moderate,Moderate,Moderate,#FFFF00
2025-04-13 09:30:00,"Zoo Park, Hyderabad - TSPCB",68.0,70.85167063492062,68.66416,2.851670634920623,0.6641616821289062,Moderate,Moderate,Moderate,#FFFF00
2025-04-13 10:30:00,"Zoo Park, Hyderabad - TSPCB",105.0,99.99037332112331,104.9966,5.009626678876685,0.0034027099609375,Poor,Moderate,Poor,#FF7E00
2025-04-13 11:30:00,"Zoo Park, Hyderabad - TSPCB",79.0,83.5521764069264,78.99766,4.552176406926407,0.0023422241210937,Moderate,Moderate,Moderate,#FFFF00
2025-04-13 12:30:00,"Zoo Park, Hyderabad - TSPCB",88.0,86.31973953823952,87.47665,1.6802604617604828,0.5233535766601562,Moderate,Moderate,Moderate,#FFFF00
2025-04-13 13:30:00,"Zoo Park, Hyderabad - TSPCB",95.0,97.09416486291488,94.979294,2.09416486291488,0.0207061767578125,Moderate,Moderate,Moderate,#FFFF00
2025-04-13 14:30:00,"Zoo Park, Hyderabad - TSPCB",132.0,131.57763023088023,132.02768,0.4223697691197685,0.027679443359375,Poor,Poor,Poor,#FF7E00
2025-04-13 15:30:00,"Zoo Park, Hyderabad - TSPCB",106.0,105.31489069264072,105.83576,0.6851093073592835,0.1642379760742187,Poor,Poor,Poor,#FF7E00
2025-04-13 16:30:00,"Zoo Park, Hyderabad - TSPCB",94.0,96.44858549783548,94.207344,2.448585497835481,0.2073440551757812,Moderate,Moderate,Moderate,#FFFF00
2025-04-13 17:30:00,"Zoo Park, Hyderabad - TSPCB",89.0,91.34155952380954,88.9089,2.3415595238095364,0.0911026000976562,Moderate,Moderate,Moderate,#FFFF00
2025-04-13 18:30:00,"Zoo Park, Hyderabad - TSPCB",68.0,73.90611904761903,68.279205,5.906119047619029,0.279205322265625,Moderate,Moderate,Moderate,#FFFF00
2025-04-13 19:30:00,"Zoo Park, Hyderabad - TSPCB",66.0,69.79483730158728,66.07585,3.794837301587279,0.0758514404296875,Moderate,Moderate,Moderate,#FFFF00
2025-04-13 20:30:00,"Zoo Park, Hyderabad - TSPCB",76.0,73.94388095238094,75.804825,2.056119047619063,0.1951751708984375,Moderate,Moderate,Moderate,#FFFF00
2025-04-13 21:30:00,"Zoo Park, Hyderabad - TSPCB",58.0,60.99988095238096,58.058285,2.9998809523809555,0.0582847595214843,Moderate,Moderate,Moderate,#FFFF00
2025-04-13 22:30:00,"Zoo Park, Hyderabad - TSPCB",58.0,59.03864682539681,58.058537,1.0386468253968104,0.0585365295410156,Moderate,Moderate,Moderate,#FFFF00
2025-04-13 23:30:00,"Zoo Park, Hyderabad - TSPCB",58.0,58.95568253968254,58.180195,0.9556825396825416,0.1801948547363281,Moderate,Moderate,Moderate,#FFFF00
2025-04-14 00:30:00,"Zoo Park, Hyderabad - TSPCB",60.0,60.58903174603175,60.11529,0.5890317460317505,0.1152915954589843,Moderate,Moderate,Moderate,#FFFF00
2025-04-14 01:30:00,"Zoo Park, Hyderabad - TSPCB",64.0,63.40790079365082,63.980755,0.5920992063491823,0.0192451477050781,Moderate,Moderate,Moderate,#FFFF00
2025-04-14 02:30:00,"Zoo Park, Hyderabad - TSPCB",64.0,64.69344841269843,63.970345,0.6934484126984302,0.0296554565429687,Moderate,Moderate,Moderate,#FFFF00
2025-04-14 03:30:00,"Zoo Park, Hyderabad - TSPCB",66.0,66.55907142857143,66.0293,0.5590714285714284,0.029296875,Moderate,Moderate,Moderate,#FFFF00
2025-04-14 04:30:00,"Zoo Park, Hyderabad - TSPCB",127.0,114.10741300366304,126.92325,12.89258699633696,0.076751708984375,Poor,Poor,Poor,#FF7E00
2025-04-14 05:30:00,"Zoo Park, Hyderabad - TSPCB",113.0,111.02891697191696,113.02053,1.9710830280830292,0.0205307006835937,Poor,Poor,Poor,#FF7E00
2025-04-14 06:30:00,"Zoo Park, Hyderabad - TSPCB",78.0,83.98475396825397,78.3542,5.984753968253969,0.3542022705078125,Moderate,Moderate,Moderate,#FFFF00
2025-04-14 21:30:00,"Zoo Park, Hyderabad - TSPCB",118.0,115.71978571428576,117.8933,2.2802142857142518,0.1066970825195312,Poor,Poor,Poor,#FF7E00
2025-04-14 22:30:00,"Zoo Park, Hyderabad - TSPCB",118.0,115.26399206349208,117.68587,2.7360079365079173,0.3141326904296875,Poor,Poor,Poor,#FF7E00
2025-04-14 23:30:00,"Zoo Park, Hyderabad - TSPCB",95.0,106.28479761904762,95.362976,11.284797619047623,0.36297607421875,Moderate,Poor,Moderate,#FFFF00
2025-04-15 00:30:00,"Zoo Park, Hyderabad - TSPCB",76.0,84.53559523809525,76.19151,8.535595238095254,0.1915130615234375,Moderate,Moderate,Moderate,#FFFF00
2025-04-15 01:30:00,"Zoo Park, Hyderabad - TSPCB",500.0,500.0,499.91397,0.0,0.086029052734375,Severe,Severe,Severe,#8F3F97
2025-04-15 02:30:00,"Zoo Park, Hyderabad - TSPCB",117.0,117.73568223443225,117.00841,0.7356822344322467,0.0084075927734375,Poor,Poor,Poor,#FF7E00
2025-04-15 03:30:00,"Zoo Park, Hyderabad - TSPCB",124.0,118.0714520757021,123.96421,5.928547924297902,0.0357894897460937,Poor,Poor,Poor,#FF7E00
2025-04-15 04:30:00,"Zoo Park, Hyderabad - TSPCB",82.0,96.86944413919414,83.15261,14.869444139194144,1.1526107788085938,Moderate,Moderate,Moderate,#FFFF00
2025-04-15 05:30:00,"Zoo Park, Hyderabad - TSPCB",87.0,80.13259126984126,86.75871,6.867408730158743,0.2412872314453125,Moderate,Moderate,Moderate,#FFFF00
2025-04-15 06:30:00,"Zoo Park, Hyderabad - TSPCB",70.0,72.63667063492066,70.339645,2.6366706349206623,0.3396453857421875,Moderate,Moderate,Moderate,#FFFF00
2025-04-15 07:30:00,"Zoo Park, Hyderabad - TSPCB",81.0,79.22035714285713,80.660095,1.7796428571428748,0.33990478515625,Moderate,Moderate,Moderate,#FFFF00
2025-04-15 08:30:00,"Zoo Park, Hyderabad - TSPCB",79.0,77.79926190476189,78.75562,1.2007380952381084,0.2443771362304687,Moderate,Moderate,Moderate,#FFFF00
2025-04-15 09:30:00,"Zoo Park, Hyderabad - TSPCB",74.0,75.65080952380953,74.13771,1.650809523809528,0.1377105712890625,Moderate,Moderate,Moderate,#FFFF00
2025-04-15 10:30:00,"Zoo Park, Hyderabad - TSPCB",65.0,68.31161904761902,64.89806,3.3116190476190184,0.1019363403320312,Moderate,Moderate,Moderate,#FFFF00
2025-04-15 11:30:00,"Zoo Park, Hyderabad - TSPCB",60.0,62.41236111111114,60.526844,2.4123611111111387,0.5268440246582031,Moderate,Moderate,Moderate,#FFFF00
2025-04-15 12:30:00,"Zoo Park, Hyderabad - TSPCB",63.0,62.85409523809526,62.73886,0.1459047619047382,0.261138916015625,Moderate,Moderate,Moderate,#FFFF00
2025-04-16 03:30:00,"Zoo Park, Hyderabad - TSPCB",79.0,76.12120238095241,79.14948,2.878797619047589,0.1494827270507812,Moderate,Moderate,Moderate,#FFFF00
2025-04-16 04:30:00,"Zoo Park, Hyderabad - TSPCB",500.0,500.0,499.89044,0.0,0.10955810546875,Severe,Severe,Severe,#8F3F97
2025-04-16 05:30:00,"Zoo Park, Hyderabad - TSPCB",98.0,99.91326190476192,98.07888,1.9132619047619104,0.0788803100585937,Moderate,Moderate,Moderate,#FFFF00
2025-04-16 06:30:00,"Zoo Park, Hyderabad - TSPCB",94.0,94.03496428571432,93.90614,0.0349642857143095,0.0938568115234375,Moderate,Moderate,Moderate,#FFFF00
2025-04-16 07:30:00,"Zoo Park, Hyderabad - TSPCB",86.0,85.6700476190476,85.79827,0.3299523809524061,0.2017288208007812,Moderate,Moderate,Moderate,#FFFF00
2025-04-16 08:30:00,"Zoo Park, Hyderabad - TSPCB",78.0,78.17100396825396,78.00511,0.1710039682539559,0.0051116943359375,Moderate,Moderate,Moderate,#FFFF00
2025-04-16 09:30:00,"Zoo Park, Hyderabad - TSPCB",87.0,87.15891666666664,86.841644,0.1589166666666415,0.158355712890625,Moderate,Moderate,Moderate,#FFFF00
2025-04-16 10:30:00,"Zoo Park, Hyderabad - TSPCB",100.0,99.27503968253968,99.70721,0.7249603174603294,0.2927932739257812,Moderate,Moderate,Moderate,#FFFF00
2025-04-16 11:30:00,"Zoo Park, Hyderabad - TSPCB",97.0,96.66751190476192,96.764595,0.3324880952380908,0.2354049682617187,Moderate,Moderate,Moderate,#FFFF00
2025-04-16 12:30:00,"Zoo Park, Hyderabad - TSPCB",84.0,84.82627380952383,84.55501,0.8262738095238262,0.5550079345703125,Moderate,Moderate,Moderate,#FFFF00
2025-04-16 13:30:00,"Zoo Park, Hyderabad - TSPCB",79.0,79.11811904761906,78.977036,0.1181190476190607,0.0229644775390625,Moderate,Moderate,Moderate,#FFFF00
2025-04-16 14:30:00,"Zoo Park, Hyderabad - TSPCB",80.0,79.86984523809524,79.58296,0.1301547619047625,0.4170379638671875,Moderate,Moderate,Moderate,#FFFF00
2025-04-16 17:30:00,"Zoo Park, Hyderabad - TSPCB",500.0,500.0,499.9051,0.0,0.09490966796875,Severe,Severe,Severe,#8F3F97
2025-04-16 18:30:00,"Zoo Park, Hyderabad - TSPCB",95.0,94.31474603174608,95.17493,0.6852539682539316,0.1749267578125,Moderate,Moderate,Moderate,#FFFF00
2025-04-16 19:30:00,"Zoo Park, Hyderabad - TSPCB",81.0,81.7225046897547,80.43736,0.7225046897547003,0.5626373291015625,Moderate,Moderate,Moderate,#FFFF00
2025-04-16 20:30:00,"Zoo Park, Hyderabad - TSPCB",63.0,64.36530122655122,63.719566,1.3653012265512243,0.7195663452148438,Moderate,Moderate,Moderate,#FFFF00
2025-04-16 21:30:00,"Zoo Park, Hyderabad - TSPCB",62.0,62.13889754689753,62.07406,0.1388975468975317,0.0740585327148437,Moderate,Moderate,Moderate,#FFFF00
2025-04-16 22:30:00,"Zoo Park, Hyderabad - TSPCB",60.0,60.43337301587301,60.179825,0.4333730158730091,0.1798248291015625,Moderate,Moderate,Moderate,#FFFF00
2025-04-16 23:30:00,"Zoo Park, Hyderabad - TSPCB",62.0,61.32464285714284,61.685562,0.675357142857159,0.3144378662109375,Moderate,Moderate,Moderate,#FFFF00
2025-04-17 00:30:00,"Zoo Park, Hyderabad - TSPCB",62.0,61.57084126984128,61.94117,0.4291587301587256,0.0588302612304687,Moderate,Moderate,Moderate,#FFFF00
2025-04-17 01:30:00,"Zoo Park, Hyderabad - TSPCB",70.0,69.85884523809526,69.90528,0.1411547619047439,0.0947189331054687,Moderate,Moderate,Moderate,#FFFF00
2025-04-17 02:30:00,"Zoo Park, Hyderabad - TSPCB",70.0,70.58044444444445,69.887856,0.5804444444444528,0.1121444702148437,Moderate,Moderate,Moderate,#FFFF00
2025-04-17 03:30:00,"Zoo Park, Hyderabad - TSPCB",500.0,498.135,499.89178,1.865000000000009,0.10821533203125,Severe,Severe,Severe,#8F3F97
2025-04-17 04:30:00,"Zoo Park, Hyderabad - TSPCB",77.0,77.51182142857142,77.45925,0.5118214285714231,0.4592514038085937,Moderate,Moderate,Moderate,#FFFF00
2025-04-17 05:30:00,"Zoo Park, Hyderabad - TSPCB",84.0,85.44653968253968,85.13941,1.4465396825396797,1.1394119262695312,Moderate,Moderate,Moderate,#FFFF00
2025-04-17 06:30:00,"Zoo Park, Hyderabad - TSPCB",85.0,85.44248809523808,84.63972,0.4424880952380761,0.3602828979492187,Moderate,Moderate,Moderate,#FFFF00
2025-04-17 07:30:00,"Zoo Park, Hyderabad - TSPCB",78.0,77.72651984126983,78.066086,0.273480158730166,0.0660858154296875,Moderate,Moderate,Moderate,#FFFF00
2025-04-17 08:30:00,"Zoo Park, Hyderabad - TSPCB",70.0,69.52598809523808,70.602264,0.4740119047619231,0.602264404296875,Moderate,Moderate,Moderate,#FFFF00
2025-04-17 09:30:00,"Zoo Park, Hyderabad - TSPCB",80.0,80.13975865800866,79.60842,0.1397586580086596,0.3915786743164062,Moderate,Moderate,Moderate,#FFFF00
2025-04-17 10:30:00,"Zoo Park, Hyderabad - TSPCB",82.0,81.76534523809524,81.23908,0.2346547619047641,0.7609176635742188,Moderate,Moderate,Moderate,#FFFF00
2025-04-17 11:30:00,"Zoo Park, Hyderabad - TSPCB",83.0,83.50563095238095,83.90874,0.5056309523809546,0.9087371826171876,Moderate,Moderate,Moderate,#FFFF00
2025-04-17 12:30:00,"Zoo Park, Hyderabad - TSPCB",500.0,500.0,499.86365,0.0,0.1363525390625,Severe,Severe,Severe,#8F3F97
2025-04-17 13:30:00,"Zoo Park, Hyderabad - TSPCB",86.0,87.02283333333332,86.58994,1.022833333333324,0.5899429321289062,Moderate,Moderate,Moderate,#FFFF00
2025-04-17 14:30:00,"Zoo Park, Hyderabad - TSPCB",82.0,81.31542135642135,81.68856,0.6845786435786465,0.3114395141601562,Moderate,Moderate,Moderate,#FFFF00
2025-04-17 15:30:00,"Zoo Park, Hyderabad - TSPCB",104.0,102.9575952380952,103.786804,1.0424047619048054,0.21319580078125,Poor,Poor,Poor,#FF7E00
2025-04-17 16:30:00,"Zoo Park, Hyderabad - TSPCB",152.0,151.66526659451657,151.93617,0.3347334054834334,0.0638275146484375,Poor,Poor,Poor,#FF7E00
2025-04-17 17:30:00,"Zoo Park, Hyderabad - TSPCB",165.0,164.22921428571425,165.0064,0.7707857142857506,0.0063934326171875,Poor,Poor,Poor,#FF7E00
2025-04-17 18:30:00,"Zoo Park, Hyderabad - TSPCB",135.0,135.35911111111108,135.07262,0.3591111111110763,0.0726165771484375,Poor,Poor,Poor,#FF7E00
2025-04-17 19:30:00,"Zoo Park, Hyderabad - TSPCB",120.0,119.3315313852814,119.723015,0.6684686147186056,0.2769851684570312,Poor,Poor,Poor,#FF7E00
2025-04-17 20:30:00,"Zoo Park, Hyderabad - TSPCB",110.0,110.22097619047618,109.81541,0.2209761904761791,0.1845932006835937,Poor,Poor,Poor,#FF7E00
2025-04-17 21:30:00,"Zoo Park, Hyderabad - TSPCB",500.0,500.0,499.92627,0.0,0.07373046875,Severe,Severe,Severe,#8F3F97
2025-04-17 22:30:00,"Zoo Park, Hyderabad - TSPCB",89.0,89.74901587301586,89.23222,0.749015873015864,0.2322235107421875,Moderate,Moderate,Moderate,#FFFF00
2025-04-17 23:30:00,"Zoo Park, Hyderabad - TSPCB",92.0,94.96637698412697,92.121994,2.9663769841269527,0.1219940185546875,Moderate,Moderate,Moderate,#FFFF00
2025-04-18 01:30:00,"Zoo Park, Hyderabad - TSPCB",94.0,94.08535317460318,94.093185,0.0853531746031848,0.0931854248046875,Moderate,Moderate,Moderate,#FFFF00
2025-04-18 02:30:00,"Zoo Park, Hyderabad - TSPCB",98.0,98.62017857142855,98.07635,0.6201785714285677,0.0763473510742187,Moderate,Moderate,Moderate,#FFFF00
2025-04-18 03:30:00,"Zoo Park, Hyderabad - TSPCB",96.0,96.04535858585858,95.91694,0.0453585858585796,0.0830612182617187,Moderate,Moderate,Moderate,#FFFF00
2025-04-18 04:30:00,"Zoo Park, Hyderabad - TSPCB",100.0,100.06698953823953,100.1233,0.0669895382395253,0.1232986450195312,Moderate,Poor,Poor,#FFFF00
2025-04-18 05:30:00,"Zoo Park, Hyderabad - TSPCB",99.0,99.1067222222222,98.90503,0.1067222222222028,0.094970703125,Moderate,Moderate,Moderate,#FFFF00
2025-04-18 06:30:00,"Zoo Park, Hyderabad - TSPCB",97.0,97.35038492063492,97.50923,0.3503849206349088,0.5092315673828125,Moderate,Moderate,Moderate,#FFFF00
2025-04-18 07:30:00,"Zoo Park, Hyderabad - TSPCB",89.0,88.71884126984126,88.78586,0.2811587301587366,0.214141845703125,Moderate,Moderate,Moderate,#FFFF00
2025-04-18 08:30:00,"Zoo Park, Hyderabad - TSPCB",88.0,88.09060714285715,87.63556,0.0906071428571522,0.36444091796875,Moderate,Moderate,Moderate,#FFFF00
2025-04-18 09:30:00,"Zoo Park, Hyderabad - TSPCB",103.0,102.26632142857142,103.09509,0.7336785714285838,0.0950927734375,Poor,Poor,Poor,#FF7E00
2025-04-18 10:30:00,"Zoo Park, Hyderabad - TSPCB",104.0,103.78532142857142,103.86625,0.2146785714285783,0.1337509155273437,Poor,Poor,Poor,#FF7E00
2025-04-18 11:30:00,"Zoo Park, Hyderabad - TSPCB",500.0,500.0,499.94037,0.0,0.05963134765625,Severe,Severe,Severe,#8F3F97
2025-04-18 12:30:00,"Zoo Park, Hyderabad - TSPCB",66.0,68.48491666666666,66.00416,2.4849166666666638,0.0041580200195312,Moderate,Moderate,Moderate,#FFFF00
2025-04-18 13:30:00,"Zoo Park, Hyderabad - TSPCB",56.0,58.7339126984127,56.11266,2.733912698412702,0.1126594543457031,Moderate,Moderate,Moderate,#FFFF00
2025-04-19 06:30:00,"Zoo Park, Hyderabad - TSPCB",64.0,64.13777380952381,63.82044,0.1377738095238072,0.1795616149902343,Moderate,Moderate,Moderate,#FFFF00
2025-04-19 07:30:00,"Zoo Park, Hyderabad - TSPCB",68.0,65.94815476190473,67.39903,2.051845238095268,0.6009674072265625,Moderate,Moderate,Moderate,#FFFF00
2025-04-19 08:30:00,"Zoo Park, Hyderabad - TSPCB",64.0,64.52907936507937,64.056046,0.5290793650793688,0.0560455322265625,Moderate,Moderate,Moderate,#FFFF00
2025-04-19 09:30:00,"Zoo Park, Hyderabad - TSPCB",67.0,66.89372619047619,67.18244,0.1062738095238131,0.1824417114257812,Moderate,Moderate,Moderate,#FFFF00
2025-04-19 10:30:00,"Zoo Park, Hyderabad - TSPCB",500.0,230.1405912698413,497.74902,269.8594087301587,2.2509765625,Severe,Very Poor,Severe,#8F3F97
2025-04-19 11:30:00,"Zoo Park, Hyderabad - TSPCB",110.0,111.62707323232324,109.98192,1.6270732323232409,0.0180816650390625,Poor,Poor,Poor,#FF7E00
2025-04-19 12:30:00,"Zoo Park, Hyderabad - TSPCB",128.0,130.25693578643583,127.88453,2.2569357864358324,0.1154708862304687,Poor,Poor,Poor,#FF7E00
2025-04-19 13:30:00,"Zoo Park, Hyderabad - TSPCB",99.0,99.6072222222222,99.29234,0.6072222222222052,0.2923431396484375,Moderate,Moderate,Moderate,#FFFF00
2025-04-19 14:30:00,"Zoo Park, Hyderabad - TSPCB",88.0,90.38083044733044,88.35476,2.380830447330439,0.3547592163085937,Moderate,Moderate,Moderate,#FFFF00
2025-04-19 15:30:00,"Zoo Park, Hyderabad - TSPCB",103.0,103.2512976190476,102.759964,0.2512976190476053,0.2400360107421875,Poor,Poor,Poor,#FF7E00
2025-04-19 16:30:00,"Zoo Park, Hyderabad - TSPCB",127.0,127.75020634920637,127.04958,0.7502063492063513,0.0495834350585937,Poor,Poor,Poor,#FF7E00
2025-04-19 17:30:00,"Zoo Park, Hyderabad - TSPCB",109.0,117.2294025974026,109.01944,8.229402597402611,0.019439697265625,Poor,Poor,Poor,#FF7E00
2025-04-19 18:30:00,"Zoo Park, Hyderabad - TSPCB",104.0,104.61765656565656,104.57699,0.61765656565656,0.5769882202148438,Poor,Poor,Poor,#FF7E00
2025-04-19 19:30:00,"Zoo Park, Hyderabad - TSPCB",113.0,112.65753571428571,112.72806,0.3424642857142856,0.271942138671875,Poor,Poor,Poor,#FF7E00
2025-04-19 20:30:00,"Zoo Park, Hyderabad - TSPCB",111.0,110.85397835497837,111.05745,0.1460216450216478,0.0574493408203125,Poor,Poor,Poor,#FF7E00
2025-04-19 21:30:00,"Zoo Park, Hyderabad - TSPCB",97.0,96.97714285714284,97.09922,0.0228571428571626,0.0992202758789062,Moderate,Moderate,Moderate,#FFFF00
2025-04-19 22:30:00,"Zoo Park, Hyderabad - TSPCB",93.0,92.94560425685424,93.28124,0.0543957431457613,0.2812423706054687,Moderate,Moderate,Moderate,#FFFF00
2025-04-19 23:30:00,"Zoo Park, Hyderabad - TSPCB",93.0,92.86719047619046,92.9902,0.1328095238095414,0.0098037719726562,Moderate,Moderate,Moderate,#FFFF00
2025-04-20 00:30:00,"Zoo Park, Hyderabad - TSPCB",123.0,122.80988528138528,123.022644,0.1901147186147085,0.02264404296875,Poor,Poor,Poor,#FF7E00
2025-04-20 01:30:00,"Zoo Park, Hyderabad - TSPCB",150.0,152.73988961038967,150.04134,2.7398896103896675,0.0413360595703125,Poor,Poor,Poor,#FF7E00
2025-04-20 02:30:00,"Zoo Park, Hyderabad - TSPCB",150.0,150.32572294372295,150.00102,0.3257229437229512,0.0010223388671875,Poor,Poor,Poor,#FF7E00
2025-04-20 03:30:00,"Zoo Park, Hyderabad - TSPCB",145.0,144.73345238095234,144.89523,0.2665476190476568,0.104766845703125,Poor,Poor,Poor,#FF7E00
2025-04-20 04:30:00,"Zoo Park, Hyderabad - TSPCB",130.0,131.00601587301583,130.04584,1.0060158730158264,0.04583740234375,Poor,Poor,Poor,#FF7E00
2025-04-20 05:30:00,"Zoo Park, Hyderabad - TSPCB",111.0,110.17646825396824,111.26388,0.8235317460317617,0.2638778686523437,Poor,Poor,Poor,#FF7E00
2025-04-20 06:30:00,"Zoo Park, Hyderabad - TSPCB",97.0,97.95413492063491,97.32547,0.954134920634914,0.325469970703125,Moderate,Moderate,Moderate,#FFFF00
2025-04-20 07:30:00,"Zoo Park, Hyderabad - TSPCB",81.0,80.6604523809524,80.246605,0.3395476190475932,0.7533950805664062,Moderate,Moderate,Moderate,#FFFF00
2025-04-20 08:30:00,"Zoo Park, Hyderabad - TSPCB",77.0,77.16233333333334,77.150116,0.1623333333333363,0.150115966796875,Moderate,Moderate,Moderate,#FFFF00
2025-04-20 09:30:00,"Zoo Park, Hyderabad - TSPCB",86.0,85.92778968253968,86.153885,0.0722103174603177,0.1538848876953125,Moderate,Moderate,Moderate,#FFFF00
2025-04-20 10:30:00,"Zoo Park, Hyderabad - TSPCB",87.0,87.70155952380952,87.02862,0.7015595238095216,0.0286178588867187,Moderate,Moderate,Moderate,#FFFF00
2025-04-20 11:30:00,"Zoo Park, Hyderabad - TSPCB",80.0,80.26148015873015,80.216,0.2614801587301514,0.21600341796875,Moderate,Moderate,Moderate,#FFFF00
2025-04-20 12:30:00,"Zoo Park, Hyderabad - TSPCB",71.0,71.05829365079363,70.98566,0.0582936507936295,0.01434326171875,Moderate,Moderate,Moderate,#FFFF00
2025-04-20 13:30:00,"Zoo Park, Hyderabad - TSPCB",69.0,69.1056910866911,68.93813,0.1056910866910953,0.0618667602539062,Moderate,Moderate,Moderate,#FFFF00
2025-04-20 14:30:00,"Zoo Park, Hyderabad - TSPCB",65.0,68.20806349206349,65.066154,3.208063492063488,0.0661544799804687,Moderate,Moderate,Moderate,#FFFF00
2025-04-20 15:30:00,"Zoo Park, Hyderabad - TSPCB",76.0,75.44931410256412,76.00344,0.5506858974358835,0.0034408569335937,Moderate,Moderate,Moderate,#FFFF00
2025-04-20 16:30:00,"Zoo Park, Hyderabad - TSPCB",84.0,87.20913492063491,84.09538,3.2091349206349093,0.0953826904296875,Moderate,Moderate,Moderate,#FFFF00
2025-04-20 17:30:00,"Zoo Park, Hyderabad - TSPCB",75.0,74.70113095238095,74.87823,0.2988690476190498,0.1217727661132812,Moderate,Moderate,Moderate,#FFFF00
2025-04-20 18:30:00,"Zoo Park, Hyderabad - TSPCB",500.0,500.0,499.92624,0.0,0.073760986328125,Severe,Severe,Severe,#8F3F97
2025-04-20 19:30:00,"Zoo Park, Hyderabad - TSPCB",70.0,72.96805952380953,70.037056,2.9680595238095293,0.0370559692382812,Moderate,Moderate,Moderate,#FFFF00
2025-04-20 20:30:00,"Zoo Park, Hyderabad - TSPCB",76.0,78.05775457875458,75.80517,2.057754578754583,0.1948318481445312,Moderate,Moderate,Moderate,#FFFF00
2025-04-20 21:30:00,"Zoo Park, Hyderabad - TSPCB",82.0,81.62967857142858,81.2812,0.3703214285714153,0.7188034057617188,Moderate,Moderate,Moderate,#FFFF00
2025-04-20 22:30:00,"Zoo Park, Hyderabad - TSPCB",84.0,84.0896370851371,84.05996,0.0896370851370988,0.0599594116210937,Moderate,Moderate,Moderate,#FFFF00
2025-04-20 23:30:00,"Zoo Park, Hyderabad - TSPCB",75.0,75.00758333333333,74.91934,0.0075833333333292,0.080657958984375,Moderate,Moderate,Moderate,#FFFF00
2025-04-21 00:30:00,"Zoo Park, Hyderabad - TSPCB",67.0,66.98340259740257,67.41242,0.0165974025974264,0.4124221801757812,Moderate,Moderate,Moderate,#FFFF00
2025-04-21 01:30:00,"Zoo Park, Hyderabad - TSPCB",63.0,63.13760064935063,62.93192,0.137600649350631,0.0680809020996093,Moderate,Moderate,Moderate,#FFFF00
2025-04-21 02:30:00,"Zoo Park, Hyderabad - TSPCB",57.0,59.0413849206349,57.2889,2.041384920634897,0.2888984680175781,Moderate,Moderate,Moderate,#FFFF00
2025-04-21 03:30:00,"Zoo Park, Hyderabad - TSPCB",66.0,65.27457142857142,65.66379,0.72542857142858,0.336212158203125,Moderate,Moderate,Moderate,#FFFF00
2025-04-21 04:30:00,"Zoo Park, Hyderabad - TSPCB",68.0,67.24484920634922,67.708084,0.7551507936507846,0.2919158935546875,Moderate,Moderate,Moderate,#FFFF00
2025-04-21 05:30:00,"Zoo Park, Hyderabad - TSPCB",67.0,66.70314862914863,67.08758,0.2968513708513711,0.0875778198242187,Moderate,Moderate,Moderate,#FFFF00
2025-04-21 06:30:00,"Zoo Park, Hyderabad - TSPCB",78.0,78.21461507936509,78.10305,0.2146150793650889,0.1030502319335937,Moderate,Moderate,Moderate,#FFFF00
2025-04-21 07:30:00,"Zoo Park, Hyderabad - TSPCB",85.0,85.42923809523808,84.98634,0.4292380952380767,0.0136566162109375,Moderate,Moderate,Moderate,#FFFF00
2025-04-21 08:30:00,"Zoo Park, Hyderabad - TSPCB",88.0,88.02751190476191,87.44697,0.0275119047619085,0.5530319213867188,Moderate,Moderate,Moderate,#FFFF00
2025-04-21 09:30:00,"Zoo Park, Hyderabad - TSPCB",95.0,95.431873015873,94.97101,0.4318730158730091,0.02899169921875,Moderate,Moderate,Moderate,#FFFF00
2025-04-21 10:30:00,"Zoo Park, Hyderabad - TSPCB",85.0,85.49211904761906,85.40763,0.492119047619056,0.4076309204101562,Moderate,Moderate,Moderate,#FFFF00
2025-04-21 11:30:00,"Zoo Park, Hyderabad - TSPCB",69.0,68.64910714285715,69.11928,0.3508928571428527,0.1192779541015625,Moderate,Moderate,Moderate,#FFFF00
2025-04-21 12:30:00,"Zoo Park, Hyderabad - TSPCB",66.0,66.64547222222221,66.9376,0.6454722222222102,0.9375991821289062,Moderate,Moderate,Moderate,#FFFF00
2025-04-21 13:30:00,"Zoo Park, Hyderabad - TSPCB",82.0,81.06292857142859,81.50188,0.9370714285714145,0.4981231689453125,Moderate,Moderate,Moderate,#FFFF00
2025-04-21 14:30:00,"Zoo Park, Hyderabad - TSPCB",101.0,99.85500396825392,100.966545,1.1449960317460892,0.0334548950195312,Poor,Moderate,Poor,#FF7E00
2025-04-21 15:30:00,"Zoo Park, Hyderabad - TSPCB",135.0,135.71882539682537,135.1339,0.7188253968253662,0.1338958740234375,Poor,Poor,Poor,#FF7E00
2025-04-21 16:30:00,"Zoo Park, Hyderabad - TSPCB",157.0,155.8957803030303,156.81946,1.1042196969696931,0.1805419921875,Poor,Poor,Poor,#FF7E00
2025-04-21 17:30:00,"Zoo Park, Hyderabad - TSPCB",162.0,161.81692857142858,161.94606,0.1830714285714236,0.0539398193359375,Poor,Poor,Poor,#FF7E00
2025-04-21 18:30:00,"Zoo Park, Hyderabad - TSPCB",142.0,141.9884246031746,142.08293,0.0115753968254068,0.0829315185546875,Poor,Poor,Poor,#FF7E00
2025-04-21 19:30:00,"Zoo Park, Hyderabad - TSPCB",130.0,129.8975119047619,130.02423,0.1024880952381011,0.02423095703125,Poor,Poor,Poor,#FF7E00
2025-04-21 20:30:00,"Zoo Park, Hyderabad - TSPCB",119.0,119.12599567099568,118.9044,0.1259956709956782,0.0955963134765625,Poor,Poor,Poor,#FF7E00
2025-04-21 21:30:00,"Zoo Park, Hyderabad - TSPCB",120.0,119.29879329004328,119.233154,0.7012067099567076,0.766845703125,Poor,Poor,Poor,#FF7E00
2025-04-21 22:30:00,"Zoo Park, Hyderabad - TSPCB",113.0,112.86092857142856,112.94716,0.1390714285714267,0.0528411865234375,Poor,Poor,Poor,#FF7E00
2025-04-21 23:30:00,"Zoo Park, Hyderabad - TSPCB",103.0,103.18934920634922,103.51501,0.1893492063492203,0.5150070190429688,Poor,Poor,Poor,#FF7E00
2025-04-22 00:30:00,"Zoo Park, Hyderabad - TSPCB",111.0,111.06635497835498,110.97397,0.0663549783549797,0.026031494140625,Poor,Poor,Poor,#FF7E00
2025-04-22 01:30:00,"Zoo Park, Hyderabad - TSPCB",142.0,141.62184523809526,141.93176,0.3781547619047387,0.0682373046875,Poor,Poor,Poor,#FF7E00
2025-04-22 02:30:00,"Zoo Park, Hyderabad - TSPCB",144.0,144.03516666666664,143.97816,0.0351666666666403,0.0218353271484375,Poor,Poor,Poor,#FF7E00
2025-04-22 03:30:00,"Zoo Park, Hyderabad - TSPCB",144.0,144.3147619047619,144.01627,0.3147619047618946,0.016265869140625,Poor,Poor,Poor,#FF7E00
2025-04-22 04:30:00,"Zoo Park, Hyderabad - TSPCB",133.0,132.26258730158727,132.75684,0.7374126984127258,0.2431640625,Poor,Poor,Poor,#FF7E00
2025-04-22 05:30:00,"Zoo Park, Hyderabad - TSPCB",85.0,85.80415873015869,85.36478,0.8041587301586901,0.364776611328125,Moderate,Moderate,Moderate,#FFFF00
2025-04-22 06:30:00,"Zoo Park, Hyderabad - TSPCB",64.0,65.24747041847041,64.17001,1.2474704184704135,0.170013427734375,Moderate,Moderate,Moderate,#FFFF00
2025-04-22 07:30:00,"Zoo Park, Hyderabad - TSPCB",72.0,72.18746428571424,72.17041,0.1874642857142419,0.17041015625,Moderate,Moderate,Moderate,#FFFF00
2025-04-22 08:30:00,"Zoo Park, Hyderabad - TSPCB",83.0,83.25950396825395,83.66459,0.2595039682539521,0.6645889282226562,Moderate,Moderate,Moderate,#FFFF00
2025-04-22 09:30:00,"Zoo Park, Hyderabad - TSPCB",89.0,88.19198809523809,88.456825,0.8080119047619121,0.5431747436523438,Moderate,Moderate,Moderate,#FFFF00
2025-04-22 10:30:00,"Zoo Park, Hyderabad - TSPCB",92.0,92.42533333333331,92.241035,0.4253333333333131,0.2410354614257812,Moderate,Moderate,Moderate,#FFFF00
2025-04-22 11:30:00,"Zoo Park, Hyderabad - TSPCB",103.0,102.55439285714289,102.55185,0.4456071428571277,0.448150634765625,Poor,Poor,Poor,#FF7E00
2025-04-22 12:30:00,"Zoo Park, Hyderabad - TSPCB",121.0,121.2472023809524,121.10988,0.2472023809524017,0.1098785400390625,Poor,Poor,Poor,#FF7E00
2025-04-22 13:30:00,"Zoo Park, Hyderabad - TSPCB",115.0,114.8484007936508,114.74498,0.1515992063492035,0.2550201416015625,Poor,Poor,Poor,#FF7E00
2025-04-22 14:30:00,"Zoo Park, Hyderabad - TSPCB",132.0,131.65698737373734,132.02052,0.3430126262626629,0.0205230712890625,Poor,Poor,Poor,#FF7E00
2025-04-22 15:30:00,"Zoo Park, Hyderabad - TSPCB",159.0,159.14051190476192,158.93529,0.1405119047619223,0.0647125244140625,Poor,Poor,Poor,#FF7E00
2025-04-22 16:30:00,"Zoo Park, Hyderabad - TSPCB",152.0,151.68999278499274,151.98447,0.3100072150072606,0.015533447265625,Poor,Poor,Poor,#FF7E00
2025-04-22 17:30:00,"Zoo Park, Hyderabad - TSPCB",144.0,144.28898412698413,143.9465,0.2889841269841326,0.053497314453125,Poor,Poor,Poor,#FF7E00
2025-04-22 18:30:00,"Zoo Park, Hyderabad - TSPCB",121.0,121.44975,121.13734,0.4497500000000087,0.1373367309570312,Poor,Poor,Poor,#FF7E00
2025-04-22 19:30:00,"Zoo Park, Hyderabad - TSPCB",110.0,110.59809523809528,110.15612,0.5980952380952687,0.1561203002929687,Poor,Poor,Poor,#FF7E00
2025-04-22 20:30:00,"Zoo Park, Hyderabad - TSPCB",94.0,94.1847233044733,93.94249,0.1847233044732945,0.0575103759765625,Moderate,Moderate,Moderate,#FFFF00
2025-04-22 21:30:00,"Zoo Park, Hyderabad - TSPCB",88.0,88.06703174603173,87.704346,0.0670317460317306,0.295654296875,Moderate,Moderate,Moderate,#FFFF00
2025-04-22 22:30:00,"Zoo Park, Hyderabad - TSPCB",95.0,94.8775992063492,95.274925,0.1224007936508115,0.2749252319335937,Moderate,Moderate,Moderate,#FFFF00
2025-04-22 23:30:00,"Zoo Park, Hyderabad - TSPCB",103.0,102.47201190476191,102.838066,0.5279880952380864,0.1619338989257812,Poor,Poor,Poor,#FF7E00
2025-04-23 00:30:00,"Zoo Park, Hyderabad - TSPCB",111.0,110.6932305194805,110.95461,0.306769480519506,0.0453872680664062,Poor,Poor,Poor,#FF7E00
2025-04-23 01:30:00,"Zoo Park, Hyderabad - TSPCB",113.0,112.90501190476192,112.99054,0.0949880952380795,0.00946044921875,Poor,Poor,Poor,#FF7E00
2025-04-23 02:30:00,"Zoo Park, Hyderabad - TSPCB",111.0,110.8827994227994,110.56946,0.1172005772006059,0.4305419921875,Poor,Poor,Poor,#FF7E00
2025-04-23 03:30:00,"Zoo Park, Hyderabad - TSPCB",93.0,93.5687828282828,92.98496,0.5687828282828065,0.0150375366210937,Moderate,Moderate,Moderate,#FFFF00
2025-04-23 04:30:00,"Zoo Park, Hyderabad - TSPCB",90.0,90.97079184704184,90.56515,0.9707918470418376,0.5651473999023438,Moderate,Moderate,Moderate,#FFFF00
2025-04-23 05:30:00,"Zoo Park, Hyderabad - TSPCB",89.0,89.77549422799424,88.80492,0.7754942279942441,0.1950836181640625,Moderate,Moderate,Moderate,#FFFF00
2025-04-23 08:30:00,"Zoo Park, Hyderabad - TSPCB",89.0,88.77724603174603,88.86496,0.2227539682539685,0.135040283203125,Moderate,Moderate,Moderate,#FFFF00
2025-04-23 09:30:00,"Zoo Park, Hyderabad - TSPCB",85.0,85.03714285714287,84.91553,0.037142857142868,0.08447265625,Moderate,Moderate,Moderate,#FFFF00
2025-04-23 10:30:00,"Zoo Park, Hyderabad - TSPCB",111.0,106.42234523809525,110.85439,4.577654761904753,0.1456069946289062,Poor,Poor,Poor,#FF7E00
2025-04-23 11:30:00,"Zoo Park, Hyderabad - TSPCB",128.0,128.99814682539684,128.12682,0.9981468253968444,0.1268157958984375,Poor,Poor,Poor,#FF7E00
2025-04-23 12:30:00,"Zoo Park, Hyderabad - TSPCB",144.0,144.20074999999997,144.01337,0.2007499999999709,0.01336669921875,Poor,Poor,Poor,#FF7E00
2025-04-23 13:30:00,"Zoo Park, Hyderabad - TSPCB",137.0,137.61382142857144,137.08264,0.6138214285714412,0.0826416015625,Poor,Poor,Poor,#FF7E00
2025-04-23 14:30:00,"Zoo Park, Hyderabad - TSPCB",152.0,152.1941507936508,151.97787,0.194150793650806,0.022125244140625,Poor,Poor,Poor,#FF7E00
2025-04-23 15:30:00,"Zoo Park, Hyderabad - TSPCB",145.0,144.96095238095234,144.99309,0.0390476190476647,0.0069122314453125,Poor,Poor,Poor,#FF7E00
2025-04-23 16:30:00,"Zoo Park, Hyderabad - TSPCB",127.0,127.30053102453104,127.0245,0.3005310245310255,0.0244979858398437,Poor,Poor,Poor,#FF7E00
2025-04-23 17:30:00,"Zoo Park, Hyderabad - TSPCB",124.0,123.97225432900431,124.04241,0.0277456709956709,0.0424118041992187,Poor,Poor,Poor,#FF7E00
2025-04-23 18:30:00,"Zoo Park, Hyderabad - TSPCB",81.0,81.33160317460317,81.082,0.331603174603174,0.082000732421875,Moderate,Moderate,Moderate,#FFFF00
2025-04-23 19:30:00,"Zoo Park, Hyderabad - TSPCB",75.0,75.15893253968254,74.94469,0.1589325396825387,0.0553131103515625,Moderate,Moderate,Moderate,#FFFF00
2025-04-23 20:30:00,"Zoo Park, Hyderabad - TSPCB",73.0,73.05902777777779,73.32113,0.0590277777777856,0.3211288452148437,Moderate,Moderate,Moderate,#FFFF00
2025-04-23 21:30:00,"Zoo Park, Hyderabad - TSPCB",75.0,75.08190476190475,74.75684,0.0819047619047523,0.2431564331054687,Moderate,Moderate,Moderate,#FFFF00
2025-04-23 22:30:00,"Zoo Park, Hyderabad - TSPCB",74.0,73.73710714285714,73.99123,0.2628928571428588,0.0087738037109375,Moderate,Moderate,Moderate,#FFFF00
2025-04-23 23:30:00,"Zoo Park, Hyderabad - TSPCB",78.0,77.43284523809523,77.76686,0.5671547619047743,0.2331390380859375,Moderate,Moderate,Moderate,#FFFF00
2025-04-24 00:30:00,"Zoo Park, Hyderabad - TSPCB",85.0,84.81569047619047,84.48804,0.1843095238095315,0.511962890625,Moderate,Moderate,Moderate,#FFFF00
2025-04-24 01:30:00,"Zoo Park, Hyderabad - TSPCB",94.0,94.53705555555554,94.41036,0.5370555555555399,0.4103622436523437,Moderate,Moderate,Moderate,#FFFF00
2025-04-24 02:30:00,"Zoo Park, Hyderabad - TSPCB",98.0,97.95101587301588,98.10213,0.0489841269841093,0.1021270751953125,Moderate,Moderate,Moderate,#FFFF00
2025-04-24 03:30:00,"Zoo Park, Hyderabad - TSPCB",98.0,98.2472261904762,97.60703,0.2472261904761978,0.3929672241210937,Moderate,Moderate,Moderate,#FFFF00
2025-04-24 04:30:00,"Zoo Park, Hyderabad - TSPCB",85.0,85.2685119047619,84.98711,0.268511904761894,0.0128936767578125,Moderate,Moderate,Moderate,#FFFF00
2025-04-24 05:30:00,"Zoo Park, Hyderabad - TSPCB",80.0,80.03675468975467,79.51341,0.0367546897546731,0.4865875244140625,Moderate,Moderate,Moderate,#FFFF00
2025-04-25 05:30:00,"Zoo Park, Hyderabad - TSPCB",97.0,96.5172380952381,97.238,0.4827619047619009,0.2379989624023437,Moderate,Moderate,Moderate,#FFFF00
2025-04-25 06:30:00,"Zoo Park, Hyderabad - TSPCB",76.0,75.60844841269842,75.98953,0.3915515873015778,0.010467529296875,Moderate,Moderate,Moderate,#FFFF00
2025-04-25 07:30:00,"Zoo Park, Hyderabad - TSPCB",62.0,62.66628174603173,62.509212,0.6662817460317285,0.5092124938964844,Moderate,Moderate,Moderate,#FFFF00
2025-04-25 08:30:00,"Zoo Park, Hyderabad - TSPCB",81.0,80.24354040404042,80.45704,0.7564595959595835,0.5429611206054688,Moderate,Moderate,Moderate,#FFFF00
2025-04-25 09:30:00,"Zoo Park, Hyderabad - TSPCB",81.0,80.72649675324675,80.72578,0.2735032467532505,0.2742233276367187,Moderate,Moderate,Moderate,#FFFF00
2025-04-25 10:30:00,"Zoo Park, Hyderabad - TSPCB",95.0,94.84764285714284,95.43051,0.1523571428571699,0.430511474609375,Moderate,Moderate,Moderate,#FFFF00
2025-04-25 11:30:00,"Zoo Park, Hyderabad - TSPCB",113.0,108.89373809523806,112.86426,4.106261904761936,0.1357421875,Poor,Poor,Poor,#FF7E00
2025-04-25 12:30:00,"Zoo Park, Hyderabad - TSPCB",130.0,130.26812301587302,130.06087,0.2681230158730159,0.0608673095703125,Poor,Poor,Poor,#FF7E00
2025-04-25 13:30:00,"Zoo Park, Hyderabad - TSPCB",95.0,95.70571825396826,94.532104,0.7057182539682572,0.4678955078125,Moderate,Moderate,Moderate,#FFFF00
2025-04-25 14:30:00,"Zoo Park, Hyderabad - TSPCB",70.0,70.59142857142858,70.27715,0.5914285714285796,0.2771530151367187,Moderate,Moderate,Moderate,#FFFF00
2025-04-25 15:30:00,"Zoo Park, Hyderabad - TSPCB",68.0,67.8712380952381,67.879395,0.1287619047619017,0.12060546875,Moderate,Moderate,Moderate,#FFFF00
2025-04-25 16:30:00,"Zoo Park, Hyderabad - TSPCB",64.0,63.91957936507937,64.1462,0.0804206349206282,0.1462020874023437,Moderate,Moderate,Moderate,#FFFF00
2025-04-25 17:30:00,"Zoo Park, Hyderabad - TSPCB",65.0,65.17938636363638,64.971176,0.1793863636363823,0.0288238525390625,Moderate,Moderate,Moderate,#FFFF00
2025-04-25 18:30:00,"Zoo Park, Hyderabad - TSPCB",73.0,71.78104761904761,72.867294,1.2189523809523877,0.1327056884765625,Moderate,Moderate,Moderate,#FFFF00
2025-04-25 19:30:00,"Zoo Park, Hyderabad - TSPCB",70.0,69.7521746031746,69.97717,0.2478253968254051,0.0228271484375,Moderate,Moderate,Moderate,#FFFF00
2025-04-25 20:30:00,"Zoo Park, Hyderabad - TSPCB",62.0,62.40038888888889,62.08342,0.4003888888888909,0.0834197998046875,Moderate,Moderate,Moderate,#FFFF00
2025-04-25 21:30:00,"Zoo Park, Hyderabad - TSPCB",64.0,63.73828535353537,63.65849,0.2617146464646325,0.3415107727050781,Moderate,Moderate,Moderate,#FFFF00
2025-04-25 22:30:00,"Zoo Park, Hyderabad - TSPCB",60.0,59.863,59.972538,0.1370000000000004,0.0274620056152343,Moderate,Moderate,Moderate,#FFFF00
2025-04-25 23:30:00,"Zoo Park, Hyderabad - TSPCB",500.0,484.4005,499.93695,15.599499999999978,0.06304931640625,Severe,Severe,Severe,#8F3F97
2025-04-26 00:30:00,"Zoo Park, Hyderabad - TSPCB",56.0,58.9758556998557,56.20165,2.9758556998557,0.2016487121582031,Moderate,Moderate,Moderate,#FFFF00
2025-04-26 01:30:00,"Zoo Park, Hyderabad - TSPCB",65.0,66.53104220779221,65.21079,1.5310422077922112,0.2107925415039062,Moderate,Moderate,Moderate,#FFFF00
2025-04-26 02:30:00,"Zoo Park, Hyderabad - TSPCB",84.0,81.55878968253973,83.565926,2.441210317460275,0.4340744018554687,Moderate,Moderate,Moderate,#FFFF00
2025-04-26 03:30:00,"Zoo Park, Hyderabad - TSPCB",89.0,88.6802023809524,89.57996,0.3197976190476055,0.5799636840820312,Moderate,Moderate,Moderate,#FFFF00
2025-04-26 04:30:00,"Zoo Park, Hyderabad - TSPCB",92.0,92.99491666666668,92.751625,0.9949166666666828,0.7516250610351562,Moderate,Moderate,Moderate,#FFFF00
2025-04-26 05:30:00,"Zoo Park, Hyderabad - TSPCB",93.0,93.55259523809522,93.1806,0.5525952380952219,0.18060302734375,Moderate,Moderate,Moderate,#FFFF00
2025-04-26 06:30:00,"Zoo Park, Hyderabad - TSPCB",101.0,100.73010317460316,100.83156,0.2698968253968417,0.1684417724609375,Poor,Poor,Poor,#FF7E00
2025-04-26 07:30:00,"Zoo Park, Hyderabad - TSPCB",95.0,95.53874206349208,95.62063,0.5387420634920801,0.6206283569335938,Moderate,Moderate,Moderate,#FFFF00
2025-04-26 08:30:00,"Zoo Park, Hyderabad - TSPCB",94.0,93.91363492063492,93.84159,0.0863650793650663,0.1584091186523437,Moderate,Moderate,Moderate,#FFFF00
2025-04-26 09:30:00,"Zoo Park, Hyderabad - TSPCB",106.0,105.9562857142857,105.90615,0.0437142857143015,0.0938491821289062,Poor,Poor,Poor,#FF7E00
2025-04-26 10:30:00,"Zoo Park, Hyderabad - TSPCB",97.0,98.23971969696971,97.3469,1.2397196969697148,0.3469009399414062,Moderate,Moderate,Moderate,#FFFF00
2025-04-26 11:30:00,"Zoo Park, Hyderabad - TSPCB",103.0,104.09677380952382,103.15336,1.0967738095238246,0.1533584594726562,Poor,Poor,Poor,#FF7E00
2025-04-26 12:30:00,"Zoo Park, Hyderabad - TSPCB",108.0,107.93207936507932,108.02,0.0679206349206822,0.0199966430664062,Poor,Poor,Poor,#FF7E00
2025-04-26 13:30:00,"Zoo Park, Hyderabad - TSPCB",113.0,112.57973412698416,112.24671,0.4202658730158504,0.7532882690429688,Poor,Poor,Poor,#FF7E00
2025-04-26 14:30:00,"Zoo Park, Hyderabad - TSPCB",156.0,155.9610541125541,156.00563,0.038945887445891,0.0056304931640625,Poor,Poor,Poor,#FF7E00
2025-04-26 15:30:00,"Zoo Park, Hyderabad - TSPCB",500.0,500.0,499.88104,0.0,0.11895751953125,Severe,Severe,Severe,#8F3F97
2025-04-26 16:30:00,"Zoo Park, Hyderabad - TSPCB",147.0,149.89659523809524,146.90277,2.8965952380952444,0.09722900390625,Poor,Poor,Poor,#FF7E00
2025-04-26 17:30:00,"Zoo Park, Hyderabad - TSPCB",110.0,111.94418831168832,110.12963,1.9441883116883216,0.1296310424804687,Poor,Poor,Poor,#FF7E00
2025-04-26 18:30:00,"Zoo Park, Hyderabad - TSPCB",90.0,90.40934307359304,90.00639,0.4093430735930496,0.0063934326171875,Moderate,Moderate,Moderate,#FFFF00
2025-04-26 19:30:00,"Zoo Park, Hyderabad - TSPCB",83.0,82.96488492063492,82.71435,0.0351150793650845,0.2856521606445312,Moderate,Moderate,Moderate,#FFFF00
2025-04-26 20:30:00,"Zoo Park, Hyderabad - TSPCB",70.0,70.21712301587303,69.93458,0.2171230158730281,0.0654220581054687,Moderate,Moderate,Moderate,#FFFF00
2025-04-26 21:30:00,"Zoo Park, Hyderabad - TSPCB",66.0,66.58613095238096,66.399796,0.5861309523809553,0.3997955322265625,Moderate,Moderate,Moderate,#FFFF00
2025-04-26 22:30:00,"Zoo Park, Hyderabad - TSPCB",500.0,498.135,499.9386,1.865000000000009,0.0614013671875,Severe,Severe,Severe,#8F3F97
2025-04-26 23:30:00,"Zoo Park, Hyderabad - TSPCB",63.0,63.73594011544011,63.055603,0.7359401154401084,0.05560302734375,Moderate,Moderate,Moderate,#FFFF00
2025-04-27 00:30:00,"Zoo Park, Hyderabad - TSPCB",500.0,500.0,499.97757,0.0,0.022430419921875,Severe,Severe,Severe,#8F3F97
2025-04-27 01:30:00,"Zoo Park, Hyderabad - TSPCB",78.0,77.52403174603174,77.74651,0.4759682539682615,0.2534866333007812,Moderate,Moderate,Moderate,#FFFF00
2025-04-27 02:30:00,"Zoo Park, Hyderabad - TSPCB",500.0,500.0,499.94446,0.0,0.0555419921875,Severe,Severe,Severe,#8F3F97
2025-04-27 03:30:00,"Zoo Park, Hyderabad - TSPCB",71.0,71.06765476190476,70.89976,0.0676547619047625,0.1002426147460937,Moderate,Moderate,Moderate,#FFFF00
2025-04-27 04:30:00,"Zoo Park, Hyderabad - TSPCB",72.0,72.70200793650794,72.21549,0.7020079365079397,0.2154922485351562,Moderate,Moderate,Moderate,#FFFF00
2025-04-27 05:30:00,"Zoo Park, Hyderabad - TSPCB",74.0,74.22930158730159,73.87,0.2293015873015917,0.1299972534179687,Moderate,Moderate,Moderate,#FFFF00
2025-04-27 06:30:00,"Zoo Park, Hyderabad - TSPCB",500.0,500.0,499.92746,0.0,0.072540283203125,Severe,Severe,Severe,#8F3F97
2025-04-27 07:30:00,"Zoo Park, Hyderabad - TSPCB",78.0,81.0531865079365,78.429085,3.053186507936502,0.4290847778320312,Moderate,Moderate,Moderate,#FFFF00
2025-04-27 08:30:00,"Zoo Park, Hyderabad - TSPCB",86.0,86.4946626984127,85.94945,0.4946626984126965,0.0505523681640625,Moderate,Moderate,Moderate,#FFFF00
2025-04-27 09:30:00,"Zoo Park, Hyderabad - TSPCB",95.0,95.75442063492062,94.68563,0.7544206349206206,0.3143692016601562,Moderate,Moderate,Moderate,#FFFF00
2025-04-27 10:30:00,"Zoo Park, Hyderabad - TSPCB",97.0,97.53739285714286,97.12217,0.5373928571428621,0.1221694946289062,Moderate,Moderate,Moderate,#FFFF00
2025-04-27 11:30:00,"Zoo Park, Hyderabad - TSPCB",102.0,102.28841269841269,100.91976,0.2884126984126709,1.0802383422851562,Poor,Poor,Poor,#FF7E00
2025-04-27 12:30:00,"Zoo Park, Hyderabad - TSPCB",106.0,105.0189603174603,105.902756,0.981039682539702,0.0972442626953125,Poor,Poor,Poor,#FF7E00
2025-04-27 13:30:00,"Zoo Park, Hyderabad - TSPCB",109.0,108.6277976190476,109.36111,0.3722023809524017,0.3611068725585937,Poor,Poor,Poor,#FF7E00
2025-04-27 14:30:00,"Zoo Park, Hyderabad - TSPCB",108.0,106.97270238095238,107.56086,1.0272976190476155,0.4391403198242187,Poor,Poor,Poor,#FF7E00
2025-04-27 15:30:00,"Zoo Park, Hyderabad - TSPCB",108.0,109.33005952380952,108.189445,1.33005952380951,0.1894454956054687,Poor,Poor,Poor,#FF7E00
2025-04-27 16:30:00,"Zoo Park, Hyderabad - TSPCB",102.0,102.829869047619,102.30701,0.8298690476189989,0.3070068359375,Poor,Poor,Poor,#FF7E00
2025-04-27 17:30:00,"Zoo Park, Hyderabad - TSPCB",94.0,94.94207142857144,93.47494,0.9420714285714524,0.5250625610351562,Moderate,Moderate,Moderate,#FFFF00
2025-04-27 18:30:00,"Zoo Park, Hyderabad - TSPCB",93.0,92.23211904761904,92.99462,0.7678809523809491,0.0053787231445312,Moderate,Moderate,Moderate,#FFFF00
2025-04-27 19:30:00,"Zoo Park, Hyderabad - TSPCB",84.0,84.2390238095238,84.04954,0.2390238095238004,0.0495376586914062,Moderate,Moderate,Moderate,#FFFF00
2025-04-27 20:30:00,"Zoo Park, Hyderabad - TSPCB",73.0,73.07095887445887,72.84028,0.0709588744588671,0.1597213745117187,Moderate,Moderate,Moderate,#FFFF00
2025-04-27 21:30:00,"Zoo Park, Hyderabad - TSPCB",68.0,67.98406410256409,68.030266,0.0159358974359093,0.0302658081054687,Moderate,Moderate,Moderate,#FFFF00
2025-04-27 22:30:00,"Zoo Park, Hyderabad - TSPCB",70.0,69.18306807081805,69.88191,0.8169319291819477,0.1180877685546875,Moderate,Moderate,Moderate,#FFFF00
2025-04-27 23:30:00,"Zoo Park, Hyderabad - TSPCB",83.0,89.56959920634921,82.947815,6.56959920634921,0.05218505859375,Moderate,Moderate,Moderate,#FFFF00
2025-04-28 00:30:00,"Zoo Park, Hyderabad - TSPCB",85.0,84.56563095238096,84.903076,0.4343690476190431,0.096923828125,Moderate,Moderate,Moderate,#FFFF00
2025-04-28 01:30:00,"Zoo Park, Hyderabad - TSPCB",65.0,65.57047619047617,65.058365,0.570476190476171,0.0583648681640625,Moderate,Moderate,Moderate,#FFFF00
2025-04-28 02:30:00,"Zoo Park, Hyderabad - TSPCB",61.0,62.12754761904762,61.736786,1.1275476190476184,0.736785888671875,Moderate,Moderate,Moderate,#FFFF00
2025-04-28 03:30:00,"Zoo Park, Hyderabad - TSPCB",60.0,60.03749206349207,59.879295,0.037492063492067,0.1207046508789062,Moderate,Moderate,Moderate,#FFFF00
2025-04-28 04:30:00,"Zoo Park, Hyderabad - TSPCB",62.0,61.93815151515151,61.509464,0.0618484848484897,0.4905357360839844,Moderate,Moderate,Moderate,#FFFF00
2025-04-28 05:30:00,"Zoo Park, Hyderabad - TSPCB",62.0,62.06467532467532,61.752384,0.0646753246753206,0.2476158142089843,Moderate,Moderate,Moderate,#FFFF00
2025-04-28 06:30:00,"Zoo Park, Hyderabad - TSPCB",65.0,65.1401282051282,64.967804,0.1401282051282066,0.032196044921875,Moderate,Moderate,Moderate,#FFFF00
2025-04-28 07:30:00,"Zoo Park, Hyderabad - TSPCB",66.0,66.39329090354092,66.27764,0.3932909035409153,0.2776412963867187,Moderate,Moderate,Moderate,#FFFF00
2025-04-28 08:30:00,"Zoo Park, Hyderabad - TSPCB",72.0,71.32086904761904,71.90315,0.6791309523809588,0.0968475341796875,Moderate,Moderate,Moderate,#FFFF00
2025-04-28 09:30:00,"Zoo Park, Hyderabad - TSPCB",86.0,86.13494047619047,86.20433,0.1349404761904651,0.2043304443359375,Moderate,Moderate,Moderate,#FFFF00
2025-04-28 10:30:00,"Zoo Park, Hyderabad - TSPCB",81.0,80.99371428571428,80.54581,0.0062857142857239,0.454193115234375,Moderate,Moderate,Moderate,#FFFF00
2025-04-28 11:30:00,"Zoo Park, Hyderabad - TSPCB",104.0,102.00840262515264,103.56681,1.9915973748473728,0.4331893920898437,Poor,Poor,Poor,#FF7E00
2025-04-28 12:30:00,"Zoo Park, Hyderabad - TSPCB",108.0,104.6607777777778,107.90944,3.3392222222221903,0.0905609130859375,Poor,Poor,Poor,#FF7E00
2025-04-28 13:30:00,"Zoo Park, Hyderabad - TSPCB",113.0,110.38192063492065,112.99851,2.618079365079353,0.0014877319335937,Poor,Poor,Poor,#FF7E00
2025-04-28 14:30:00,"Zoo Park, Hyderabad - TSPCB",111.0,110.18317063492066,110.772804,0.816829365079343,0.2271957397460937,Poor,Poor,Poor,#FF7E00
2025-04-28 15:30:00,"Zoo Park, Hyderabad - TSPCB",104.0,104.4844184981685,104.13026,0.4844184981684947,0.1302566528320312,Poor,Poor,Poor,#FF7E00
2025-04-28 16:30:00,"Zoo Park, Hyderabad - TSPCB",104.0,103.31632936507934,104.21954,0.6836706349206594,0.21954345703125,Poor,Poor,Poor,#FF7E00
2025-04-28 17:30:00,"Zoo Park, Hyderabad - TSPCB",101.0,101.25125757575752,101.07713,0.2512575757575348,0.0771331787109375,Poor,Poor,Poor,#FF7E00
2025-04-28 18:30:00,"Zoo Park, Hyderabad - TSPCB",90.0,90.4639004329004,89.90597,0.4639004329004024,0.0940322875976562,Moderate,Moderate,Moderate,#FFFF00
2025-04-28 19:30:00,"Zoo Park, Hyderabad - TSPCB",84.0,83.80103937728938,84.48156,0.1989606227106151,0.4815597534179687,Moderate,Moderate,Moderate,#FFFF00
2025-04-28 20:30:00,"Zoo Park, Hyderabad - TSPCB",80.0,80.57716666666668,80.27504,0.5771666666666846,0.2750396728515625,Moderate,Moderate,Moderate,#FFFF00
2025-04-28 21:30:00,"Zoo Park, Hyderabad - TSPCB",69.0,68.74215873015872,69.09247,0.2578412698412791,0.09246826171875,Moderate,Moderate,Moderate,#FFFF00
2025-04-28 22:30:00,"Zoo Park, Hyderabad - TSPCB",67.0,67.15919841269843,67.49388,0.15919841269843,0.4938812255859375,Moderate,Moderate,Moderate,#FFFF00
2025-04-28 23:30:00,"Zoo Park, Hyderabad - TSPCB",71.0,70.1511984126984,70.857895,0.8488015873015939,0.1421051025390625,Moderate,Moderate,Moderate,#FFFF00
2025-04-29 00:30:00,"Zoo Park, Hyderabad - TSPCB",72.0,72.12401984126987,71.78927,0.1240198412698703,0.2107315063476562,Moderate,Moderate,Moderate,#FFFF00
2025-04-29 01:30:00,"Zoo Park, Hyderabad - TSPCB",500.0,500.0,499.96902,0.0,0.030975341796875,Severe,Severe,Severe,#8F3F97
2025-04-29 02:30:00,"Zoo Park, Hyderabad - TSPCB",81.0,87.27207142857142,80.70442,6.272071428571422,0.2955780029296875,Moderate,Moderate,Moderate,#FFFF00
2025-04-29 03:30:00,"Zoo Park, Hyderabad - TSPCB",74.0,77.26634126984125,74.01253,3.2663412698412486,0.0125274658203125,Moderate,Moderate,Moderate,#FFFF00
2025-04-29 04:30:00,"Zoo Park, Hyderabad - TSPCB",66.0,66.70473809523808,66.62142,0.7047380952380848,0.6214218139648438,Moderate,Moderate,Moderate,#FFFF00
2025-04-29 05:30:00,"Zoo Park, Hyderabad - TSPCB",62.0,62.307857142857145,62.10088,0.307857142857145,0.1008796691894531,Moderate,Moderate,Moderate,#FFFF00
2025-04-29 06:30:00,"Zoo Park, Hyderabad - TSPCB",76.0,75.36711111111111,75.79548,0.6328888888888855,0.2045211791992187,Moderate,Moderate,Moderate,#FFFF00
2025-04-29 07:30:00,"Zoo Park, Hyderabad - TSPCB",60.0,61.02213888888888,60.195187,1.0221388888888825,0.1951866149902343,Moderate,Moderate,Moderate,#FFFF00
2025-04-29 08:30:00,"Zoo Park, Hyderabad - TSPCB",53.0,55.4464285714286,53.49332,2.446428571428598,0.4933204650878906,Moderate,Moderate,Moderate,#FFFF00
2025-04-29 09:30:00,"Zoo Park, Hyderabad - TSPCB",61.0,59.773825396825416,61.1037,1.2261746031745844,0.10369873046875,Moderate,Moderate,Moderate,#FFFF00
2025-04-29 10:30:00,"Zoo Park, Hyderabad - TSPCB",62.0,61.11521789321789,61.766636,0.8847821067821116,0.2333641052246093,Moderate,Moderate,Moderate,#FFFF00
2025-04-29 11:30:00,"Zoo Park, Hyderabad - TSPCB",70.0,69.24509126984125,70.166504,0.7549087301587463,0.16650390625,Moderate,Moderate,Moderate,#FFFF00
2025-04-29 12:30:00,"Zoo Park, Hyderabad - TSPCB",66.0,66.13012698412697,65.79809,0.1301269841269743,0.2019119262695312,Moderate,Moderate,Moderate,#FFFF00
2025-04-29 13:30:00,"Zoo Park, Hyderabad - TSPCB",69.0,69.01429292929294,68.83024,0.0142929292929352,0.1697616577148437,Moderate,Moderate,Moderate,#FFFF00
2025-04-29 16:30:00,"Zoo Park, Hyderabad - TSPCB",80.0,80.60177777777778,80.42485,0.6017777777777837,0.4248504638671875,Moderate,Moderate,Moderate,#FFFF00
2025-04-29 17:30:00,"Zoo Park, Hyderabad - TSPCB",88.0,88.18652777777777,87.74522,0.1865277777777692,0.2547836303710937,Moderate,Moderate,Moderate,#FFFF00
2025-04-29 18:30:00,"Zoo Park, Hyderabad - TSPCB",85.0,86.0117777777778,85.461296,1.0117777777777943,0.4612960815429687,Moderate,Moderate,Moderate,#FFFF00
2025-04-29 19:30:00,"Zoo Park, Hyderabad - TSPCB",88.0,87.37647005772008,87.245834,0.6235299422799159,0.7541656494140625,Moderate,Moderate,Moderate,#FFFF00
2025-04-29 20:30:00,"Zoo Park, Hyderabad - TSPCB",73.0,73.10751984126983,72.98139,0.1075198412698341,0.0186080932617187,Moderate,Moderate,Moderate,#FFFF00
2025-04-29 21:30:00,"Zoo Park, Hyderabad - TSPCB",65.0,65.39882142857142,65.20775,0.3988214285714235,0.2077484130859375,Moderate,Moderate,Moderate,#FFFF00
2025-04-29 22:30:00,"Zoo Park, Hyderabad - TSPCB",59.0,60.24023412698411,59.05112,1.240234126984113,0.0511207580566406,Moderate,Moderate,Moderate,#FFFF00
2025-04-29 23:30:00,"Zoo Park, Hyderabad - TSPCB",60.0,59.36448015873017,59.970406,0.6355198412698329,0.0295944213867187,Moderate,Moderate,Moderate,#FFFF00
2025-04-30 11:30:00,"Zoo Park, Hyderabad - TSPCB",92.0,87.07598809523806,92.03444,4.92401190476194,0.0344390869140625,Moderate,Moderate,Moderate,#FFFF00
2025-04-30 12:30:00,"Zoo Park, Hyderabad - TSPCB",104.0,101.99876190476192,103.74878,2.0012380952380795,0.251220703125,Poor,Poor,Poor,#FF7E00
2025-05-01 06:30:00,"Zoo Park, Hyderabad - TSPCB",65.0,66.29428571428572,65.1926,1.2942857142857207,0.192596435546875,Moderate,Moderate,Moderate,#FFFF00
2025-05-01 07:30:00,"Zoo Park, Hyderabad - TSPCB",71.0,70.66579578754579,71.0158,0.3342042124542104,0.0158004760742187,Moderate,Moderate,Moderate,#FFFF00
2025-05-01 08:30:00,"Zoo Park, Hyderabad - TSPCB",500.0,498.135,499.92352,1.865000000000009,0.07647705078125,Severe,Severe,Severe,#8F3F97
2025-05-01 09:30:00,"Zoo Park, Hyderabad - TSPCB",500.0,500.0,499.89816,0.0,0.101837158203125,Severe,Severe,Severe,#8F3F97
2025-05-01 11:30:00,"Zoo Park, Hyderabad - TSPCB",110.0,108.30053751803752,110.39489,1.6994624819624846,0.3948898315429687,Poor,Poor,Poor,#FF7E00
2025-05-01 12:30:00,"Zoo Park, Hyderabad - TSPCB",116.0,113.13215981240982,115.837265,2.867840187590176,0.1627349853515625,Poor,Poor,Poor,#FF7E00
2025-05-01 13:30:00,"Zoo Park, Hyderabad - TSPCB",97.0,97.6624603174603,97.02307,0.662460317460301,0.0230712890625,Moderate,Moderate,Moderate,#FFFF00
2025-05-01 14:30:00,"Zoo Park, Hyderabad - TSPCB",73.0,73.73933333333332,72.95198,0.7393333333333203,0.0480194091796875,Moderate,Moderate,Moderate,#FFFF00
2025-05-01 15:30:00,"Zoo Park, Hyderabad - TSPCB",84.0,84.2679838217338,84.01163,0.2679838217337931,0.011627197265625,Moderate,Moderate,Moderate,#FFFF00
2025-05-01 16:30:00,"Zoo Park, Hyderabad - TSPCB",83.0,83.22792063492062,82.93076,0.2279206349206219,0.0692367553710937,Moderate,Moderate,Moderate,#FFFF00
2025-05-01 17:30:00,"Zoo Park, Hyderabad - TSPCB",91.0,91.12801948051948,90.48444,0.1280194805194696,0.5155563354492188,Moderate,Moderate,Moderate,#FFFF00
2025-05-01 18:30:00,"Zoo Park, Hyderabad - TSPCB",89.0,89.3623437950938,89.0216,0.3623437950938069,0.0215988159179687,Moderate,Moderate,Moderate,#FFFF00
2025-05-01 19:30:00,"Zoo Park, Hyderabad - TSPCB",88.0,88.6121453823954,88.04286,0.6121453823953971,0.0428619384765625,Moderate,Moderate,Moderate,#FFFF00
2025-05-01 20:30:00,"Zoo Park, Hyderabad - TSPCB",107.0,103.3867127872128,106.96259,3.613287212787199,0.0374069213867187,Poor,Poor,Poor,#FF7E00
2025-05-01 21:30:00,"Zoo Park, Hyderabad - TSPCB",115.0,96.54432142857144,114.936874,18.455678571428564,0.0631256103515625,Poor,Moderate,Poor,#FF7E00
2025-05-01 22:30:00,"Zoo Park, Hyderabad - TSPCB",101.0,94.36639285714286,100.93797,6.633607142857144,0.0620269775390625,Poor,Moderate,Poor,#FF7E00
2025-05-01 23:30:00,"Zoo Park, Hyderabad - TSPCB",64.0,66.10288744588743,64.48302,2.1028874458874327,0.4830169677734375,Moderate,Moderate,Moderate,#FFFF00
2025-05-02 00:30:00,"Zoo Park, Hyderabad - TSPCB",78.0,74.47909523809523,77.72296,3.5209047619047737,0.27703857421875,Moderate,Moderate,Moderate,#FFFF00
2025-05-02 01:30:00,"Zoo Park, Hyderabad - TSPCB",500.0,500.0,499.96646,0.0,0.033538818359375,Severe,Severe,Severe,#8F3F97
2025-05-02 02:30:00,"Zoo Park, Hyderabad - TSPCB",76.0,78.579373015873,75.935455,2.579373015873003,0.064544677734375,Moderate,Moderate,Moderate,#FFFF00
2025-05-02 03:30:00,"Zoo Park, Hyderabad - TSPCB",85.0,82.33140873015874,84.93342,2.668591269841258,0.0665817260742187,Moderate,Moderate,Moderate,#FFFF00
2025-05-02 04:30:00,"Zoo Park, Hyderabad - TSPCB",80.0,79.36964285714284,79.877686,0.6303571428571644,0.122314453125,Moderate,Moderate,Moderate,#FFFF00
2025-05-02 05:30:00,"Zoo Park, Hyderabad - TSPCB",500.0,500.0,499.966,0.0,0.03399658203125,Severe,Severe,Severe,#8F3F97
2025-05-02 06:30:00,"Zoo Park, Hyderabad - TSPCB",500.0,500.0,499.9448,0.0,0.055206298828125,Severe,Severe,Severe,#8F3F97
2025-05-02 07:30:00,"Zoo Park, Hyderabad - TSPCB",68.0,67.37286507936507,67.766975,0.6271349206349299,0.2330245971679687,Moderate,Moderate,Moderate,#FFFF00
2025-05-02 08:30:00,"Zoo Park, Hyderabad - TSPCB",73.0,73.18839682539681,73.02404,0.1883968253968078,0.0240402221679687,Moderate,Moderate,Moderate,#FFFF00
2025-05-02 09:30:00,"Zoo Park, Hyderabad - TSPCB",69.0,69.01587698412696,69.24641,0.0158769841269617,0.2464065551757812,Moderate,Moderate,Moderate,#FFFF00
2025-05-02 10:30:00,"Zoo Park, Hyderabad - TSPCB",73.0,72.39356349206349,73.24882,0.6064365079365075,0.2488174438476562,Moderate,Moderate,Moderate,#FFFF00
2025-05-02 11:30:00,"Zoo Park, Hyderabad - TSPCB",89.0,89.29784126984129,89.47956,0.2978412698412853,0.4795608520507812,Moderate,Moderate,Moderate,#FFFF00
2025-05-02 12:30:00,"Zoo Park, Hyderabad - TSPCB",107.0,106.45264285714283,106.978966,0.5473571428571518,0.0210342407226562,Poor,Poor,Poor,#FF7E00
2025-05-02 13:30:00,"Zoo Park, Hyderabad - TSPCB",108.0,105.32363095238094,107.77419,2.676369047619062,0.2258071899414062,Poor,Poor,Poor,#FF7E00
2025-05-02 14:30:00,"Zoo Park, Hyderabad - TSPCB",87.0,88.88756349206349,87.31684,1.8875634920634925,0.3168411254882812,Moderate,Moderate,Moderate,#FFFF00
2025-05-02 15:30:00,"Zoo Park, Hyderabad - TSPCB",93.0,93.56669191919194,93.25821,0.5666919191919391,0.258209228515625,Moderate,Moderate,Moderate,#FFFF00
2025-05-02 16:30:00,"Zoo Park, Hyderabad - TSPCB",81.0,81.13569841269843,81.365166,0.1356984126984315,0.3651657104492187,Moderate,Moderate,Moderate,#FFFF00
2025-05-02 17:30:00,"Zoo Park, Hyderabad - TSPCB",82.0,82.49878968253968,82.52429,0.4987896825396802,0.5242919921875,Moderate,Moderate,Moderate,#FFFF00
2025-05-02 18:30:00,"Zoo Park, Hyderabad - TSPCB",120.0,106.38330158730156,119.53246,13.616698412698426,0.4675369262695312,Poor,Poor,Poor,#FF7E00
2025-05-02 19:30:00,"Zoo Park, Hyderabad - TSPCB",94.0,86.74638095238095,93.98325,7.253619047619054,0.0167465209960937,Moderate,Moderate,Moderate,#FFFF00
2025-05-02 20:30:00,"Zoo Park, Hyderabad - TSPCB",71.0,74.61448015873015,71.129074,3.614480158730146,0.1290740966796875,Moderate,Moderate,Moderate,#FFFF00
2025-05-02 21:30:00,"Zoo Park, Hyderabad - TSPCB",71.0,71.81385317460317,71.08915,0.8138531746031674,0.0891494750976562,Moderate,Moderate,Moderate,#FFFF00
2025-05-02 22:30:00,"Zoo Park, Hyderabad - TSPCB",76.0,75.26654365079365,75.76492,0.7334563492063495,0.235076904296875,Moderate,Moderate,Moderate,#FFFF00
2025-05-02 23:30:00,"Zoo Park, Hyderabad - TSPCB",70.0,71.18140873015872,70.36121,1.1814087301587222,0.3612136840820312,Moderate,Moderate,Moderate,#FFFF00
2025-05-03 00:30:00,"Zoo Park, Hyderabad - TSPCB",68.0,70.3427506105006,68.22354,2.3427506105006017,0.223541259765625,Moderate,Moderate,Moderate,#FFFF00
2025-05-03 01:30:00,"Zoo Park, Hyderabad - TSPCB",65.0,66.54588156288156,65.1154,1.5458815628815614,0.1154022216796875,Moderate,Moderate,Moderate,#FFFF00
2025-05-03 02:30:00,"Zoo Park, Hyderabad - TSPCB",58.0,63.17939285714285,59.01077,5.179392857142851,1.0107688903808594,Moderate,Moderate,Moderate,#FFFF00
2025-05-03 03:30:00,"Zoo Park, Hyderabad - TSPCB",500.0,479.3804047619048,499.97064,20.6195952380952,0.02935791015625,Severe,Severe,Severe,#8F3F97
2025-05-03 04:30:00,"Zoo Park, Hyderabad - TSPCB",89.0,88.23192857142858,88.33886,0.7680714285714174,0.6611404418945312,Moderate,Moderate,Moderate,#FFFF00
2025-05-03 05:30:00,"Zoo Park, Hyderabad - TSPCB",76.0,76.38765873015875,76.194626,0.3876587301587477,0.1946258544921875,Moderate,Moderate,Moderate,#FFFF00
2025-05-03 06:30:00,"Zoo Park, Hyderabad - TSPCB",500.0,500.0,499.9518,0.0,0.048187255859375,Severe,Severe,Severe,#8F3F97
2025-05-03 07:30:00,"Zoo Park, Hyderabad - TSPCB",64.0,64.22694047619046,64.01704,0.2269404761904638,0.0170364379882812,Moderate,Moderate,Moderate,#FFFF00
2025-05-03 08:30:00,"Zoo Park, Hyderabad - TSPCB",67.0,66.37457142857143,66.748856,0.6254285714285714,0.2511444091796875,Moderate,Moderate,Moderate,#FFFF00
2025-05-03 09:30:00,"Zoo Park, Hyderabad - TSPCB",67.0,66.86428174603175,66.75441,0.1357182539682497,0.2455902099609375,Moderate,Moderate,Moderate,#FFFF00
2025-05-03 10:30:00,"Zoo Park, Hyderabad - TSPCB",72.0,71.78838816738818,72.04544,0.2116118326118226,0.045440673828125,Moderate,Moderate,Moderate,#FFFF00
2025-05-03 11:30:00,"Zoo Park, Hyderabad - TSPCB",105.0,101.92976803751806,104.86646,3.070231962481941,0.1335372924804687,Poor,Poor,Poor,#FF7E00
2025-05-03 12:30:00,"Zoo Park, Hyderabad - TSPCB",104.0,102.07261327561328,104.02715,1.927386724386721,0.0271530151367187,Poor,Poor,Poor,#FF7E00
2025-05-03 13:30:00,"Zoo Park, Hyderabad - TSPCB",500.0,500.0,499.90515,0.0,0.0948486328125,Severe,Severe,Severe,#8F3F97
2025-05-03 14:30:00,"Zoo Park, Hyderabad - TSPCB",91.0,92.14295274170271,91.22214,1.1429527417027143,0.222137451171875,Moderate,Moderate,Moderate,#FFFF00
2025-05-03 15:30:00,"Zoo Park, Hyderabad - TSPCB",101.0,101.10651587301584,100.85759,0.1065158730158373,0.1424102783203125,Poor,Poor,Poor,#FF7E00
2025-05-03 16:30:00,"Zoo Park, Hyderabad - TSPCB",78.0,79.01360317460318,78.63373,1.0136031746031762,0.63372802734375,Moderate,Moderate,Moderate,#FFFF00
2025-05-03 17:30:00,"Zoo Park, Hyderabad - TSPCB",74.0,74.5409603174603,73.74107,0.5409603174603035,0.2589263916015625,Moderate,Moderate,Moderate,#FFFF00
2025-05-03 18:30:00,"Zoo Park, Hyderabad - TSPCB",69.0,69.09846031746035,68.9527,0.0984603174603506,0.04730224609375,Moderate,Moderate,Moderate,#FFFF00
2025-05-03 19:30:00,"Zoo Park, Hyderabad - TSPCB",71.0,71.03461507936507,70.90868,0.0346150793650679,0.0913162231445312,Moderate,Moderate,Moderate,#FFFF00
2025-05-03 20:30:00,"Zoo Park, Hyderabad - TSPCB",81.0,82.53619841269841,80.814735,1.5361984126984112,0.1852645874023437,Moderate,Moderate,Moderate,#FFFF00
2025-05-03 21:30:00,"Zoo Park, Hyderabad - TSPCB",73.0,72.76410714285714,73.19409,0.2358928571428578,0.194091796875,Moderate,Moderate,Moderate,#FFFF00
2025-05-03 22:30:00,"Zoo Park, Hyderabad - TSPCB",71.0,70.69748687423687,70.8686,0.3025131257631273,0.1314010620117187,Moderate,Moderate,Moderate,#FFFF00
2025-05-03 23:30:00,"Zoo Park, Hyderabad - TSPCB",65.0,65.4163134920635,65.34347,0.4163134920634945,0.3434677124023437,Moderate,Moderate,Moderate,#FFFF00
2025-05-04 00:30:00,"Zoo Park, Hyderabad - TSPCB",66.0,65.89312026862027,65.994965,0.1068797313797347,0.005035400390625,Moderate,Moderate,Moderate,#FFFF00
2025-05-04 01:30:00,"Zoo Park, Hyderabad - TSPCB",92.0,104.41798015873016,91.64746,12.417980158730174,0.3525390625,Moderate,Poor,Moderate,#FFFF00
2025-05-04 02:30:00,"Zoo Park, Hyderabad - TSPCB",500.0,500.0,499.9131,0.0,0.0869140625,Severe,Severe,Severe,#8F3F97
2025-05-04 03:30:00,"Zoo Park, Hyderabad - TSPCB",93.0,93.13369047619048,93.02754,0.1336904761904804,0.0275421142578125,Moderate,Moderate,Moderate,#FFFF00
2025-05-04 04:30:00,"Zoo Park, Hyderabad - TSPCB",99.0,99.4852077922078,98.966545,0.4852077922078024,0.0334548950195312,Moderate,Moderate,Moderate,#FFFF00
2025-05-04 05:30:00,"Zoo Park, Hyderabad - TSPCB",500.0,500.0,499.88385,0.0,0.11614990234375,Severe,Severe,Severe,#8F3F97
2025-05-04 06:30:00,"Zoo Park, Hyderabad - TSPCB",83.0,85.35565873015871,83.65125,2.3556587301587086,0.6512527465820312,Moderate,Moderate,Moderate,#FFFF00
2025-05-04 07:30:00,"Zoo Park, Hyderabad - TSPCB",85.0,86.30903968253965,85.287476,1.3090396825396482,0.2874755859375,Moderate,Moderate,Moderate,#FFFF00
2025-05-04 08:30:00,"Zoo Park, Hyderabad - TSPCB",88.0,87.9594365079365,87.720314,0.040563492063498,0.2796859741210937,Moderate,Moderate,Moderate,#FFFF00
2025-05-04 09:30:00,"Zoo Park, Hyderabad - TSPCB",86.0,86.4686626984127,86.150116,0.4686626984127002,0.150115966796875,Moderate,Moderate,Moderate,#FFFF00
2025-05-04 10:30:00,"Zoo Park, Hyderabad - TSPCB",91.0,91.5483214285714,91.10616,0.5483214285714126,0.1061630249023437,Moderate,Moderate,Moderate,#FFFF00
2025-05-04 11:30:00,"Zoo Park, Hyderabad - TSPCB",106.0,103.3629184981685,105.724754,2.637081501831503,0.2752456665039062,Poor,Poor,Poor,#FF7E00
2025-05-04 12:30:00,"Zoo Park, Hyderabad - TSPCB",106.0,105.55679761904764,106.10499,0.4432023809523713,0.1049880981445312,Poor,Poor,Poor,#FF7E00
2025-05-04 13:30:00,"Zoo Park, Hyderabad - TSPCB",105.0,101.4440497835498,104.8682,3.5559502164501997,0.1317977905273437,Poor,Poor,Poor,#FF7E00
2025-05-04 14:30:00,"Zoo Park, Hyderabad - TSPCB",96.0,97.68968686868688,96.03572,1.6896868686868771,0.0357208251953125,Moderate,Moderate,Moderate,#FFFF00
2025-05-04 15:30:00,"Zoo Park, Hyderabad - TSPCB",99.0,98.70811940836938,98.99993,0.2918805916306155,6.866455078125e-05,Moderate,Moderate,Moderate,#FFFF00
2025-05-04 16:30:00,"Zoo Park, Hyderabad - TSPCB",500.0,500.0,499.9086,0.0,0.091400146484375,Severe,Severe,Severe,#8F3F97
2025-05-04 17:30:00,"Zoo Park, Hyderabad - TSPCB",93.0,92.256268037518,92.86122,0.743731962482002,0.1387786865234375,Moderate,Moderate,Moderate,#FFFF00
2025-05-04 18:30:00,"Zoo Park, Hyderabad - TSPCB",500.0,500.0,499.98303,0.0,0.0169677734375,Severe,Severe,Severe,#8F3F97
2025-05-04 19:30:00,"Zoo Park, Hyderabad - TSPCB",75.0,76.15865476190474,74.86162,1.1586547619047425,0.1383819580078125,Moderate,Moderate,Moderate,#FFFF00
2025-05-04 20:30:00,"Zoo Park, Hyderabad - TSPCB",68.0,68.82537301587304,68.10099,0.8253730158730406,0.1009902954101562,Moderate,Moderate,Moderate,#FFFF00
2025-05-04 21:30:00,"Zoo Park, Hyderabad - TSPCB",66.0,66.0283134920635,66.30815,0.0283134920635035,0.3081512451171875,Moderate,Moderate,Moderate,#FFFF00
2025-05-04 22:30:00,"Zoo Park, Hyderabad - TSPCB",62.0,62.42907936507935,62.71605,0.4290793650793532,0.7160491943359375,Moderate,Moderate,Moderate,#FFFF00
2025-05-04 23:30:00,"Zoo Park, Hyderabad - TSPCB",61.0,61.126893578643575,60.804863,0.1268935786435747,0.1951370239257812,Moderate,Moderate,Moderate,#FFFF00
2025-05-05 00:30:00,"Zoo Park, Hyderabad - TSPCB",65.0,64.54940043290044,64.81983,0.4505995670995588,0.1801681518554687,Moderate,Moderate,Moderate,#FFFF00
2025-05-05 01:30:00,"Zoo Park, Hyderabad - TSPCB",70.0,69.5557730880231,70.21212,0.444226911976898,0.2121200561523437,Moderate,Moderate,Moderate,#FFFF00
2025-05-05 02:30:00,"Zoo Park, Hyderabad - TSPCB",81.0,79.98709126984127,80.0534,1.0129087301587276,0.9466018676757812,Moderate,Moderate,Moderate,#FFFF00
2025-05-05 03:30:00,"Zoo Park, Hyderabad - TSPCB",75.0,75.37697619047619,75.10926,0.376976190476185,0.1092605590820312,Moderate,Moderate,Moderate,#FFFF00
2025-05-05 04:30:00,"Zoo Park, Hyderabad - TSPCB",85.0,85.04451556776557,85.03383,0.0445155677655719,0.0338287353515625,Moderate,Moderate,Moderate,#FFFF00
2025-05-05 05:30:00,"Zoo Park, Hyderabad - TSPCB",85.0,85.37773809523807,85.2362,0.3777380952380724,0.2361984252929687,Moderate,Moderate,Moderate,#FFFF00
2025-05-05 06:30:00,"Zoo Park, Hyderabad - TSPCB",500.0,500.0,499.8699,0.0,0.130096435546875,Severe,Severe,Severe,#8F3F97
2025-05-05 07:30:00,"Zoo Park, Hyderabad - TSPCB",82.0,82.1575,81.707054,0.1574999999999988,0.2929458618164062,Moderate,Moderate,Moderate,#FFFF00
2025-05-05 08:30:00,"Zoo Park, Hyderabad - TSPCB",69.0,69.73183333333333,68.62458,0.7318333333333271,0.3754196166992187,Moderate,Moderate,Moderate,#FFFF00
2025-05-05 09:30:00,"Zoo Park, Hyderabad - TSPCB",62.0,62.34632936507936,62.066185,0.346329365079363,0.0661849975585937,Moderate,Moderate,Moderate,#FFFF00
2025-05-05 10:30:00,"Zoo Park, Hyderabad - TSPCB",60.0,60.28431746031748,59.840897,0.2843174603174816,0.1591033935546875,Moderate,Moderate,Moderate,#FFFF00
2025-05-05 11:30:00,"Zoo Park, Hyderabad - TSPCB",61.0,60.692603896103904,61.268337,0.3073961038960959,0.2683372497558594,Moderate,Moderate,Moderate,#FFFF00
2025-05-05 12:30:00,"Zoo Park, Hyderabad - TSPCB",86.0,84.4530396825397,85.58767,1.5469603174603035,0.4123306274414062,Moderate,Moderate,Moderate,#FFFF00
2025-05-05 13:30:00,"Zoo Park, Hyderabad - TSPCB",106.0,144.97842246642244,106.11571,38.97842246642245,0.1157073974609375,Poor,Poor,Poor,#FF7E00
2025-05-05 14:30:00,"Zoo Park, Hyderabad - TSPCB",112.0,110.17273412698412,111.83843,1.8272658730158755,0.1615676879882812,Poor,Poor,Poor,#FF7E00
2025-05-05 15:30:00,"Zoo Park, Hyderabad - TSPCB",104.0,103.10201803751806,104.02681,0.8979819624819356,0.0268096923828125,Poor,Poor,Poor,#FF7E00
2025-05-05 16:30:00,"Zoo Park, Hyderabad - TSPCB",84.0,84.5522020757021,83.63859,0.5522020757020982,0.3614120483398437,Moderate,Moderate,Moderate,#FFFF00
2025-05-05 17:30:00,"Zoo Park, Hyderabad - TSPCB",105.0,104.3572405649906,105.027695,0.6427594350094097,0.0276947021484375,Poor,Poor,Poor,#FF7E00
2025-05-05 18:30:00,"Zoo Park, Hyderabad - TSPCB",108.0,103.72682173382172,107.9181,4.273178266178277,0.0819015502929687,Poor,Poor,Poor,#FF7E00
2025-05-05 19:30:00,"Zoo Park, Hyderabad - TSPCB",102.0,99.32600396825396,101.95579,2.6739960317460287,0.0442123413085937,Poor,Moderate,Poor,#FF7E00
2025-05-05 20:30:00,"Zoo Park, Hyderabad - TSPCB",75.0,75.78601839826838,75.037575,0.7860183982683822,0.0375747680664062,Moderate,Moderate,Moderate,#FFFF00
2025-05-05 21:30:00,"Zoo Park, Hyderabad - TSPCB",76.0,75.87347077922077,75.69517,0.1265292207792328,0.3048324584960937,Moderate,Moderate,Moderate,#FFFF00
2025-05-05 22:30:00,"Zoo Park, Hyderabad - TSPCB",76.0,76.41276190476188,76.24398,0.4127619047618793,0.2439804077148437,Moderate,Moderate,Moderate,#FFFF00
2025-05-05 23:30:00,"Zoo Park, Hyderabad - TSPCB",74.0,74.28016666666667,73.90449,0.2801666666666733,0.0955123901367187,Moderate,Moderate,Moderate,#FFFF00
2025-05-06 00:30:00,"Zoo Park, Hyderabad - TSPCB",75.0,75.01360317460316,74.82936,0.0136031746031619,0.1706390380859375,Moderate,Moderate,Moderate,#FFFF00
2025-05-06 01:30:00,"Zoo Park, Hyderabad - TSPCB",500.0,500.0,499.88724,0.0,0.112762451171875,Severe,Severe,Severe,#8F3F97
2025-05-06 02:30:00,"Zoo Park, Hyderabad - TSPCB",68.0,68.83449603174604,68.1117,0.8344960317460419,0.1117019653320312,Moderate,Moderate,Moderate,#FFFF00
2025-05-06 03:30:00,"Zoo Park, Hyderabad - TSPCB",68.0,68.21920634920636,68.02326,0.2192063492063596,0.0232620239257812,Moderate,Moderate,Moderate,#FFFF00
2025-05-06 04:30:00,"Zoo Park, Hyderabad - TSPCB",109.0,105.3259664502164,108.62668,3.6740335497836014,0.373321533203125,Poor,Poor,Poor,#FF7E00
2025-05-06 10:30:00,"Zoo Park, Hyderabad - TSPCB",132.0,183.26890079365077,131.7819,51.26890079365074,0.2180938720703125,Poor,Poor,Poor,#FF7E00
2025-05-06 11:30:00,"Zoo Park, Hyderabad - TSPCB",129.0,127.5075238095238,129.05687,1.4924761904761965,0.0568695068359375,Poor,Poor,Poor,#FF7E00
2025-05-06 12:30:00,"Zoo Park, Hyderabad - TSPCB",142.0,142.57577813852814,142.16512,0.5757781385281362,0.1651153564453125,Poor,Poor,Poor,#FF7E00
2025-05-06 13:30:00,"Zoo Park, Hyderabad - TSPCB",500.0,500.0,499.97015,0.0,0.02984619140625,Severe,Severe,Severe,#8F3F97
2025-05-06 14:30:00,"Zoo Park, Hyderabad - TSPCB",500.0,500.0,499.9372,0.0,0.06280517578125,Severe,Severe,Severe,#8F3F97
2025-05-06 15:30:00,"Zoo Park, Hyderabad - TSPCB",129.0,119.18495238095242,128.79222,9.815047619047576,0.2077789306640625,Poor,Poor,Poor,#FF7E00
2025-05-06 16:30:00,"Zoo Park, Hyderabad - TSPCB",114.0,107.91869835719837,113.900444,6.081301642801648,0.0995559692382812,Poor,Poor,Poor,#FF7E00
2025-05-06 17:30:00,"Zoo Park, Hyderabad - TSPCB",101.0,101.30768253968256,101.028114,0.307682539682574,0.0281143188476562,Poor,Poor,Poor,#FF7E00
2025-05-06 18:30:00,"Zoo Park, Hyderabad - TSPCB",75.0,74.69658333333332,75.00119,0.3034166666666777,0.001190185546875,Moderate,Moderate,Moderate,#FFFF00
2025-05-06 19:30:00,"Zoo Park, Hyderabad - TSPCB",68.0,68.12014682539683,67.93829,0.12014682539683,0.06170654296875,Moderate,Moderate,Moderate,#FFFF00
2025-05-06 20:30:00,"Zoo Park, Hyderabad - TSPCB",63.0,63.02014249639248,63.094563,0.0201424963924807,0.0945625305175781,Moderate,Moderate,Moderate,#FFFF00
2025-05-06 21:30:00,"Zoo Park, Hyderabad - TSPCB",62.0,61.41370238095237,61.950176,0.5862976190476274,0.0498237609863281,Moderate,Moderate,Moderate,#FFFF00
2025-05-06 22:30:00,"Zoo Park, Hyderabad - TSPCB",57.0,57.447520923520905,57.04227,0.447520923520905,0.0422706604003906,Moderate,Moderate,Moderate,#FFFF00
2025-05-06 23:30:00,"Zoo Park, Hyderabad - TSPCB",58.0,57.55906060606058,57.89282,0.4409393939394164,0.1071815490722656,Moderate,Moderate,Moderate,#FFFF00
2025-05-07 00:30:00,"Zoo Park, Hyderabad - TSPCB",56.0,56.6686836219336,56.240665,0.668683621933603,0.2406654357910156,Moderate,Moderate,Moderate,#FFFF00
2025-05-07 01:30:00,"Zoo Park, Hyderabad - TSPCB",57.0,57.39100901875901,57.047478,0.3910090187590143,0.0474777221679687,Moderate,Moderate,Moderate,#FFFF00
2025-05-07 02:30:00,"Zoo Park, Hyderabad - TSPCB",57.0,57.31588203463203,56.99214,0.3158820346320325,0.0078582763671875,Moderate,Moderate,Moderate,#FFFF00
2025-05-07 03:30:00,"Zoo Park, Hyderabad - TSPCB",64.0,62.95572366522366,63.98202,1.0442763347763415,0.0179786682128906,Moderate,Moderate,Moderate,#FFFF00
2025-05-07 04:30:00,"Zoo Park, Hyderabad - TSPCB",102.0,99.07169264069265,102.07666,2.928307359307368,0.07666015625,Poor,Moderate,Poor,#FF7E00
2025-05-07 05:30:00,"Zoo Park, Hyderabad - TSPCB",117.0,111.91073232323232,116.73921,5.08926767676769,0.2607879638671875,Poor,Poor,Poor,#FF7E00
2025-05-07 06:30:00,"Zoo Park, Hyderabad - TSPCB",97.0,98.03049025974028,96.94022,1.030490259740276,0.0597763061523437,Moderate,Moderate,Moderate,#FFFF00
2025-05-07 07:30:00,"Zoo Park, Hyderabad - TSPCB",87.0,87.18015295815296,87.19347,0.1801529581529592,0.1934661865234375,Moderate,Moderate,Moderate,#FFFF00
2025-05-07 08:30:00,"Zoo Park, Hyderabad - TSPCB",79.0,79.57302200577202,79.18524,0.5730220057720175,0.18524169921875,Moderate,Moderate,Moderate,#FFFF00
2025-05-07 09:30:00,"Zoo Park, Hyderabad - TSPCB",92.0,92.52111652236653,91.71405,0.5211165223665262,0.28594970703125,Moderate,Moderate,Moderate,#FFFF00
2025-05-07 10:30:00,"Zoo Park, Hyderabad - TSPCB",68.0,68.25520238095237,67.78072,0.2552023809523689,0.2192764282226562,Moderate,Moderate,Moderate,#FFFF00
2025-05-07 11:30:00,"Zoo Park, Hyderabad - TSPCB",61.0,61.9812857142857,61.39533,0.981285714285704,0.3953285217285156,Moderate,Moderate,Moderate,#FFFF00
2025-05-07 12:30:00,"Zoo Park, Hyderabad - TSPCB",105.0,99.50235714285712,104.79229,5.497642857142878,0.2077102661132812,Poor,Moderate,Poor,#FF7E00
2025-05-07 13:30:00,"Zoo Park, Hyderabad - TSPCB",135.0,138.5183095238095,134.85326,3.5183095238095348,0.1467437744140625,Poor,Poor,Poor,#FF7E00
2025-05-07 14:30:00,"Zoo Park, Hyderabad - TSPCB",128.0,143.24191666666673,127.92441,15.241916666666723,0.075592041015625,Poor,Poor,Poor,#FF7E00
2025-05-07 15:30:00,"Zoo Park, Hyderabad - TSPCB",128.0,131.03746356421357,128.05414,3.0374635642135672,0.05413818359375,Poor,Poor,Poor,#FF7E00
2025-05-07 16:30:00,"Zoo Park, Hyderabad - TSPCB",126.0,120.0689285714286,125.643456,5.9310714285714,0.3565444946289062,Poor,Poor,Poor,#FF7E00
2025-05-07 17:30:00,"Zoo Park, Hyderabad - TSPCB",107.0,103.91237698412702,106.872955,3.0876230158729783,0.127044677734375,Poor,Poor,Poor,#FF7E00
2025-05-07 18:30:00,"Zoo Park, Hyderabad - TSPCB",87.0,88.07788641913643,86.97396,1.0778864191364337,0.0260391235351562,Moderate,Moderate,Moderate,#FFFF00
2025-05-07 19:30:00,"Zoo Park, Hyderabad - TSPCB",92.0,91.99775108225106,91.80051,0.0022489177489433,0.199493408203125,Moderate,Moderate,Moderate,#FFFF00
2025-05-07 20:30:00,"Zoo Park, Hyderabad - TSPCB",500.0,500.0,499.9723,0.0,0.0277099609375,Severe,Severe,Severe,#8F3F97
2025-05-07 21:30:00,"Zoo Park, Hyderabad - TSPCB",64.0,65.17919805194806,63.981068,1.1791980519480632,0.0189323425292968,Moderate,Moderate,Moderate,#FFFF00
2025-05-07 22:30:00,"Zoo Park, Hyderabad - TSPCB",64.0,63.86762662337661,64.04163,0.1323733766233914,0.0416336059570312,Moderate,Moderate,Moderate,#FFFF00
2025-05-07 23:30:00,"Zoo Park, Hyderabad - TSPCB",62.0,61.89394047619047,61.86629,0.1060595238095345,0.1337089538574218,Moderate,Moderate,Moderate,#FFFF00
2025-05-08 00:30:00,"Zoo Park, Hyderabad - TSPCB",66.0,64.9410746753247,65.871666,1.0589253246753003,0.1283340454101562,Moderate,Moderate,Moderate,#FFFF00
2025-05-08 01:30:00,"Zoo Park, Hyderabad - TSPCB",62.0,62.56844913419913,62.223732,0.5684491341991276,0.2237319946289062,Moderate,Moderate,Moderate,#FFFF00
2025-05-08 02:30:00,"Zoo Park, Hyderabad - TSPCB",70.0,69.38396031746034,69.7566,0.6160396825396646,0.2434005737304687,Moderate,Moderate,Moderate,#FFFF00
2025-05-08 03:30:00,"Zoo Park, Hyderabad - TSPCB",500.0,496.0933333333333,499.96442,3.906666666666695,0.03558349609375,Severe,Severe,Severe,#8F3F97
2025-05-08 04:30:00,"Zoo Park, Hyderabad - TSPCB",73.0,76.42619047619047,72.750336,3.4261904761904702,0.249664306640625,Moderate,Moderate,Moderate,#FFFF00
2025-05-08 05:30:00,"Zoo Park, Hyderabad - TSPCB",59.0,64.69418253968256,59.791416,5.694182539682558,0.7914161682128906,Moderate,Moderate,Moderate,#FFFF00
2025-05-08 07:30:00,"Zoo Park, Hyderabad - TSPCB",64.0,64.1206746031746,63.884136,0.1206746031746064,0.1158638000488281,Moderate,Moderate,Moderate,#FFFF00
2025-05-08 08:30:00,"Zoo Park, Hyderabad - TSPCB",62.0,61.92613564213564,61.66048,0.0738643578643589,0.3395195007324219,Moderate,Moderate,Moderate,#FFFF00
2025-05-08 09:30:00,"Zoo Park, Hyderabad - TSPCB",75.0,74.92338095238095,74.84249,0.0766190476190473,0.1575088500976562,Moderate,Moderate,Moderate,#FFFF00
2025-05-08 10:30:00,"Zoo Park, Hyderabad - TSPCB",72.0,70.2017380952381,71.69037,1.798261904761901,0.30963134765625,Moderate,Moderate,Moderate,#FFFF00
2025-05-08 11:30:00,"Zoo Park, Hyderabad - TSPCB",98.0,97.4659880952381,97.83095,0.534011904761897,0.1690521240234375,Moderate,Moderate,Moderate,#FFFF00
2025-05-08 12:30:00,"Zoo Park, Hyderabad - TSPCB",133.0,119.05808333333336,133.0425,13.941916666666645,0.0424957275390625,Poor,Poor,Poor,#FF7E00
2025-05-08 13:30:00,"Zoo Park, Hyderabad - TSPCB",134.0,135.02257142857138,134.04169,1.022571428571382,0.04168701171875,Poor,Poor,Poor,#FF7E00
2025-05-08 14:30:00,"Zoo Park, Hyderabad - TSPCB",132.0,132.12506349206348,131.96663,0.1250634920634752,0.0333709716796875,Poor,Poor,Poor,#FF7E00
2025-05-08 15:30:00,"Zoo Park, Hyderabad - TSPCB",125.0,125.94262301587298,124.9805,0.9426230158729824,0.019500732421875,Poor,Poor,Poor,#FF7E00
2025-05-08 16:30:00,"Zoo Park, Hyderabad - TSPCB",105.0,105.2058373015873,105.14721,0.2058373015872945,0.1472091674804687,Poor,Poor,Poor,#FF7E00
2025-05-08 17:30:00,"Zoo Park, Hyderabad - TSPCB",101.0,101.1266388888889,100.9921,0.1266388888889054,0.0078964233398437,Poor,Poor,Poor,#FF7E00
2025-05-08 18:30:00,"Zoo Park, Hyderabad - TSPCB",94.0,94.98793217893218,93.91816,0.9879321789321835,0.0818405151367187,Moderate,Moderate,Moderate,#FFFF00
2025-05-08 19:30:00,"Zoo Park, Hyderabad - TSPCB",88.0,88.07724458874459,87.861435,0.0772445887445911,0.1385650634765625,Moderate,Moderate,Moderate,#FFFF00
2025-05-08 20:30:00,"Zoo Park, Hyderabad - TSPCB",80.0,80.20099206349208,80.76574,0.2009920634920803,0.7657394409179688,Moderate,Moderate,Moderate,#FFFF00
2025-05-08 21:30:00,"Zoo Park, Hyderabad - TSPCB",74.0,74.24968253968251,74.147736,0.2496825396825102,0.147735595703125,Moderate,Moderate,Moderate,#FFFF00
2025-05-08 22:30:00,"Zoo Park, Hyderabad - TSPCB",76.0,75.65160317460317,75.49026,0.3483968253968328,0.5097427368164062,Moderate,Moderate,Moderate,#FFFF00
2025-05-08 23:30:00,"Zoo Park, Hyderabad - TSPCB",70.0,69.9972619047619,69.99982,0.0027380952381008,0.00018310546875,Moderate,Moderate,Moderate,#FFFF00
2025-05-09 00:30:00,"Zoo Park, Hyderabad - TSPCB",74.0,73.58353571428572,73.770035,0.4164642857142837,0.2299652099609375,Moderate,Moderate,Moderate,#FFFF00
2025-05-09 01:30:00,"Zoo Park, Hyderabad - TSPCB",71.0,70.99376190476191,71.07773,0.0062380952380891,0.077728271484375,Moderate,Moderate,Moderate,#FFFF00
2025-05-09 02:30:00,"Zoo Park, Hyderabad - TSPCB",68.0,67.96026984126986,68.180855,0.039730158730137,0.1808547973632812,Moderate,Moderate,Moderate,#FFFF00
2025-05-09 03:30:00,"Zoo Park, Hyderabad - TSPCB",66.0,66.24846825396827,66.311,0.2484682539682694,0.3109970092773437,Moderate,Moderate,Moderate,#FFFF00
2025-05-09 04:30:00,"Zoo Park, Hyderabad - TSPCB",89.0,88.75217712842715,88.40858,0.2478228715728505,0.5914230346679688,Moderate,Moderate,Moderate,#FFFF00
2025-05-09 05:30:00,"Zoo Park, Hyderabad - TSPCB",75.0,75.19090873015871,75.18045,0.1909087301587106,0.180450439453125,Moderate,Moderate,Moderate,#FFFF00
2025-05-09 06:30:00,"Zoo Park, Hyderabad - TSPCB",67.0,66.80134523809524,66.7367,0.1986547619047627,0.2632980346679687,Moderate,Moderate,Moderate,#FFFF00
2025-05-09 07:30:00,"Zoo Park, Hyderabad - TSPCB",64.0,63.96823015873016,64.230064,0.0317698412698419,0.2300643920898437,Moderate,Moderate,Moderate,#FFFF00
2025-05-09 08:30:00,"Zoo Park, Hyderabad - TSPCB",63.0,63.13155158730157,62.936478,0.1315515873015726,0.0635223388671875,Moderate,Moderate,Moderate,#FFFF00
2025-05-09 09:30:00,"Zoo Park, Hyderabad - TSPCB",67.0,67.32266991341994,67.569954,0.3226699134199435,0.5699539184570312,Moderate,Moderate,Moderate,#FFFF00
2025-05-09 10:30:00,"Zoo Park, Hyderabad - TSPCB",69.0,68.89013888888893,68.18611,0.1098611111110727,0.8138885498046875,Moderate,Moderate,Moderate,#FFFF00
2025-05-09 11:30:00,"Zoo Park, Hyderabad - TSPCB",95.0,94.75223809523813,95.13565,0.2477619047618873,0.135650634765625,Moderate,Moderate,Moderate,#FFFF00
2025-05-09 12:30:00,"Zoo Park, Hyderabad - TSPCB",114.0,109.6669484126984,113.734726,4.333051587301597,0.2652740478515625,Poor,Poor,Poor,#FF7E00
2025-05-09 13:30:00,"Zoo Park, Hyderabad - TSPCB",120.0,120.1042694805195,120.034294,0.1042694805195054,0.0342941284179687,Poor,Poor,Poor,#FF7E00
2025-05-09 14:30:00,"Zoo Park, Hyderabad - TSPCB",133.0,132.0185238095238,132.8733,0.9814761904762008,0.1266937255859375,Poor,Poor,Poor,#FF7E00
2025-05-09 15:30:00,"Zoo Park, Hyderabad - TSPCB",123.0,123.28032972582974,122.866936,0.2803297258297448,0.1330642700195312,Poor,Poor,Poor,#FF7E00
2025-05-09 16:30:00,"Zoo Park, Hyderabad - TSPCB",100.0,100.95541017316016,100.2316,0.9554101731601464,0.231597900390625,Moderate,Poor,Poor,#FFFF00
2025-05-09 17:30:00,"Zoo Park, Hyderabad - TSPCB",85.0,86.81001984126982,86.1871,1.8100198412698203,1.187103271484375,Moderate,Moderate,Moderate,#FFFF00
2025-05-09 18:30:00,"Zoo Park, Hyderabad - TSPCB",78.0,77.64521825396825,77.671165,0.3547817460317475,0.3288345336914062,Moderate,Moderate,Moderate,#FFFF00
2025-05-09 19:30:00,"Zoo Park, Hyderabad - TSPCB",71.0,70.53535531135529,70.75657,0.4646446886447108,0.2434310913085937,Moderate,Moderate,Moderate,#FFFF00
2025-05-09 20:30:00,"Zoo Park, Hyderabad - TSPCB",66.0,66.53130086580086,66.21962,0.5313008658008584,0.2196197509765625,Moderate,Moderate,Moderate,#FFFF00
2025-05-09 21:30:00,"Zoo Park, Hyderabad - TSPCB",67.0,66.86100937950935,66.906166,0.1389906204906452,0.0938339233398437,Moderate,Moderate,Moderate,#FFFF00
2025-05-09 22:30:00,"Zoo Park, Hyderabad - TSPCB",77.0,76.45490079365078,76.919426,0.5450992063492208,0.0805740356445312,Moderate,Moderate,Moderate,#FFFF00
2025-05-09 23:30:00,"Zoo Park, Hyderabad - TSPCB",86.0,85.68933333333332,85.76366,0.3106666666666768,0.2363433837890625,Moderate,Moderate,Moderate,#FFFF00
2025-05-10 00:30:00,"Zoo Park, Hyderabad - TSPCB",92.0,92.62488095238092,92.211205,0.6248809523809342,0.2112045288085937,Moderate,Moderate,Moderate,#FFFF00
2025-05-10 01:30:00,"Zoo Park, Hyderabad - TSPCB",500.0,500.0,499.93866,0.0,0.06134033203125,Severe,Severe,Severe,#8F3F97
2025-05-10 02:30:00,"Zoo Park, Hyderabad - TSPCB",62.0,62.32429761904761,62.31206,0.3242976190476128,0.3120613098144531,Moderate,Moderate,Moderate,#FFFF00
2025-05-10 03:30:00,"Zoo Park, Hyderabad - TSPCB",61.0,61.23568650793651,61.06247,0.2356865079365064,0.062469482421875,Moderate,Moderate,Moderate,#FFFF00
2025-05-10 04:30:00,"Zoo Park, Hyderabad - TSPCB",82.0,80.71980158730159,81.785515,1.280198412698411,0.2144851684570312,Moderate,Moderate,Moderate,#FFFF00
2025-05-10 05:30:00,"Zoo Park, Hyderabad - TSPCB",74.0,74.14076984126984,74.6055,0.1407698412698437,0.605499267578125,Moderate,Moderate,Moderate,#FFFF00
2025-05-10 06:30:00,"Zoo Park, Hyderabad - TSPCB",71.0,71.28338888888888,70.92656,0.2833888888888793,0.0734405517578125,Moderate,Moderate,Moderate,#FFFF00
2025-05-10 07:30:00,"Zoo Park, Hyderabad - TSPCB",60.0,61.1284126984127,60.325294,1.1284126984127028,0.3252944946289062,Moderate,Moderate,Moderate,#FFFF00
2025-05-10 08:30:00,"Zoo Park, Hyderabad - TSPCB",68.0,67.87540800865803,68.08977,0.1245919913419726,0.0897674560546875,Moderate,Moderate,Moderate,#FFFF00
2025-05-10 09:30:00,"Zoo Park, Hyderabad - TSPCB",500.0,496.34,499.93015,3.660000000000025,0.069854736328125,Severe,Severe,Severe,#8F3F97
2025-05-10 10:30:00,"Zoo Park, Hyderabad - TSPCB",64.0,64.49126190476188,64.14359,0.4912619047618847,0.1435928344726562,Moderate,Moderate,Moderate,#FFFF00
2025-05-10 11:30:00,"Zoo Park, Hyderabad - TSPCB",82.0,82.01173015873017,81.91698,0.0117301587301739,0.0830230712890625,Moderate,Moderate,Moderate,#FFFF00
2025-05-10 12:30:00,"Zoo Park, Hyderabad - TSPCB",86.0,86.67352380952383,85.99737,0.6735238095238287,0.0026321411132812,Moderate,Moderate,Moderate,#FFFF00
2025-05-10 13:30:00,"Zoo Park, Hyderabad - TSPCB",99.0,100.18172222222223,99.140854,1.1817222222222483,0.1408538818359375,Moderate,Poor,Moderate,#FFFF00
2025-05-10 14:30:00,"Zoo Park, Hyderabad - TSPCB",112.0,110.78804004329002,112.101585,1.2119599567099757,0.1015853881835937,Poor,Poor,Poor,#FF7E00
2025-05-10 15:30:00,"Zoo Park, Hyderabad - TSPCB",154.0,153.25910317460318,153.98283,0.7408968253968169,0.0171661376953125,Poor,Poor,Poor,#FF7E00
2025-05-10 16:30:00,"Zoo Park, Hyderabad - TSPCB",500.0,497.43,499.81332,2.569999999999993,0.186676025390625,Severe,Severe,Severe,#8F3F97
2025-05-10 17:30:00,"Zoo Park, Hyderabad - TSPCB",158.0,161.18170887445888,157.99814,3.1817088744588773,0.001861572265625,Poor,Poor,Poor,#FF7E00
2025-05-10 19:30:00,"Zoo Park, Hyderabad - TSPCB",144.0,144.0417023809524,143.95818,0.0417023809523868,0.0418243408203125,Poor,Poor,Poor,#FF7E00
2025-05-10 20:30:00,"Zoo Park, Hyderabad - TSPCB",142.0,142.0059761904762,141.94284,0.0059761904761899,0.057159423828125,Poor,Poor,Poor,#FF7E00
2025-05-10 21:30:00,"Zoo Park, Hyderabad - TSPCB",127.0,127.73367857142858,126.95071,0.7336785714285838,0.0492935180664062,Poor,Poor,Poor,#FF7E00
2025-05-10 22:30:00,"Zoo Park, Hyderabad - TSPCB",100.0,100.60954112554109,100.515724,0.6095411255410852,0.5157241821289062,Moderate,Poor,Poor,#FFFF00
2025-05-10 23:30:00,"Zoo Park, Hyderabad - TSPCB",93.0,93.43725505050504,92.764366,0.4372550505050441,0.2356338500976562,Moderate,Moderate,Moderate,#FFFF00
2025-05-11 00:30:00,"Zoo Park, Hyderabad - TSPCB",96.0,95.820433982684,95.44514,0.1795660173160058,0.5548629760742188,Moderate,Moderate,Moderate,#FFFF00
2025-05-11 01:30:00,"Zoo Park, Hyderabad - TSPCB",87.0,87.18361111111109,86.71442,0.1836111111110909,0.28558349609375,Moderate,Moderate,Moderate,#FFFF00
2025-05-11 02:30:00,"Zoo Park, Hyderabad - TSPCB",500.0,500.0,499.92786,0.0,0.0721435546875,Severe,Severe,Severe,#8F3F97
2025-05-11 03:30:00,"Zoo Park, Hyderabad - TSPCB",500.0,500.0,499.84863,0.0,0.1513671875,Severe,Severe,Severe,#8F3F97
2025-05-11 04:30:00,"Zoo Park, Hyderabad - TSPCB",60.0,62.59473015873015,60.086243,2.594730158730151,0.08624267578125,Moderate,Moderate,Moderate,#FFFF00
2025-05-11 05:30:00,"Zoo Park, Hyderabad - TSPCB",76.0,76.25573809523809,76.114265,0.2557380952380867,0.1142654418945312,Moderate,Moderate,Moderate,#FFFF00
2025-05-11 06:30:00,"Zoo Park, Hyderabad - TSPCB",75.0,74.99932539682538,74.841484,0.000674603174616,0.1585159301757812,Moderate,Moderate,Moderate,#FFFF00
2025-05-11 07:30:00,"Zoo Park, Hyderabad - TSPCB",78.0,78.98000396825398,78.70309,0.9800039682539818,0.7030868530273438,Moderate,Moderate,Moderate,#FFFF00
2025-05-11 08:30:00,"Zoo Park, Hyderabad - TSPCB",89.0,88.77677380952379,89.11091,0.2232261904762111,0.1109085083007812,Moderate,Moderate,Moderate,#FFFF00
2025-05-11 09:30:00,"Zoo Park, Hyderabad - TSPCB",113.0,110.33280735930734,113.088394,2.6671926406926616,0.0883941650390625,Poor,Poor,Poor,#FF7E00
2025-05-11 10:30:00,"Zoo Park, Hyderabad - TSPCB",98.0,98.71511904761904,97.65406,0.7151190476190266,0.3459396362304687,Moderate,Moderate,Moderate,#FFFF00
2025-05-11 11:30:00,"Zoo Park, Hyderabad - TSPCB",115.0,112.72014682539678,115.033264,2.2798531746032182,0.03326416015625,Poor,Poor,Poor,#FF7E00
2025-05-11 12:30:00,"Zoo Park, Hyderabad - TSPCB",145.0,141.1805595238095,144.8217,3.819440476190465,0.1782989501953125,Poor,Poor,Poor,#FF7E00
2025-05-11 13:30:00,"Zoo Park, Hyderabad - TSPCB",130.0,130.45926984126984,130.06943,0.4592698412698439,0.069427490234375,Poor,Poor,Poor,#FF7E00
2025-05-11 14:30:00,"Zoo Park, Hyderabad - TSPCB",83.0,83.69240873015873,83.60436,0.692408730158732,0.6043624877929688,Moderate,Moderate,Moderate,#FFFF00
2025-05-11 15:30:00,"Zoo Park, Hyderabad - TSPCB",82.0,81.15816666666667,81.75407,0.8418333333333266,0.2459335327148437,Moderate,Moderate,Moderate,#FFFF00
2025-05-11 16:30:00,"Zoo Park, Hyderabad - TSPCB",71.0,71.82935714285713,71.12866,0.829357142857134,0.128662109375,Moderate,Moderate,Moderate,#FFFF00
2025-05-11 17:30:00,"Zoo Park, Hyderabad - TSPCB",72.0,72.06676587301587,72.030754,0.0667658730158677,0.0307540893554687,Moderate,Moderate,Moderate,#FFFF00
2025-05-11 18:30:00,"Zoo Park, Hyderabad - TSPCB",75.0,75.37205555555555,74.94985,0.3720555555555478,0.0501480102539062,Moderate,Moderate,Moderate,#FFFF00
2025-05-11 19:30:00,"Zoo Park, Hyderabad - TSPCB",70.0,70.38504365079365,70.31892,0.3850436507936479,0.3189163208007812,Moderate,Moderate,Moderate,#FFFF00
2025-05-11 20:30:00,"Zoo Park, Hyderabad - TSPCB",63.0,63.38988888888889,62.85718,0.3898888888888905,0.1428184509277343,Moderate,Moderate,Moderate,#FFFF00
2025-05-11 21:30:00,"Zoo Park, Hyderabad - TSPCB",60.0,60.4515,60.193184,0.4514999999999958,0.1931838989257812,Moderate,Moderate,Moderate,#FFFF00
2025-05-11 22:30:00,"Zoo Park, Hyderabad - TSPCB",58.0,58.84640079365077,58.003918,0.8464007936507727,0.0039176940917968,Moderate,Moderate,Moderate,#FFFF00
2025-05-11 23:30:00,"Zoo Park, Hyderabad - TSPCB",61.0,60.61941341991343,60.948986,0.3805865800865717,0.0510139465332031,Moderate,Moderate,Moderate,#FFFF00
2025-05-12 00:30:00,"Zoo Park, Hyderabad - TSPCB",63.0,63.1447575757576,63.216335,0.1447575757575947,0.2163352966308593,Moderate,Moderate,Moderate,#FFFF00
2025-05-12 01:30:00,"Zoo Park, Hyderabad - TSPCB",67.0,66.49855352980353,66.3918,0.5014464701964698,0.6082000732421875,Moderate,Moderate,Moderate,#FFFF00
2025-05-12 02:30:00,"Zoo Park, Hyderabad - TSPCB",66.0,66.22582264957265,66.32064,0.2258226495726489,0.3206405639648437,Moderate,Moderate,Moderate,#FFFF00
2025-05-12 03:30:00,"Zoo Park, Hyderabad - TSPCB",67.0,67.02528354978357,67.09663,0.0252835497835661,0.0966262817382812,Moderate,Moderate,Moderate,#FFFF00
2025-05-12 04:30:00,"Zoo Park, Hyderabad - TSPCB",82.0,82.80230158730159,82.114265,0.8023015873015851,0.1142654418945312,Moderate,Moderate,Moderate,#FFFF00
2025-05-12 05:30:00,"Zoo Park, Hyderabad - TSPCB",86.0,86.65503571428572,85.81772,0.6550357142857166,0.182281494140625,Moderate,Moderate,Moderate,#FFFF00
2025-05-12 06:30:00,"Zoo Park, Hyderabad - TSPCB",75.0,75.40933333333332,75.52463,0.409333333333322,0.524627685546875,Moderate,Moderate,Moderate,#FFFF00
2025-05-12 07:30:00,"Zoo Park, Hyderabad - TSPCB",65.0,65.42776767676766,65.18907,0.4277676767676581,0.1890716552734375,Moderate,Moderate,Moderate,#FFFF00
2025-05-12 08:30:00,"Zoo Park, Hyderabad - TSPCB",67.0,67.4545,67.01036,0.4544999999999959,0.0103607177734375,Moderate,Moderate,Moderate,#FFFF00
2025-05-12 09:30:00,"Zoo Park, Hyderabad - TSPCB",92.0,90.65407683982689,91.895676,1.345923160173129,0.1043243408203125,Moderate,Moderate,Moderate,#FFFF00
2025-05-12 10:30:00,"Zoo Park, Hyderabad - TSPCB",96.0,95.92809126984127,95.55736,0.0719087301587251,0.4426422119140625,Moderate,Moderate,Moderate,#FFFF00
2025-05-12 11:30:00,"Zoo Park, Hyderabad - TSPCB",104.0,103.98508333333332,103.88249,0.0149166666666928,0.1175079345703125,Poor,Poor,Poor,#FF7E00
2025-05-12 12:30:00,"Zoo Park, Hyderabad - TSPCB",95.0,95.38933333333335,94.924614,0.3893333333333544,0.0753860473632812,Moderate,Moderate,Moderate,#FFFF00
2025-05-12 13:30:00,"Zoo Park, Hyderabad - TSPCB",82.0,81.46281746031747,81.50047,0.5371825396825329,0.4995269775390625,Moderate,Moderate,Moderate,#FFFF00
2025-05-12 14:30:00,"Zoo Park, Hyderabad - TSPCB",81.0,80.63172294372293,80.98118,0.3682770562770656,0.0188217163085937,Moderate,Moderate,Moderate,#FFFF00
2025-05-12 15:30:00,"Zoo Park, Hyderabad - TSPCB",73.0,72.94382539682539,73.240135,0.056174603174611,0.2401351928710937,Moderate,Moderate,Moderate,#FFFF00
2025-05-12 16:30:00,"Zoo Park, Hyderabad - TSPCB",79.0,79.42465692640694,79.29252,0.4246569264069393,0.2925186157226562,Moderate,Moderate,Moderate,#FFFF00
2025-05-12 17:30:00,"Zoo Park, Hyderabad - TSPCB",70.0,69.93754365079366,70.09569,0.062456349206343,0.0956878662109375,Moderate,Moderate,Moderate,#FFFF00
2025-05-12 18:30:00,"Zoo Park, Hyderabad - TSPCB",67.0,66.62466666666668,66.78013,0.375333333333316,0.2198715209960937,Moderate,Moderate,Moderate,#FFFF00
2025-05-12 19:30:00,"Zoo Park, Hyderabad - TSPCB",64.0,64.05023809523809,63.859383,0.050238095238086,0.1406173706054687,Moderate,Moderate,Moderate,#FFFF00
2025-05-12 20:30:00,"Zoo Park, Hyderabad - TSPCB",61.0,61.394440476190496,61.12916,0.3944404761904962,0.1291618347167968,Moderate,Moderate,Moderate,#FFFF00
2025-05-12 21:30:00,"Zoo Park, Hyderabad - TSPCB",61.0,61.09716666666667,60.972935,0.0971666666666735,0.0270652770996093,Moderate,Moderate,Moderate,#FFFF00
2025-05-12 22:30:00,"Zoo Park, Hyderabad - TSPCB",66.0,65.4517261904762,66.31179,0.5482738095238062,0.3117904663085937,Moderate,Moderate,Moderate,#FFFF00
2025-05-12 23:30:00,"Zoo Park, Hyderabad - TSPCB",70.0,68.72721825396826,69.88797,1.2727817460317397,0.112030029296875,Moderate,Moderate,Moderate,#FFFF00
2025-05-13 00:30:00,"Zoo Park, Hyderabad - TSPCB",67.0,67.2309126984127,67.181564,0.2309126984126948,0.1815643310546875,Moderate,Moderate,Moderate,#FFFF00
2025-05-13 01:30:00,"Zoo Park, Hyderabad - TSPCB",72.0,70.6137045177045,72.39692,1.3862954822954947,0.3969192504882812,Moderate,Moderate,Moderate,#FFFF00
2025-05-13 02:30:00,"Zoo Park, Hyderabad - TSPCB",71.0,69.7332857142857,70.17143,1.2667142857143006,0.8285675048828125,Moderate,Moderate,Moderate,#FFFF00
2025-05-13 03:30:00,"Zoo Park, Hyderabad - TSPCB",66.0,66.44121428571428,66.13199,0.4412142857142811,0.131988525390625,Moderate,Moderate,Moderate,#FFFF00
2025-05-13 04:30:00,"Zoo Park, Hyderabad - TSPCB",96.0,95.92009523809529,95.77433,0.0799047619047286,0.2256698608398437,Moderate,Moderate,Moderate,#FFFF00
2025-05-13 05:30:00,"Zoo Park, Hyderabad - TSPCB",99.0,96.96639285714282,99.0207,2.0336071428571785,0.0206985473632812,Moderate,Moderate,Moderate,#FFFF00
2025-05-13 06:30:00,"Zoo Park, Hyderabad - TSPCB",95.0,95.27947619047616,94.877144,0.2794761904761742,0.1228561401367187,Moderate,Moderate,Moderate,#FFFF00
2025-05-13 07:30:00,"Zoo Park, Hyderabad - TSPCB",90.0,90.51567857142858,90.137215,0.5156785714285803,0.1372146606445312,Moderate,Moderate,Moderate,#FFFF00
2025-05-13 08:30:00,"Zoo Park, Hyderabad - TSPCB",75.0,73.00944047619049,74.142784,1.9905595238095088,0.8572158813476562,Moderate,Moderate,Moderate,#FFFF00
2025-05-13 09:30:00,"Zoo Park, Hyderabad - TSPCB",99.0,99.74953571428576,98.93673,0.7495357142857699,0.0632705688476562,Moderate,Moderate,Moderate,#FFFF00
2025-05-13 10:30:00,"Zoo Park, Hyderabad - TSPCB",87.0,88.08023412698412,87.23303,1.0802341269841236,0.2330322265625,Moderate,Moderate,Moderate,#FFFF00
2025-05-13 11:30:00,"Zoo Park, Hyderabad - TSPCB",108.0,106.63536507936507,108.04407,1.3646349206349129,0.0440673828125,Poor,Poor,Poor,#FF7E00
2025-05-13 12:30:00,"Zoo Park, Hyderabad - TSPCB",500.0,497.43,499.92358,2.569999999999993,0.076416015625,Severe,Severe,Severe,#8F3F97
2025-05-13 13:30:00,"Zoo Park, Hyderabad - TSPCB",109.0,106.70835714285715,109.07186,2.2916428571428327,0.0718612670898437,Poor,Poor,Poor,#FF7E00
2025-05-13 14:30:00,"Zoo Park, Hyderabad - TSPCB",97.0,99.4626507936508,97.04905,2.462650793650809,0.0490493774414062,Moderate,Moderate,Moderate,#FFFF00
2025-05-13 15:30:00,"Zoo Park, Hyderabad - TSPCB",111.0,109.01091666666662,110.73014,1.989083333333383,0.2698593139648437,Poor,Poor,Poor,#FF7E00
2025-05-13 16:30:00,"Zoo Park, Hyderabad - TSPCB",104.0,104.4632738095238,103.89824,0.4632738095238125,0.1017608642578125,Poor,Poor,Poor,#FF7E00
2025-05-13 17:30:00,"Zoo Park, Hyderabad - TSPCB",82.0,82.55934523809523,81.80597,0.5593452380952328,0.19403076171875,Moderate,Moderate,Moderate,#FFFF00
2025-05-13 18:30:00,"Zoo Park, Hyderabad - TSPCB",57.0,60.42409126984125,57.209812,3.4240912698412487,0.2098121643066406,Moderate,Moderate,Moderate,#FFFF00
2025-05-13 19:30:00,"Zoo Park, Hyderabad - TSPCB",60.0,60.599079365079376,60.112114,0.5990793650793762,0.1121139526367187,Moderate,Moderate,Moderate,#FFFF00
2025-05-13 20:30:00,"Zoo Park, Hyderabad - TSPCB",59.0,59.020539682539685,59.015846,0.0205396825396846,0.0158462524414062,Moderate,Moderate,Moderate,#FFFF00
2025-05-13 21:30:00,"Zoo Park, Hyderabad - TSPCB",58.0,58.610444444444425,58.07356,0.6104444444444255,0.0735588073730468,Moderate,Moderate,Moderate,#FFFF00
2025-05-13 22:30:00,"Zoo Park, Hyderabad - TSPCB",60.0,59.91718650793651,60.035316,0.0828134920634866,0.0353164672851562,Moderate,Moderate,Moderate,#FFFF00
2025-05-13 23:30:00,"Zoo Park, Hyderabad - TSPCB",59.0,59.35504761904762,59.47805,0.3550476190476175,0.4780502319335937,Moderate,Moderate,Moderate,#FFFF00
2025-05-14 00:30:00,"Zoo Park, Hyderabad - TSPCB",59.0,59.24851984126985,59.029934,0.2485198412698466,0.0299339294433593,Moderate,Moderate,Moderate,#FFFF00
2025-05-14 01:30:00,"Zoo Park, Hyderabad - TSPCB",62.0,62.18492532467531,62.085896,0.1849253246753122,0.0858955383300781,Moderate,Moderate,Moderate,#FFFF00
2025-05-14 02:30:00,"Zoo Park, Hyderabad - TSPCB",76.0,75.23873015873016,75.84796,0.7612698412698364,0.15203857421875,Moderate,Moderate,Moderate,#FFFF00
2025-05-14 03:30:00,"Zoo Park, Hyderabad - TSPCB",91.0,91.24545526695528,91.097145,0.2454552669552754,0.0971450805664062,Moderate,Moderate,Moderate,#FFFF00
2025-05-14 04:30:00,"Zoo Park, Hyderabad - TSPCB",98.0,99.3895974025974,98.22842,1.3895974025973885,0.2284164428710937,Moderate,Moderate,Moderate,#FFFF00
2025-05-14 05:30:00,"Zoo Park, Hyderabad - TSPCB",106.0,105.8562023809524,106.22946,0.1437976190476035,0.229461669921875,Poor,Poor,Poor,#FF7E00
2025-05-14 06:30:00,"Zoo Park, Hyderabad - TSPCB",124.0,119.45590842490844,123.75959,4.544091575091571,0.2404098510742187,Poor,Poor,Poor,#FF7E00
2025-05-14 07:30:00,"Zoo Park, Hyderabad - TSPCB",110.0,109.52566666666668,109.92389,0.4743333333333197,0.07611083984375,Poor,Poor,Poor,#FF7E00
2025-05-14 08:30:00,"Zoo Park, Hyderabad - TSPCB",92.0,93.89132720057717,92.1459,1.891327200577166,0.1458969116210937,Moderate,Moderate,Moderate,#FFFF00
2025-05-14 09:30:00,"Zoo Park, Hyderabad - TSPCB",96.0,96.92490873015872,96.5149,0.9249087301587338,0.5149002075195312,Moderate,Moderate,Moderate,#FFFF00
2025-05-14 10:30:00,"Zoo Park, Hyderabad - TSPCB",121.0,114.34483699633698,120.54004,6.65516300366302,0.4599609375,Poor,Poor,Poor,#FF7E00
2025-05-14 11:30:00,"Zoo Park, Hyderabad - TSPCB",121.0,116.70365842490844,120.45909,4.296341575091574,0.5409088134765625,Poor,Poor,Poor,#FF7E00
2025-05-14 12:30:00,"Zoo Park, Hyderabad - TSPCB",78.0,78.11937698412697,78.237656,0.1193769841269727,0.2376556396484375,Moderate,Moderate,Moderate,#FFFF00
2025-05-14 13:30:00,"Zoo Park, Hyderabad - TSPCB",70.0,70.01638888888887,69.98243,0.0163888888888692,0.0175704956054687,Moderate,Moderate,Moderate,#FFFF00
2025-05-14 14:30:00,"Zoo Park, Hyderabad - TSPCB",71.0,70.91629365079363,71.03217,0.0837063492063663,0.0321731567382812,Moderate,Moderate,Moderate,#FFFF00
2025-05-14 15:30:00,"Zoo Park, Hyderabad - TSPCB",73.0,72.938123015873,73.0359,0.0618769841269966,0.0358963012695312,Moderate,Moderate,Moderate,#FFFF00
2025-05-14 16:30:00,"Zoo Park, Hyderabad - TSPCB",72.0,71.94283333333334,72.07484,0.0571666666666601,0.0748367309570312,Moderate,Moderate,Moderate,#FFFF00
2025-05-14 17:30:00,"Zoo Park, Hyderabad - TSPCB",74.0,74.28984126984128,73.86945,0.2898412698412755,0.1305465698242187,Moderate,Moderate,Moderate,#FFFF00
2025-05-14 18:30:00,"Zoo Park, Hyderabad - TSPCB",76.0,75.90788095238095,75.73033,0.0921190476190503,0.2696685791015625,Moderate,Moderate,Moderate,#FFFF00
2025-05-14 19:30:00,"Zoo Park, Hyderabad - TSPCB",500.0,500.0,499.91348,0.0,0.086517333984375,Severe,Severe,Severe,#8F3F97
2025-05-14 20:30:00,"Zoo Park, Hyderabad - TSPCB",500.0,500.0,499.9224,0.0,0.077606201171875,Severe,Severe,Severe,#8F3F97
2025-05-14 21:30:00,"Zoo Park, Hyderabad - TSPCB",76.0,77.41530555555555,76.69454,1.4153055555555485,0.6945419311523438,Moderate,Moderate,Moderate,#FFFF00
2025-05-14 22:30:00,"Zoo Park, Hyderabad - TSPCB",76.0,75.94960714285716,76.08834,0.0503928571428389,0.0883407592773437,Moderate,Moderate,Moderate,#FFFF00
2025-05-14 23:30:00,"Zoo Park, Hyderabad - TSPCB",67.0,66.71016666666665,66.904396,0.2898333333333482,0.0956039428710937,Moderate,Moderate,Moderate,#FFFF00
2025-05-15 00:30:00,"Zoo Park, Hyderabad - TSPCB",63.0,63.32609920634919,62.975403,0.3260992063491912,0.02459716796875,Moderate,Moderate,Moderate,#FFFF00
2025-05-15 01:30:00,"Zoo Park, Hyderabad - TSPCB",68.0,65.61053715728717,67.67363,2.389462842712831,0.3263702392578125,Moderate,Moderate,Moderate,#FFFF00
2025-05-15 02:30:00,"Zoo Park, Hyderabad - TSPCB",500.0,491.9721428571429,499.93503,8.027857142857158,0.064971923828125,Severe,Severe,Severe,#8F3F97
2025-05-15 03:30:00,"Zoo Park, Hyderabad - TSPCB",62.0,61.23194047619047,61.93691,0.7680595238095265,0.0630912780761718,Moderate,Moderate,Moderate,#FFFF00
2025-05-15 04:30:00,"Zoo Park, Hyderabad - TSPCB",55.0,57.89030014430014,55.27648,2.890300144300141,0.2764816284179687,Moderate,Moderate,Moderate,#FFFF00
2025-05-15 05:30:00,"Zoo Park, Hyderabad - TSPCB",75.0,73.20234920634923,74.9607,1.7976507936507744,0.0392990112304687,Moderate,Moderate,Moderate,#FFFF00
2025-05-15 06:30:00,"Zoo Park, Hyderabad - TSPCB",70.0,69.25846031746032,69.96164,0.7415396825396812,0.038360595703125,Moderate,Moderate,Moderate,#FFFF00
2025-05-15 07:30:00,"Zoo Park, Hyderabad - TSPCB",59.0,60.81725793650793,59.081074,1.8172579365079289,0.0810737609863281,Moderate,Moderate,Moderate,#FFFF00
2025-05-15 08:30:00,"Zoo Park, Hyderabad - TSPCB",54.0,55.84811507936507,54.178856,1.848115079365073,0.1788558959960937,Moderate,Moderate,Moderate,#FFFF00
2025-05-15 09:30:00,"Zoo Park, Hyderabad - TSPCB",77.0,73.03722619047619,76.52601,3.96277380952381,0.4739913940429687,Moderate,Moderate,Moderate,#FFFF00
2025-05-15 10:30:00,"Zoo Park, Hyderabad - TSPCB",56.0,57.122274891774886,56.15484,1.122274891774886,0.1548385620117187,Moderate,Moderate,Moderate,#FFFF00
2025-05-15 11:30:00,"Zoo Park, Hyderabad - TSPCB",66.0,65.47327705627707,66.066376,0.5267229437229304,0.066375732421875,Moderate,Moderate,Moderate,#FFFF00
2025-05-15 12:30:00,"Zoo Park, Hyderabad - TSPCB",64.0,62.11926551226552,63.90744,1.880734487734486,0.092559814453125,Moderate,Moderate,Moderate,#FFFF00
2025-05-15 13:30:00,"Zoo Park, Hyderabad - TSPCB",66.0,65.69320238095241,66.041374,0.306797619047586,0.0413742065429687,Moderate,Moderate,Moderate,#FFFF00
2025-05-15 14:30:00,"Zoo Park, Hyderabad - TSPCB",76.0,76.02937301587302,75.87837,0.0293730158730198,0.1216278076171875,Moderate,Moderate,Moderate,#FFFF00
2025-05-15 15:30:00,"Zoo Park, Hyderabad - TSPCB",86.0,87.19396645021648,86.00782,1.1939664502164788,0.0078201293945312,Moderate,Moderate,Moderate,#FFFF00
2025-05-15 16:30:00,"Zoo Park, Hyderabad - TSPCB",86.0,87.94243867243867,85.96099,1.9424386724386693,0.0390090942382812,Moderate,Moderate,Moderate,#FFFF00
2025-05-15 17:30:00,"Zoo Park, Hyderabad - TSPCB",500.0,500.0,499.93048,0.0,0.06951904296875,Severe,Severe,Severe,#8F3F97
2025-05-15 18:30:00,"Zoo Park, Hyderabad - TSPCB",73.0,73.83249999999998,72.997536,0.8324999999999818,0.0024642944335937,Moderate,Moderate,Moderate,#FFFF00
2025-05-15 19:30:00,"Zoo Park, Hyderabad - TSPCB",63.0,64.67845238095236,63.007072,1.6784523809523648,0.0070724487304687,Moderate,Moderate,Moderate,#FFFF00
2025-05-15 20:30:00,"Zoo Park, Hyderabad - TSPCB",55.0,57.16265476190477,55.195602,2.1626547619047685,0.1956024169921875,Moderate,Moderate,Moderate,#FFFF00
2025-05-15 21:30:00,"Zoo Park, Hyderabad - TSPCB",58.0,56.83383333333334,57.98285,1.166166666666662,0.01715087890625,Moderate,Moderate,Moderate,#FFFF00
2025-05-15 22:30:00,"Zoo Park, Hyderabad - TSPCB",54.0,53.68882142857143,54.002327,0.3111785714285702,0.0023269653320312,Moderate,Moderate,Moderate,#FFFF00
2025-05-15 23:30:00,"Zoo Park, Hyderabad - TSPCB",47.0,51.54041666666666,47.57729,4.540416666666658,0.5772895812988281,Good,Moderate,Good,#00E400
2025-05-16 00:30:00,"Zoo Park, Hyderabad - TSPCB",49.0,51.87108333333333,49.058212,2.871083333333324,0.0582122802734375,Good,Moderate,Good,#00E400
2025-05-16 01:30:00,"Zoo Park, Hyderabad - TSPCB",69.0,64.840626984127,68.49271,4.159373015873001,0.507293701171875,Moderate,Moderate,Moderate,#FFFF00
2025-05-16 02:30:00,"Zoo Park, Hyderabad - TSPCB",102.0,97.08880555555557,101.917015,4.911194444444433,0.0829849243164062,Poor,Moderate,Poor,#FF7E00
2025-05-16 03:30:00,"Zoo Park, Hyderabad - TSPCB",88.0,90.55758333333333,87.981804,2.5575833333333264,0.0181961059570312,Moderate,Moderate,Moderate,#FFFF00
2025-05-16 04:30:00,"Zoo Park, Hyderabad - TSPCB",87.0,87.52630952380952,87.29539,0.5263095238095161,0.2953872680664062,Moderate,Moderate,Moderate,#FFFF00
2025-05-16 05:30:00,"Zoo Park, Hyderabad - TSPCB",88.0,88.34767063492063,87.827995,0.3476706349206324,0.1720046997070312,Moderate,Moderate,Moderate,#FFFF00
2025-05-16 06:30:00,"Zoo Park, Hyderabad - TSPCB",86.0,86.45659523809522,85.99683,0.4565952380952183,0.0031661987304687,Moderate,Moderate,Moderate,#FFFF00
2025-05-16 07:30:00,"Zoo Park, Hyderabad - TSPCB",75.0,74.14897619047619,74.730354,0.8510238095238094,0.2696456909179687,Moderate,Moderate,Moderate,#FFFF00
2025-05-16 08:30:00,"Zoo Park, Hyderabad - TSPCB",70.0,69.62741666666665,69.90883,0.3725833333333526,0.0911712646484375,Moderate,Moderate,Moderate,#FFFF00
2025-05-16 09:30:00,"Zoo Park, Hyderabad - TSPCB",72.0,71.79561904761904,71.98484,0.2043809523809585,0.0151596069335937,Moderate,Moderate,Moderate,#FFFF00
2025-05-16 10:30:00,"Zoo Park, Hyderabad - TSPCB",66.0,65.76982142857142,66.1835,0.2301785714285813,0.183502197265625,Moderate,Moderate,Moderate,#FFFF00
2025-05-16 11:30:00,"Zoo Park, Hyderabad - TSPCB",500.0,491.7220833333333,499.96805,8.277916666666727,0.031951904296875,Severe,Severe,Severe,#8F3F97
2025-05-16 12:30:00,"Zoo Park, Hyderabad - TSPCB",62.0,63.322880952380935,62.25708,1.3228809523809346,0.257080078125,Moderate,Moderate,Moderate,#FFFF00
2025-05-16 13:30:00,"Zoo Park, Hyderabad - TSPCB",65.0,65.38541666666667,64.9711,0.3854166666666714,0.028900146484375,Moderate,Moderate,Moderate,#FFFF00
2025-05-16 14:30:00,"Zoo Park, Hyderabad - TSPCB",81.0,73.7841904761905,76.722626,7.215809523809497,4.277374267578125,Moderate,Moderate,Moderate,#FFFF00
2025-05-16 15:30:00,"Zoo Park, Hyderabad - TSPCB",91.0,94.5158968253968,88.71721,3.5158968253968084,2.2827911376953125,Moderate,Moderate,Moderate,#FFFF00
2025-05-16 16:30:00,"Zoo Park, Hyderabad - TSPCB",87.0,87.31937301587301,85.20759,0.3193730158730119,1.7924118041992188,Moderate,Moderate,Moderate,#FFFF00
2025-05-16 17:30:00,"Zoo Park, Hyderabad - TSPCB",89.0,88.54269444444444,86.459465,0.457305555555564,2.5405349731445312,Moderate,Moderate,Moderate,#FFFF00
2025-05-16 18:30:00,"Zoo Park, Hyderabad - TSPCB",68.0,69.08892673992673,68.38749,1.088926739926734,0.3874893188476562,Moderate,Moderate,Moderate,#FFFF00
2025-05-16 19:30:00,"Zoo Park, Hyderabad - TSPCB",62.0,63.85173412698413,63.051006,1.8517341269841268,1.051006317138672,Moderate,Moderate,Moderate,#FFFF00
2025-05-16 20:30:00,"Zoo Park, Hyderabad - TSPCB",60.0,59.77508730158731,58.521275,0.2249126984126874,1.4787254333496094,Moderate,Moderate,Moderate,#FFFF00
2025-05-16 21:30:00,"Zoo Park, Hyderabad - TSPCB",59.0,59.29750505050505,58.64098,0.2975050505050518,0.3590202331542969,Moderate,Moderate,Moderate,#FFFF00
2025-05-16 22:30:00,"Zoo Park, Hyderabad - TSPCB",60.0,59.35735028860029,59.827507,0.6426497113997058,0.1724929809570312,Moderate,Moderate,Moderate,#FFFF00
2025-05-16 23:30:00,"Zoo Park, Hyderabad - TSPCB",67.0,65.73990476190477,67.64871,1.2600952380952322,0.648712158203125,Moderate,Moderate,Moderate,#FFFF00
2025-05-17 00:30:00,"Zoo Park, Hyderabad - TSPCB",67.0,66.30295238095238,65.10026,0.6970476190476234,1.899742126464844,Moderate,Moderate,Moderate,#FFFF00
2025-05-17 01:30:00,"Zoo Park, Hyderabad - TSPCB",65.0,65.28771031746032,65.40036,0.2877103174603235,0.400360107421875,Moderate,Moderate,Moderate,#FFFF00
2025-05-17 02:30:00,"Zoo Park, Hyderabad - TSPCB",77.0,77.86947222222223,80.67558,0.8694722222222282,3.675582885742188,Moderate,Moderate,Moderate,#FFFF00
2025-05-17 03:30:00,"Zoo Park, Hyderabad - TSPCB",95.0,92.4820714285714,96.82897,2.517928571428598,1.8289718627929688,Moderate,Moderate,Moderate,#FFFF00
2025-05-17 04:30:00,"Zoo Park, Hyderabad - TSPCB",89.0,89.69022474747474,91.00182,0.690224747474744,2.0018234252929688,Moderate,Moderate,Moderate,#FFFF00
2025-05-17 05:30:00,"Zoo Park, Hyderabad - TSPCB",79.0,80.04850396825397,79.79753,1.048503968253968,0.7975311279296875,Moderate,Moderate,Moderate,#FFFF00
2025-05-17 06:30:00,"Zoo Park, Hyderabad - TSPCB",78.0,80.43471645021647,79.75614,2.43471645021647,1.7561416625976562,Moderate,Moderate,Moderate,#FFFF00
2025-05-17 07:30:00,"Zoo Park, Hyderabad - TSPCB",116.0,114.43696825396826,112.25034,1.56303174603174,3.7496566772460938,Poor,Poor,Poor,#FF7E00
2025-05-17 08:30:00,"Zoo Park, Hyderabad - TSPCB",145.0,144.90234523809522,146.09966,0.0976547619047778,1.0996551513671875,Poor,Poor,Poor,#FF7E00
2025-05-17 09:30:00,"Zoo Park, Hyderabad - TSPCB",118.0,112.22276984126984,113.562325,5.7772301587301484,4.437675476074219,Poor,Poor,Poor,#FF7E00
2025-05-17 10:30:00,"Zoo Park, Hyderabad - TSPCB",84.0,89.4307658730159,87.54776,5.4307658730159005,3.547760009765625,Moderate,Moderate,Moderate,#FFFF00
2025-05-17 11:30:00,"Zoo Park, Hyderabad - TSPCB",97.0,98.0763253968254,100.343864,1.0763253968253963,3.3438644409179688,Moderate,Moderate,Poor,#FFFF00
2025-05-17 12:30:00,"Zoo Park, Hyderabad - TSPCB",176.0,141.2454523809524,142.99995,34.7545476190476,33.00004577636719,Poor,Poor,Poor,#FF7E00
2025-05-17 13:30:00,"Zoo Park, Hyderabad - TSPCB",187.0,174.74353571428574,175.91238,12.25646428571426,11.087615966796877,Poor,Poor,Poor,#FF7E00
2025-05-17 14:30:00,"Zoo Park, Hyderabad - TSPCB",169.0,169.2135238095238,168.86867,0.2135238095237923,0.1313323974609375,Poor,Poor,Poor,#FF7E00
2025-05-17 15:30:00,"Zoo Park, Hyderabad - TSPCB",500.0,494.0033333333333,499.49927,5.99666666666667,0.500732421875,Severe,Severe,Severe,#8F3F97
2025-05-17 16:30:00,"Zoo Park, Hyderabad - TSPCB",181.0,245.8895158730158,184.23303,64.8895158730158,3.2330322265625,Poor,Very Poor,Poor,#FF7E00
2025-05-17 17:30:00,"Zoo Park, Hyderabad - TSPCB",176.0,236.9899880952381,179.54762,60.98998809523812,3.5476226806640625,Poor,Very Poor,Poor,#FF7E00
2025-05-19 04:30:00,"Zoo Park, Hyderabad - TSPCB",24.0,175.0737738095238,176.25923,151.0737738095238,152.2592315673828,Good,Poor,Poor,#00E400
2025-05-19 08:30:00,"Zoo Park, Hyderabad - TSPCB",66.0,174.37977380952384,169.46611,108.37977380952384,103.4661102294922,Moderate,Poor,Poor,#FFFF00
2025-05-19 09:30:00,"Zoo Park, Hyderabad - TSPCB",73.0,173.61391666666665,169.19876,100.61391666666664,96.19876098632812,Moderate,Poor,Poor,#FFFF00
2025-05-19 10:30:00,"Zoo Park, Hyderabad - TSPCB",118.0,89.87266666666665,107.29936,28.127333333333358,10.700637817382812,Poor,Moderate,Poor,#FF7E00
2025-05-19 11:30:00,"Zoo Park, Hyderabad - TSPCB",113.0,110.42025,115.723694,2.579750000000004,2.72369384765625,Poor,Poor,Poor,#FF7E00
2025-05-19 12:30:00,"Zoo Park, Hyderabad - TSPCB",110.0,110.05096031746032,111.698204,0.0509603174603086,1.6982040405273438,Poor,Poor,Poor,#FF7E00
2025-05-19 13:30:00,"Zoo Park, Hyderabad - TSPCB",107.0,105.87528968253966,107.23336,1.124710317460341,0.2333602905273437,Poor,Poor,Poor,#FF7E00
2025-05-19 14:30:00,"Zoo Park, Hyderabad - TSPCB",97.0,85.33397763347764,95.75123,11.666022366522355,1.2487716674804688,Moderate,Moderate,Moderate,#FFFF00
2025-05-19 15:30:00,"Zoo Park, Hyderabad - TSPCB",89.0,72.95713095238094,75.01922,16.042869047619064,13.98078155517578,Moderate,Moderate,Moderate,#FFFF00
2025-05-19 16:30:00,"Zoo Park, Hyderabad - TSPCB",81.0,70.37185714285714,69.894104,10.628142857142862,11.10589599609375,Moderate,Moderate,Moderate,#FFFF00
2025-05-19 17:30:00,"Zoo Park, Hyderabad - TSPCB",73.0,67.3939841269841,70.4502,5.606015873015906,2.5497970581054688,Moderate,Moderate,Moderate,#FFFF00
2025-05-19 18:30:00,"Zoo Park, Hyderabad - TSPCB",69.0,66.48520634920634,66.91855,2.5147936507936635,2.081451416015625,Moderate,Moderate,Moderate,#FFFF00
2025-05-19 19:30:00,"Zoo Park, Hyderabad - TSPCB",74.0,67.38260317460316,68.048744,6.617396825396838,5.951255798339844,Moderate,Moderate,Moderate,#FFFF00
2025-05-19 20:30:00,"Zoo Park, Hyderabad - TSPCB",81.0,68.12609126984125,69.76523,12.873908730158746,11.234771728515623,Moderate,Moderate,Moderate,#FFFF00
2025-05-19 21:30:00,"Zoo Park, Hyderabad - TSPCB",86.0,69.20800793650793,74.21904,16.791992063492074,11.780960083007812,Moderate,Moderate,Moderate,#FFFF00
2025-05-19 22:30:00,"Zoo Park, Hyderabad - TSPCB",83.0,68.9576984126984,69.96959,14.042301587301594,13.030410766601562,Moderate,Moderate,Moderate,#FFFF00
2025-05-19 23:30:00,"Zoo Park, Hyderabad - TSPCB",80.0,68.15759126984126,66.88301,11.842408730158738,13.116989135742188,Moderate,Moderate,Moderate,#FFFF00
2025-05-20 00:30:00,"Zoo Park, Hyderabad - TSPCB",84.0,68.52157936507936,69.60373,15.47842063492064,14.396270751953123,Moderate,Moderate,Moderate,#FFFF00
2025-05-20 01:30:00,"Zoo Park, Hyderabad - TSPCB",84.0,68.92191269841267,73.01184,15.078087301587331,10.9881591796875,Moderate,Moderate,Moderate,#FFFF00
2025-05-20 02:30:00,"Zoo Park, Hyderabad - TSPCB",500.0,500.0,499.45282,0.0,0.54718017578125,Severe,Severe,Severe,#8F3F97
2025-05-20 03:30:00,"Zoo Park, Hyderabad - TSPCB",90.0,84.45003174603171,74.63542,5.549968253968288,15.364578247070312,Moderate,Moderate,Moderate,#FFFF00
2025-05-20 04:30:00,"Zoo Park, Hyderabad - TSPCB",90.0,86.29718253968254,76.88643,3.702817460317462,13.113571166992188,Moderate,Moderate,Moderate,#FFFF00
2025-05-20 05:30:00,"Zoo Park, Hyderabad - TSPCB",94.0,79.17224206349205,90.87999,14.82775793650795,3.1200103759765625,Moderate,Moderate,Moderate,#FFFF00
2025-05-20 06:30:00,"Zoo Park, Hyderabad - TSPCB",92.0,80.75623412698413,85.819244,11.243765873015874,6.180755615234375,Moderate,Moderate,Moderate,#FFFF00
2025-05-20 07:30:00,"Zoo Park, Hyderabad - TSPCB",97.0,85.0491984126984,97.03873,11.950801587301598,0.038726806640625,Moderate,Moderate,Moderate,#FFFF00
2025-05-20 08:30:00,"Zoo Park, Hyderabad - TSPCB",99.0,91.51441666666663,101.20116,7.485583333333366,2.201156616210937,Moderate,Moderate,Poor,#FFFF00
2025-05-20 09:30:00,"Zoo Park, Hyderabad - TSPCB",97.0,85.81116269841272,97.04037,11.188837301587284,0.0403671264648437,Moderate,Moderate,Moderate,#FFFF00
2025-05-20 10:30:00,"Zoo Park, Hyderabad - TSPCB",92.0,75.7816468253968,79.72768,16.218353174603195,12.272323608398438,Moderate,Moderate,Moderate,#FFFF00
2025-05-20 11:30:00,"Zoo Park, Hyderabad - TSPCB",103.0,98.35970238095236,102.78884,4.6402976190476295,0.2111587524414062,Poor,Moderate,Poor,#FF7E00
2025-05-20 12:30:00,"Zoo Park, Hyderabad - TSPCB",120.0,117.20815476190477,116.64518,2.7918452380952345,3.354820251464844,Poor,Poor,Poor,#FF7E00
2025-05-20 13:30:00,"Zoo Park, Hyderabad - TSPCB",109.0,109.86343253968252,110.876915,0.8634325396825204,1.876914978027344,Poor,Poor,Poor,#FF7E00
2025-05-20 15:30:00,"Zoo Park, Hyderabad - TSPCB",97.0,83.8539246031746,95.770424,13.146075396825395,1.2295761108398438,Moderate,Moderate,Moderate,#FFFF00
2025-05-20 16:30:00,"Zoo Park, Hyderabad - TSPCB",88.0,74.28852777777776,78.35886,13.71147222222224,9.641143798828123,Moderate,Moderate,Moderate,#FFFF00
2025-05-20 17:30:00,"Zoo Park, Hyderabad - TSPCB",78.0,70.75287698412697,72.519554,7.247123015873029,5.480445861816406,Moderate,Moderate,Moderate,#FFFF00
2025-05-20 18:30:00,"Zoo Park, Hyderabad - TSPCB",74.0,67.09261507936507,69.45944,6.907384920634925,4.540557861328125,Moderate,Moderate,Moderate,#FFFF00
2025-05-20 19:30:00,"Zoo Park, Hyderabad - TSPCB",72.0,67.16516269841267,70.68128,4.834837301587328,1.3187179565429688,Moderate,Moderate,Moderate,#FFFF00
2025-05-20 20:30:00,"Zoo Park, Hyderabad - TSPCB",67.0,65.49106746031745,66.472145,1.5089325396825473,0.5278549194335938,Moderate,Moderate,Moderate,#FFFF00
2025-05-20 21:30:00,"Zoo Park, Hyderabad - TSPCB",61.0,62.22375793650794,60.49084,1.223757936507944,0.5091590881347656,Moderate,Moderate,Moderate,#FFFF00
2025-05-20 22:30:00,"Zoo Park, Hyderabad - TSPCB",61.0,60.03166378066379,60.44856,0.9683362193362086,0.5514411926269531,Moderate,Moderate,Moderate,#FFFF00
2025-05-20 23:30:00,"Zoo Park, Hyderabad - TSPCB",97.0,82.97848412698411,101.04535,14.021515873015886,4.04534912109375,Moderate,Moderate,Poor,#FFFF00
2025-05-21 00:30:00,"Zoo Park, Hyderabad - TSPCB",70.0,67.15560317460317,65.211365,2.844396825396828,4.78863525390625,Moderate,Moderate,Moderate,#FFFF00
2025-05-21 01:30:00,"Zoo Park, Hyderabad - TSPCB",74.0,67.82685317460317,68.79164,6.173146825396827,5.2083587646484375,Moderate,Moderate,Moderate,#FFFF00
2025-05-21 02:30:00,"Zoo Park, Hyderabad - TSPCB",78.0,67.36742460317458,68.86081,10.632575396825416,9.139190673828123,Moderate,Moderate,Moderate,#FFFF00
2025-05-21 03:30:00,"Zoo Park, Hyderabad - TSPCB",88.0,69.23161507936507,75.44755,18.76838492063493,12.552452087402344,Moderate,Moderate,Moderate,#FFFF00
2025-05-21 05:30:00,"Zoo Park, Hyderabad - TSPCB",99.0,87.79018650793648,96.7349,11.209813492063518,2.265098571777344,Moderate,Moderate,Moderate,#FFFF00
2025-05-21 06:30:00,"Zoo Park, Hyderabad - TSPCB",94.0,78.43622222222221,88.65983,15.563777777777789,5.340171813964844,Moderate,Moderate,Moderate,#FFFF00
2025-05-21 07:30:00,"Zoo Park, Hyderabad - TSPCB",500.0,500.0,499.9273,0.0,0.07269287109375,Severe,Severe,Severe,#8F3F97
2025-05-21 08:30:00,"Zoo Park, Hyderabad - TSPCB",98.0,86.28936904761903,94.79647,11.710630952380969,3.203529357910156,Moderate,Moderate,Moderate,#FFFF00
2025-05-21 09:30:00,"Zoo Park, Hyderabad - TSPCB",92.0,76.94170238095236,78.15385,15.058297619047636,13.846153259277344,Moderate,Moderate,Moderate,#FFFF00
2025-05-21 10:30:00,"Zoo Park, Hyderabad - TSPCB",190.0,182.92483730158727,184.04945,7.075162698412726,5.9505462646484375,Poor,Poor,Poor,#FF7E00
2025-05-21 11:30:00,"Zoo Park, Hyderabad - TSPCB",174.0,173.15984126984128,173.64961,0.8401587301587199,0.3503875732421875,Poor,Poor,Poor,#FF7E00
2025-05-21 12:30:00,"Zoo Park, Hyderabad - TSPCB",98.0,86.06850144300144,96.190445,11.931498556998562,1.8095550537109373,Moderate,Moderate,Moderate,#FFFF00
2025-05-21 13:30:00,"Zoo Park, Hyderabad - TSPCB",71.0,70.34981746031747,66.94106,0.6501825396825325,4.058937072753906,Moderate,Moderate,Moderate,#FFFF00
2025-05-21 15:30:00,"Zoo Park, Hyderabad - TSPCB",67.0,65.15257936507933,65.14219,1.8474206349206668,1.8578109741210935,Moderate,Moderate,Moderate,#FFFF00
2025-05-21 16:30:00,"Zoo Park, Hyderabad - TSPCB",60.0,61.8013261183261,60.57883,1.8013261183261022,0.5788307189941406,Moderate,Moderate,Moderate,#FFFF00
2025-05-21 17:30:00,"Zoo Park, Hyderabad - TSPCB",54.0,57.48333441558443,60.058243,3.48333441558443,6.0582427978515625,Moderate,Moderate,Moderate,#FFFF00
2025-05-21 18:30:00,"Zoo Park, Hyderabad - TSPCB",53.0,56.508179653679655,59.946404,3.5081796536796546,6.946403503417969,Moderate,Moderate,Moderate,#FFFF00
2025-05-21 19:30:00,"Zoo Park, Hyderabad - TSPCB",54.0,55.86980266955268,57.972843,1.8698026695526764,3.972843170166016,Moderate,Moderate,Moderate,#FFFF00
2025-05-21 20:30:00,"Zoo Park, Hyderabad - TSPCB",56.0,56.80311616161615,58.665516,0.8031161616161526,2.665515899658203,Moderate,Moderate,Moderate,#FFFF00
2025-05-21 21:30:00,"Zoo Park, Hyderabad - TSPCB",54.0,55.28472727272727,58.29838,1.2847272727272667,4.298381805419922,Moderate,Moderate,Moderate,#FFFF00
2025-05-21 22:30:00,"Zoo Park, Hyderabad - TSPCB",54.0,55.24264393939395,59.633472,1.2426439393939503,5.633472442626953,Moderate,Moderate,Moderate,#FFFF00
2025-05-21 23:30:00,"Zoo Park, Hyderabad - TSPCB",56.0,55.425393939393935,60.20532,0.5746060606060652,4.205318450927734,Moderate,Moderate,Moderate,#FFFF00
2025-05-22 00:30:00,"Zoo Park, Hyderabad - TSPCB",56.0,56.21946933621933,60.381916,0.2194693362193334,4.381916046142578,Moderate,Moderate,Moderate,#FFFF00
2025-05-22 01:30:00,"Zoo Park, Hyderabad - TSPCB",54.0,56.30850505050505,60.636543,2.3085050505050475,6.636543273925781,Moderate,Moderate,Moderate,#FFFF00
2025-05-22 02:30:00,"Zoo Park, Hyderabad - TSPCB",500.0,440.8469761904762,497.9575,59.1530238095238,2.042510986328125,Severe,Severe,Severe,#8F3F97
2025-05-22 03:30:00,"Zoo Park, Hyderabad - TSPCB",61.0,65.01089538239536,62.674706,4.010895382395361,1.6747055053710938,Moderate,Moderate,Moderate,#FFFF00
2025-05-22 04:30:00,"Zoo Park, Hyderabad - TSPCB",73.0,86.08408333333335,65.025986,13.084083333333352,7.974014282226562,Moderate,Moderate,Moderate,#FFFF00
2025-05-22 05:30:00,"Zoo Park, Hyderabad - TSPCB",83.0,69.46871031746032,75.94601,13.53128968253968,7.053993225097656,Moderate,Moderate,Moderate,#FFFF00
2025-05-22 06:30:00,"Zoo Park, Hyderabad - TSPCB",73.0,67.89216269841269,64.29345,5.10783730158731,8.706550598144531,Moderate,Moderate,Moderate,#FFFF00
2025-05-22 07:30:00,"Zoo Park, Hyderabad - TSPCB",67.0,63.88891269841269,63.825195,3.111087301587311,3.1748046875,Moderate,Moderate,Moderate,#FFFF00
2025-05-22 08:30:00,"Zoo Park, Hyderabad - TSPCB",66.0,62.35431746031746,61.30207,3.6456825396825394,4.697929382324219,Moderate,Moderate,Moderate,#FFFF00
2025-05-22 09:30:00,"Zoo Park, Hyderabad - TSPCB",70.0,62.40380952380952,63.649956,7.596190476190479,6.350044250488281,Moderate,Moderate,Moderate,#FFFF00
2025-05-22 10:30:00,"Zoo Park, Hyderabad - TSPCB",57.0,59.710392857142864,57.66561,2.710392857142864,0.6656112670898438,Moderate,Moderate,Moderate,#FFFF00
2025-05-22 11:30:00,"Zoo Park, Hyderabad - TSPCB",56.0,56.34126190476191,57.34407,0.3412619047619074,1.3440704345703125,Moderate,Moderate,Moderate,#FFFF00
2025-05-22 12:30:00,"Zoo Park, Hyderabad - TSPCB",56.0,56.23259523809524,57.695568,0.2325952380952358,1.6955680847167969,Moderate,Moderate,Moderate,#FFFF00
2025-05-22 13:30:00,"Zoo Park, Hyderabad - TSPCB",57.0,56.31884523809524,58.57786,0.6811547619047644,1.577861785888672,Moderate,Moderate,Moderate,#FFFF00
2025-05-22 14:30:00,"Zoo Park, Hyderabad - TSPCB",62.0,56.66315079365079,60.980938,5.336849206349207,1.019062042236328,Moderate,Moderate,Moderate,#FFFF00
2025-05-22 15:30:00,"Zoo Park, Hyderabad - TSPCB",60.0,56.68447222222223,59.726772,3.315527777777767,0.2732276916503906,Moderate,Moderate,Moderate,#FFFF00
2025-05-22 16:30:00,"Zoo Park, Hyderabad - TSPCB",60.0,56.50135317460318,59.3448,3.4986468253968184,0.6552009582519531,Moderate,Moderate,Moderate,#FFFF00
2025-05-22 17:30:00,"Zoo Park, Hyderabad - TSPCB",59.0,56.56816269841271,61.53561,2.4318373015872936,2.5356101989746094,Moderate,Moderate,Moderate,#FFFF00
2025-05-22 18:30:00,"Zoo Park, Hyderabad - TSPCB",53.0,55.73173412698413,59.171062,2.7317341269841293,6.171062469482422,Moderate,Moderate,Moderate,#FFFF00
2025-05-22 19:30:00,"Zoo Park, Hyderabad - TSPCB",500.0,441.25369047619046,497.52658,58.74630952380954,2.473419189453125,Severe,Severe,Severe,#8F3F97
2025-05-22 20:30:00,"Zoo Park, Hyderabad - TSPCB",61.0,66.09513347763347,59.79302,5.095133477633468,1.2069816589355469,Moderate,Moderate,Moderate,#FFFF00
2025-05-22 21:30:00,"Zoo Park, Hyderabad - TSPCB",60.0,68.84508585858585,60.51421,8.845085858585847,0.5142097473144531,Moderate,Moderate,Moderate,#FFFF00
2025-05-22 22:30:00,"Zoo Park, Hyderabad - TSPCB",57.0,56.44113888888888,58.83952,0.5588611111111206,1.8395195007324217,Moderate,Moderate,Moderate,#FFFF00
2025-05-22 23:30:00,"Zoo Park, Hyderabad - TSPCB",500.0,441.1419761904762,497.65283,58.858023809523786,2.34716796875,Severe,Severe,Severe,#8F3F97
2025-05-23 00:30:00,"Zoo Park, Hyderabad - TSPCB",58.0,65.3927525252525,59.68516,7.392752525252504,1.685161590576172,Moderate,Moderate,Moderate,#FFFF00
2025-05-23 01:30:00,"Zoo Park, Hyderabad - TSPCB",65.0,77.92500000000001,63.09049,12.925000000000011,1.9095115661621092,Moderate,Moderate,Moderate,#FFFF00
2025-05-23 02:30:00,"Zoo Park, Hyderabad - TSPCB",65.0,57.6296865079365,62.63655,7.370313492063502,2.3634490966796875,Moderate,Moderate,Moderate,#FFFF00
2025-05-23 03:30:00,"Zoo Park, Hyderabad - TSPCB",64.0,62.16528571428573,57.930862,1.83471428571427,6.069137573242188,Moderate,Moderate,Moderate,#FFFF00
2025-05-23 04:30:00,"Zoo Park, Hyderabad - TSPCB",71.0,62.71713492063492,63.556984,8.28286507936508,7.443016052246094,Moderate,Moderate,Moderate,#FFFF00
2025-05-23 05:30:00,"Zoo Park, Hyderabad - TSPCB",63.0,62.93388492063493,58.173454,0.0661150793650691,4.826545715332031,Moderate,Moderate,Moderate,#FFFF00
2025-05-23 06:30:00,"Zoo Park, Hyderabad - TSPCB",62.0,61.33150396825398,60.728798,0.6684960317460167,1.2712020874023438,Moderate,Moderate,Moderate,#FFFF00
2025-05-23 07:30:00,"Zoo Park, Hyderabad - TSPCB",500.0,489.85357142857146,499.67685,10.146428571428544,0.323150634765625,Severe,Severe,Severe,#8F3F97
2025-05-23 08:30:00,"Zoo Park, Hyderabad - TSPCB",64.0,76.80133333333332,56.71879,12.801333333333318,7.281211853027344,Moderate,Moderate,Moderate,#FFFF00
2025-05-23 09:30:00,"Zoo Park, Hyderabad - TSPCB",500.0,500.0,499.86844,0.0,0.131561279296875,Severe,Severe,Severe,#8F3F97
2025-05-23 10:30:00,"Zoo Park, Hyderabad - TSPCB",62.0,75.20685714285713,59.48422,13.206857142857132,2.51578140258789,Moderate,Moderate,Moderate,#FFFF00
2025-05-23 11:30:00,"Zoo Park, Hyderabad - TSPCB",62.0,76.41822619047619,58.703735,14.41822619047619,3.2962646484375,Moderate,Moderate,Moderate,#FFFF00
2025-05-23 12:30:00,"Zoo Park, Hyderabad - TSPCB",66.0,58.82898809523811,56.970516,7.17101190476189,9.029483795166016,Moderate,Moderate,Moderate,#FFFF00
2025-05-23 13:30:00,"Zoo Park, Hyderabad - TSPCB",76.0,65.90368253968256,63.772625,10.096317460317437,12.227375030517578,Moderate,Moderate,Moderate,#FFFF00
2025-05-23 14:30:00,"Zoo Park, Hyderabad - TSPCB",96.0,77.37215476190475,87.1696,18.627845238095247,8.830398559570312,Moderate,Moderate,Moderate,#FFFF00
2025-05-23 15:30:00,"Zoo Park, Hyderabad - TSPCB",88.0,72.09029365079363,72.050186,15.909706349206374,15.949813842773438,Moderate,Moderate,Moderate,#FFFF00
2025-05-23 16:30:00,"Zoo Park, Hyderabad - TSPCB",68.0,66.42407936507935,58.024433,1.5759206349206494,9.975566864013672,Moderate,Moderate,Moderate,#FFFF00
2025-05-23 17:30:00,"Zoo Park, Hyderabad - TSPCB",60.0,61.36250793650794,58.634605,1.3625079365079389,1.3653945922851562,Moderate,Moderate,Moderate,#FFFF00
2025-05-23 18:30:00,"Zoo Park, Hyderabad - TSPCB",69.0,63.87316269841273,56.71576,5.126837301587273,12.28424072265625,Moderate,Moderate,Moderate,#FFFF00
2025-05-23 19:30:00,"Zoo Park, Hyderabad - TSPCB",64.0,60.960595238095244,54.866272,3.0394047619047555,9.13372802734375,Moderate,Moderate,Moderate,#FFFF00
2025-05-23 20:30:00,"Zoo Park, Hyderabad - TSPCB",58.0,57.60906746031746,58.52059,0.390932539682538,0.5205917358398438,Moderate,Moderate,Moderate,#FFFF00
2025-05-23 21:30:00,"Zoo Park, Hyderabad - TSPCB",56.0,56.18546031746031,56.798286,0.1854603174603113,0.7982864379882812,Moderate,Moderate,Moderate,#FFFF00
2025-05-23 22:30:00,"Zoo Park, Hyderabad - TSPCB",60.0,56.80012698412698,57.58545,3.199873015873017,2.41455078125,Moderate,Moderate,Moderate,#FFFF00
2025-05-23 23:30:00,"Zoo Park, Hyderabad - TSPCB",60.0,57.01025793650794,58.563858,2.9897420634920597,1.4361419677734375,Moderate,Moderate,Moderate,#FFFF00
2025-05-24 00:30:00,"Zoo Park, Hyderabad - TSPCB",58.0,56.71259126984126,57.426994,1.287408730158738,0.5730056762695312,Moderate,Moderate,Moderate,#FFFF00
2025-05-24 01:30:00,"Zoo Park, Hyderabad - TSPCB",72.0,58.93399603174602,66.6502,13.06600396825398,5.349800109863281,Moderate,Moderate,Moderate,#FFFF00
2025-05-24 02:30:00,"Zoo Park, Hyderabad - TSPCB",93.0,78.58185714285715,98.31822,14.418142857142854,5.3182220458984375,Moderate,Moderate,Moderate,#FFFF00
2025-05-24 03:30:00,"Zoo Park, Hyderabad - TSPCB",80.0,70.3248041125541,73.526276,9.675195887445897,6.473724365234375,Moderate,Moderate,Moderate,#FFFF00
2025-05-24 04:30:00,"Zoo Park, Hyderabad - TSPCB",70.0,64.86441666666667,63.69671,5.135583333333329,6.303291320800781,Moderate,Moderate,Moderate,#FFFF00
2025-05-24 05:30:00,"Zoo Park, Hyderabad - TSPCB",70.0,66.51334523809525,62.456875,3.486654761904745,7.543125152587891,Moderate,Moderate,Moderate,#FFFF00
2025-05-24 06:30:00,"Zoo Park, Hyderabad - TSPCB",68.0,64.5249126984127,58.78099,3.475087301587294,9.219009399414062,Moderate,Moderate,Moderate,#FFFF00
2025-05-24 07:30:00,"Zoo Park, Hyderabad - TSPCB",66.0,63.95976984126985,57.920914,2.0402301587301466,8.079086303710938,Moderate,Moderate,Moderate,#FFFF00
2025-05-24 08:30:00,"Zoo Park, Hyderabad - TSPCB",500.0,498.135,499.77042,1.865000000000009,0.229583740234375,Severe,Severe,Severe,#8F3F97
2025-05-24 09:30:00,"Zoo Park, Hyderabad - TSPCB",66.0,78.04448809523808,59.836082,12.04448809523808,6.163917541503906,Moderate,Moderate,Moderate,#FFFF00
2025-05-24 10:30:00,"Zoo Park, Hyderabad - TSPCB",76.0,84.46194444444446,63.66401,8.461944444444455,12.33599090576172,Moderate,Moderate,Moderate,#FFFF00
2025-05-24 11:30:00,"Zoo Park, Hyderabad - TSPCB",76.0,66.8372261904762,64.93685,9.1627738095238,11.063148498535156,Moderate,Moderate,Moderate,#FFFF00
2025-05-24 12:30:00,"Zoo Park, Hyderabad - TSPCB",89.0,74.72158333333333,80.82162,14.278416666666672,8.178382873535156,Moderate,Moderate,Moderate,#FFFF00
2025-05-24 13:30:00,"Zoo Park, Hyderabad - TSPCB",67.0,65.86067857142856,59.703144,1.139321428571435,7.296855926513672,Moderate,Moderate,Moderate,#FFFF00
2025-05-24 14:30:00,"Zoo Park, Hyderabad - TSPCB",56.0,62.03641666666667,59.09923,6.036416666666668,3.099231719970703,Moderate,Moderate,Moderate,#FFFF00
2025-05-24 15:30:00,"Zoo Park, Hyderabad - TSPCB",60.0,57.29919047619048,58.08448,2.700809523809518,1.9155197143554688,Moderate,Moderate,Moderate,#FFFF00
2025-05-24 16:30:00,"Zoo Park, Hyderabad - TSPCB",62.0,57.163099206349216,57.27459,4.836900793650784,4.725410461425781,Moderate,Moderate,Moderate,#FFFF00
2025-05-24 17:30:00,"Zoo Park, Hyderabad - TSPCB",63.0,57.31312301587302,55.78734,5.686876984126982,7.2126617431640625,Moderate,Moderate,Moderate,#FFFF00
2025-05-24 18:30:00,"Zoo Park, Hyderabad - TSPCB",60.0,56.5096626984127,57.985374,3.490337301587303,2.0146255493164062,Moderate,Moderate,Moderate,#FFFF00
2025-05-24 19:30:00,"Zoo Park, Hyderabad - TSPCB",63.0,57.44328968253969,56.2331,5.556710317460308,6.766899108886719,Moderate,Moderate,Moderate,#FFFF00
2025-05-24 20:30:00,"Zoo Park, Hyderabad - TSPCB",63.0,57.77917857142857,57.67704,5.220821428571433,5.322959899902344,Moderate,Moderate,Moderate,#FFFF00
2025-05-24 21:30:00,"Zoo Park, Hyderabad - TSPCB",61.0,57.2649484126984,60.11647,3.735051587301598,0.8835296630859375,Moderate,Moderate,Moderate,#FFFF00
2025-05-24 22:30:00,"Zoo Park, Hyderabad - TSPCB",60.0,56.821615079365095,60.072697,3.1783849206349046,0.0726966857910156,Moderate,Moderate,Moderate,#FFFF00
2025-05-24 23:30:00,"Zoo Park, Hyderabad - TSPCB",58.0,56.76086507936508,59.44846,1.2391349206349176,1.4484596252441406,Moderate,Moderate,Moderate,#FFFF00
2025-05-25 00:30:00,"Zoo Park, Hyderabad - TSPCB",59.0,56.75703174603174,61.448555,2.2429682539682574,2.448554992675781,Moderate,Moderate,Moderate,#FFFF00
2025-05-25 01:30:00,"Zoo Park, Hyderabad - TSPCB",63.0,56.70748412698412,61.07269,6.29251587301588,1.927310943603516,Moderate,Moderate,Moderate,#FFFF00
2025-05-25 02:30:00,"Zoo Park, Hyderabad - TSPCB",86.0,69.59880303030302,83.656166,16.401196969696983,2.343833923339844,Moderate,Moderate,Moderate,#FFFF00
2025-05-25 03:30:00,"Zoo Park, Hyderabad - TSPCB",70.0,63.57970779220777,64.63237,6.4202922077922295,5.3676300048828125,Moderate,Moderate,Moderate,#FFFF00
2025-05-25 04:30:00,"Zoo Park, Hyderabad - TSPCB",67.0,63.00208874458874,63.01379,3.997911255411261,3.9862098693847656,Moderate,Moderate,Moderate,#FFFF00
2025-05-25 05:30:00,"Zoo Park, Hyderabad - TSPCB",60.0,60.81132683982682,59.85953,0.811326839826819,0.1404685974121093,Moderate,Moderate,Moderate,#FFFF00
2025-05-25 06:30:00,"Zoo Park, Hyderabad - TSPCB",62.0,56.99328174603174,60.30672,5.006718253968259,1.693279266357422,Moderate,Moderate,Moderate,#FFFF00
2025-05-25 07:30:00,"Zoo Park, Hyderabad - TSPCB",22.0,54.79106746031746,60.160427,32.79106746031746,38.16042709350586,Good,Moderate,Moderate,#00E400
2025-05-25 08:30:00,"Zoo Park, Hyderabad - TSPCB",24.0,54.92273412698412,59.6973,30.92273412698412,35.69729995727539,Good,Moderate,Moderate,#00E400
2025-05-25 09:30:00,"Zoo Park, Hyderabad - TSPCB",24.0,54.85773412698413,59.967266,30.857734126984127,35.96726608276367,Good,Moderate,Moderate,#00E400
2025-05-25 10:30:00,"Zoo Park, Hyderabad - TSPCB",25.0,55.24631746031746,59.8968,30.246317460317456,34.89680099487305,Good,Moderate,Moderate,#00E400
2025-05-25 11:30:00,"Zoo Park, Hyderabad - TSPCB",24.0,55.16131746031746,59.903347,31.161317460317463,35.90334701538086,Good,Moderate,Moderate,#00E400
2025-05-26 11:30:00,"Zoo Park, Hyderabad - TSPCB",40.0,55.312436507936496,60.499474,15.312436507936496,20.499473571777344,Good,Moderate,Moderate,#00E400
2025-05-26 12:30:00,"Zoo Park, Hyderabad - TSPCB",27.0,54.797734126984125,60.492973,27.797734126984125,33.49297332763672,Good,Moderate,Moderate,#00E400
2025-05-26 13:30:00,"Zoo Park, Hyderabad - TSPCB",23.0,54.761067460317456,60.933716,31.761067460317456,37.9337158203125,Good,Moderate,Moderate,#00E400
2025-05-26 14:30:00,"Zoo Park, Hyderabad - TSPCB",23.0,54.761067460317456,61.15442,31.761067460317456,38.1544189453125,Good,Moderate,Moderate,#00E400
2025-05-26 15:30:00,"Zoo Park, Hyderabad - TSPCB",23.0,54.761067460317456,60.6677,31.761067460317456,37.667701721191406,Good,Moderate,Moderate,#00E400
2025-05-26 16:30:00,"Zoo Park, Hyderabad - TSPCB",23.0,54.761067460317456,60.522324,31.761067460317456,37.52232360839844,Good,Moderate,Moderate,#00E400
2025-05-26 17:30:00,"Zoo Park, Hyderabad - TSPCB",23.0,54.3524007936508,59.538967,31.352400793650794,36.53896713256836,Good,Moderate,Moderate,#00E400
2025-05-26 18:30:00,"Zoo Park, Hyderabad - TSPCB",23.0,54.61823412698413,59.52148,31.618234126984127,36.521480560302734,Good,Moderate,Moderate,#00E400
2025-05-26 19:30:00,"Zoo Park, Hyderabad - TSPCB",24.0,54.61823412698413,60.523495,30.618234126984127,36.52349472045898,Good,Moderate,Moderate,#00E400
2025-05-26 20:30:00,"Zoo Park, Hyderabad - TSPCB",22.0,54.64556746031746,60.6677,32.64556746031746,38.667701721191406,Good,Moderate,Moderate,#00E400
2025-05-26 21:30:00,"Zoo Park, Hyderabad - TSPCB",22.0,54.5339007936508,60.6677,32.533900793650794,38.667701721191406,Good,Moderate,Moderate,#00E400
2025-05-26 22:30:00,"Zoo Park, Hyderabad - TSPCB",22.0,54.5339007936508,60.6677,32.533900793650794,38.667701721191406,Good,Moderate,Moderate,#00E400
2025-05-26 23:30:00,"Zoo Park, Hyderabad - TSPCB",23.0,54.60461507936508,60.993355,31.604615079365075,37.99335479736328,Good,Moderate,Moderate,#00E400
2025-05-27 00:30:00,"Zoo Park, Hyderabad - TSPCB",23.0,54.4939007936508,60.767685,31.493900793650795,37.76768493652344,Good,Moderate,Moderate,#00E400
2025-05-27 01:30:00,"Zoo Park, Hyderabad - TSPCB",23.0,54.71315079365079,60.804825,31.71315079365079,37.80482482910156,Good,Moderate,Moderate,#00E400
2025-05-27 02:30:00,"Zoo Park, Hyderabad - TSPCB",23.0,54.54431746031746,60.62989,31.54431746031746,37.62989044189453,Good,Moderate,Moderate,#00E400
2025-05-27 03:30:00,"Zoo Park, Hyderabad - TSPCB",22.0,54.4939007936508,60.636986,32.493900793650795,38.636985778808594,Good,Moderate,Moderate,#00E400
2025-05-27 04:30:00,"Zoo Park, Hyderabad - TSPCB",24.0,54.57890079365079,60.782364,30.57890079365079,36.78236389160156,Good,Moderate,Moderate,#00E400
2025-05-27 05:30:00,"Zoo Park, Hyderabad - TSPCB",27.0,54.57890079365079,60.835022,27.57890079365079,33.83502197265625,Good,Moderate,Moderate,#00E400
2025-05-27 07:30:00,"Zoo Park, Hyderabad - TSPCB",21.0,54.40856746031746,60.63953,33.408567460317464,39.639530181884766,Good,Moderate,Moderate,#00E400
2025-05-27 08:30:00,"Zoo Park, Hyderabad - TSPCB",23.0,54.40856746031746,60.63953,31.408567460317464,37.639530181884766,Good,Moderate,Moderate,#00E400
2025-05-27 09:30:00,"Zoo Park, Hyderabad - TSPCB",23.0,54.44856746031746,60.63953,31.448567460317463,37.639530181884766,Good,Moderate,Moderate,#00E400
2025-05-27 10:30:00,"Zoo Park, Hyderabad - TSPCB",25.0,54.6189007936508,60.700397,29.618900793650795,35.70039749145508,Good,Moderate,Moderate,#00E400
2025-05-27 11:30:00,"Zoo Park, Hyderabad - TSPCB",22.0,54.5339007936508,60.64774,32.533900793650794,38.64773941040039,Good,Moderate,Moderate,#00E400
2025-05-27 12:30:00,"Zoo Park, Hyderabad - TSPCB",23.0,54.5339007936508,60.64774,31.533900793650798,37.64773941040039,Good,Moderate,Moderate,#00E400
2025-05-27 13:30:00,"Zoo Park, Hyderabad - TSPCB",23.0,54.5339007936508,60.677082,31.533900793650798,37.67708206176758,Good,Moderate,Moderate,#00E400
2025-05-27 14:30:00,"Zoo Park, Hyderabad - TSPCB",23.0,54.5339007936508,60.677082,31.533900793650798,37.67708206176758,Good,Moderate,Moderate,#00E400
2025-05-27 15:30:00,"Zoo Park, Hyderabad - TSPCB",23.0,54.5339007936508,60.677082,31.533900793650798,37.67708206176758,Good,Moderate,Moderate,#00E400
2025-05-27 16:30:00,"Zoo Park, Hyderabad - TSPCB",23.0,54.5339007936508,60.677082,31.533900793650798,37.67708206176758,Good,Moderate,Moderate,#00E400
2025-05-27 17:30:00,"Zoo Park, Hyderabad - TSPCB",23.0,54.44856746031746,60.668873,31.448567460317463,37.66887283325195,Good,Moderate,Moderate,#00E400
2025-05-27 18:30:00,"Zoo Park, Hyderabad - TSPCB",23.0,54.44856746031746,60.668873,31.448567460317463,37.66887283325195,Good,Moderate,Moderate,#00E400
2025-05-27 19:30:00,"Zoo Park, Hyderabad - TSPCB",23.0,54.44856746031746,60.668873,31.448567460317463,37.66887283325195,Good,Moderate,Moderate,#00E400
2025-05-27 20:30:00,"Zoo Park, Hyderabad - TSPCB",23.0,54.5339007936508,60.677082,31.533900793650798,37.67708206176758,Good,Moderate,Moderate,#00E400
2025-05-27 21:30:00,"Zoo Park, Hyderabad - TSPCB",23.0,54.5339007936508,60.677082,31.533900793650798,37.67708206176758,Good,Moderate,Moderate,#00E400
2025-05-27 22:30:00,"Zoo Park, Hyderabad - TSPCB",22.0,54.5339007936508,60.677082,32.533900793650794,38.67708206176758,Good,Moderate,Moderate,#00E400
2025-05-27 23:30:00,"Zoo Park, Hyderabad - TSPCB",23.0,54.5339007936508,60.677082,31.533900793650798,37.67708206176758,Good,Moderate,Moderate,#00E400
2025-05-28 09:30:00,"Zoo Park, Hyderabad - TSPCB",22.0,54.44856746031746,60.63953,32.44856746031746,38.639530181884766,Good,Moderate,Moderate,#00E400
2025-05-28 10:30:00,"Zoo Park, Hyderabad - TSPCB",26.0,54.6189007936508,60.700397,28.618900793650795,34.70039749145508,Good,Moderate,Moderate,#00E400
2025-05-28 11:30:00,"Zoo Park, Hyderabad - TSPCB",22.0,54.5339007936508,60.64774,32.533900793650794,38.64773941040039,Good,Moderate,Moderate,#00E400
2025-05-28 12:30:00,"Zoo Park, Hyderabad - TSPCB",22.0,54.5339007936508,60.64774,32.533900793650794,38.64773941040039,Good,Moderate,Moderate,#00E400
2025-05-28 13:30:00,"Zoo Park, Hyderabad - TSPCB",23.0,54.5339007936508,60.677082,31.533900793650798,37.67708206176758,Good,Moderate,Moderate,#00E400
2025-05-28 14:30:00,"Zoo Park, Hyderabad - TSPCB",23.0,54.5339007936508,60.677082,31.533900793650798,37.67708206176758,Good,Moderate,Moderate,#00E400
2025-05-28 15:30:00,"Zoo Park, Hyderabad - TSPCB",23.0,54.5339007936508,60.677082,31.533900793650798,37.67708206176758,Good,Moderate,Moderate,#00E400
2025-05-28 16:30:00,"Zoo Park, Hyderabad - TSPCB",23.0,54.5339007936508,60.677082,31.533900793650798,37.67708206176758,Good,Moderate,Moderate,#00E400
2025-05-28 17:30:00,"Zoo Park, Hyderabad - TSPCB",23.0,54.44856746031746,60.668873,31.448567460317463,37.66887283325195,Good,Moderate,Moderate,#00E400
2025-05-28 18:30:00,"Zoo Park, Hyderabad - TSPCB",23.0,54.44856746031746,60.668873,31.448567460317463,37.66887283325195,Good,Moderate,Moderate,#00E400
2025-05-28 19:30:00,"Zoo Park, Hyderabad - TSPCB",23.0,54.44856746031746,60.668873,31.448567460317463,37.66887283325195,Good,Moderate,Moderate,#00E400
2025-05-28 20:30:00,"Zoo Park, Hyderabad - TSPCB",23.0,54.5339007936508,60.677082,31.533900793650798,37.67708206176758,Good,Moderate,Moderate,#00E400
2025-05-28 21:30:00,"Zoo Park, Hyderabad - TSPCB",22.0,54.5339007936508,60.677082,32.533900793650794,38.67708206176758,Good,Moderate,Moderate,#00E400
2025-05-28 22:30:00,"Zoo Park, Hyderabad - TSPCB",23.0,54.5339007936508,60.677082,31.533900793650798,37.67708206176758,Good,Moderate,Moderate,#00E400
2025-05-28 23:30:00,"Zoo Park, Hyderabad - TSPCB",23.0,54.5339007936508,60.677082,31.533900793650798,37.67708206176758,Good,Moderate,Moderate,#00E400
